Company;Position;Rate;ApplicationDate;Status;StatusDate;Comment;Link
Skillable; Senior Backend Engineer - SQL and C#; 130-150k; 2/9/26;Open; 2/9/26;; https://www.glassdoor.com/job-listing/senior-backend-engineer-sql-and-c-skillable-JV_KO0,33_KE34,43.htm?jl=1010015744665&utm_source=jobalert&utm_medium=email&utm_term=jatimepostedcontrol&utm_content=ja-jobpos6-age10d-1010015744665&utm_campaign=jobAlertAlert&tgt=GD_JOB_VIEW&src=GD_JOB_AD&uido=7A57A36BECDA9E413E76BB41CD0D8A0B&ao=1136043&jrtk=5-yul1-0-1jh262ohuljdk800-70b80405077b6333&cs=1_6b2cb567&s=224&t=JA&pos=106&ja=380629936&guid=0000019c43fef5de8b51cbbda3de6309&jobListingId=1010015744665&vt=e&cb=1770673759237&ctt=1770673866919&srs=EMAIL_JOB_ALERT&gdir=1
Fanatics; Staff Software Engineer; 144-282k; 2/9/26;Open; 2/9/26;;  https://www.linkedin.com/jobs/view/4307261676/?trackingId=S2Ul3tFSY2dFoQ9Bs%2BSLyw%3D%3D&refId=ZSuvouAjUh4wvz7o28QBTw%3D%3D&midToken=AQE_3XQkBAKpjA&midSig=0KFHhmN4Bvjc81&trk=eml-email_job_alert_digest_01-primary_job_list-0-jobcard_body_14583149764&trkEmail=eml-email_job_alert_digest_01-primary_job_list-0-jobcard_body_14583149764-null-mw6pip~mlf88wcg~cx-null-null&eid=mw6pip-mlf88wcg-cx&otpToken=MTMwNjE2ZTQxMTJmY2ZjMWJkMmQwZmViNDExOWU3YjI4YmNiZDA0Nzk5YTk4ZjYyN2JkYTAyNmU0ODVlNTlmMGZlZDRkY2ViMThlZGUzZjA0NTlkZjNiYjBmNjE4OWM0NTQwZTAxODIyNWI1YWNlYjJkMTQ2ZDlhZGQsMSwx
Zillion Technologies; Lead C# .NET Developer; ; 2/9/26;Open; 2/9/26;;https://www.dice.com/job-detail/ce563e4b-b5b5-40a4-ad36-7c05265cae3f?filters.postedDate=ONE&filters.workplaceTypes=Remote&q=.net
Stand 8 Technology Consulting; Mid-Level .NET Software Engineer; 95-120k; 2/10/26;Open; 2/10/26;; https://www.linkedin.com/jobs/view/4365087357/?trackingId=1%2BGpBkmcRRC%2FdQxdoQ%2FoSA%3D%3D&refId=8nqKyG%2FRRdylhyFBNFQ93Q%3D%3D&eBP=CwEAAAGcP_TTMUm-3mETHkCbsBiQaYZSoQ-cp0-5jdt3e8_LE2ttS-bRS_jkSNa-v9S-0spUz88mhNm2anM7QxAu_qk7znIQ-dXDopFvFUnxYqtW_aKlD_-BwXwrpCYurRbXhq84bLOGr899Gk88-O80_HltcMN8G6ZQ4KHnRJaupn9aL19bpSE2Z6oHaULSLDCJIUSikY9asZUCONu-GVgx0cDU1Rz0DWEEbvzcgxUc9Y1z0GfloYkcqvDbkQIFDitqQKbi_C-AJamH_cNNKuMfRKIg63o2Gb1Cl3EweQqX7g-lNC7tXnZZ6iU2KE_F3ebfa1CwMjOsbTqk2KhiwTbzit3dS69-DnqWnQXA8o8S-SLFLiGSKLXhpF6SQzCgQub8Anf9TeBbvT-km1VA2dK4FKC1P_eu6MLsK4OMZhz51nwc2r2lpS6-o-cWMt21gi6m1ZIF9R5Yee3N6gEcgNA&midToken=AQE_3XQkBAKpjA&midSig=3ePreRJu6QjI81&trk=eml-jobs_jymbii_digest-job_card-0-jobcard_body_4365087357&trkEmail=eml-jobs_jymbii_digest-job_card-0-jobcard_body_4365087357-null-mw6pip~mlftohv2~99-null-null&eid=mw6pip-mlftohv2-99&otpToken=MTMwNjE2ZTQxMTJmY2ZjMWJkMmQwZmViNDExOWU3YjI4N2NlZDk0Mzk5YTg4ZjY5N2JkYTAyNmU0ODVlNTlmMGZlZDRkY2ViMThlM2U0ZjY2NDgxZTk4MjBlM2NlZjgzYjc2Nzc4ZWZkNmUyODhjODc1YTJkYzk0OTksMSwx
Odyssey Information Services; Software Engineer (C#); +145k;2/10/26;Open;2/10/26;; https://www.linkedin.com/jobs/view/4321361169/?trackingId=Q79RrQHOSf%2BorvQvc3TGGg%3D%3D&refId=aQxuvR0sSaGwqnCZALv9mQ%3D%3D&eBP=CwEAAAGcP_TTMYi-ILlevqsjZURvV1tjqJBKO2xfrI11vJLcs2MFJuTCYQ8n2djHVypPaAa7Yz92iM2mbBXZaeN-oIUfWtpF-e9ZPg1ZBKiz_Zn9AnZ5TPTw8V5F3nbLrbzLwPjpYZMMBWon1lvDPabhGOojNTOlkD4b7PA55bKMWJ1Bg3BoAjUHQxgguaMhQbf3-juxMP2dA3JJTZRcDbERCAOq829tLGFOADcEDq4TelIk5LCzi5gblNUWdEkI_X0KaIib_ruklA8Ro8u6b2Rf6P_-Zqke1HEtRVcdQIcn45sOIHBs6yBm1mchRgDUqt37NYr5bVlODwHTZqPDYEmKrlXDpec6xQyTds8wBCMaNn0gX_4ZBnOt2ZkFGj6cZd5TApct5Rym_dOtZQZBYoyrWelub498KO8QVg9cvO8lhqf_XRrowdh8k30kMDawfIcXd1Kf7xZQq2PN-fNU3bM&midToken=AQE_3XQkBAKpjA&midSig=3ePreRJu6QjI81&trk=eml-jobs_jymbii_digest-job_card-0-jobcard_body_4321361169&trkEmail=eml-jobs_jymbii_digest-job_card-0-jobcard_body_4321361169-null-mw6pip~mlftohv2~99-null-null&eid=mw6pip-mlftohv2-99&otpToken=MTMwNjE2ZTQxMTJmY2ZjMWJkMmQwZmViNDExOWU3YjI4N2NlZDk0Mzk5YTg4ZjY5N2JkYTAyNmU0ODVlNTlmMGZlZDRkY2ViMThlM2U0ZjY2NDgxZTk4MjBlM2NlZjgzYjc2Nzc4ZWZkNmUyODhjODc1YTJkYzk0OTksMSwx
7Seventy Recruiting (Reveler?); Software Engineer; 67.30-81.70/hr; 2/10/26;Open; 2/10/26;; https://www.linkedin.com/jobs/view/4361788661/?trackingId=25ZK5IrT6hWGWXGew45I%2Bg%3D%3D&refId=gmTHcLJ18ecp7LloEyrTAw%3D%3D&midToken=AQE_3XQkBAKpjA&midSig=3T6zNCfi9QkI81&trk=eml-email_job_alert_digest_01-primary_job_list-0-jobcard_body_14583149764&trkEmail=eml-email_job_alert_digest_01-primary_job_list-0-jobcard_body_14583149764-null-mw6pip~mlgrz240~3c-null-null&eid=mw6pip-mlgrz240-3c&otpToken=MTMwNjE2ZTQxMTJmY2ZjMWJkMmQwZmViNDExOWU3YjM4Y2M2ZDU0MjlhYWM4NzZhN2JkYTAyNmU0ODVlNTlmMGZlZDRkY2ViMThmN2VkODU0MTk4ZGU4NjM5Zjc1NDAxYzUwMjVkZDYzZjNmZTFjYmMxNGE4ZWVkYmQsMSwx
Centurion; Azure API Developer; 110-120k; 2/11/26;Open; 2/11/26;; https://www.linkedin.com/jobs/view/4371046177/
Keena Healthcare Technology; Senior Software Engineer; 111-142k; 2/11/26;Open; 2/11/26;; https://www.linkedin.com/jobs/view/4371013220/
NTT Data, Plano TX; Senior .NET Application Modernization Engineer; 46-65/hr; 2/11/26;Open; 2/11/26;; https://www.indeed.com/viewjob?jk=6d5e338e09475820
Spechify; Senior Software Engineer, Windows/Desktop Applications Miami, USA; 140-200k; 2/11/26;Open; 2/11/26;; https://boards.greenhouse.io/embed/job_app?token=5726747004&utm_source=jobright
PrecisionCare Software; Software Developer;  ; 2/11/26; Rejected; 3/11/26;; https://www.linkedin.com/jobs/view/4371141374/
Mastek; Pass .Net 8 Developer;  ; 2/11/26;Open; 2/11/26;; https://www.linkedin.com/jobs/view/4363037494/
Refulgent Technologies Inc.; Senior Application Software Developer; ; 2/11/26;Open; 2/11/26;; https://www.dice.com/job-detail/876cd54e-068c-4caf-a9d6-07f709a98922?utm_source=iterable&utm_medium=email&utm_campaign=6582207&utm_content=apply_nowhiring&%243p=e_iterable&_branch_match_id=1534279828681668966&_branch_referrer=H4sIAAAAAAAAAzWP3WqEMBCFnyZ75w%2BJG7UgpeyyrxFiMmra%2FDFGQm%2F67I3Cwlyc8w1zDrOlFPePptFGQS1jrK3xPw2Ln4R2LE4gTAKUs4VbAQHNary04kA7beclYV%2BEvsrknOsrQwVX7HeYKw1JGlvM0HOl7x1ULR9U1Sm5VHLUvGr7pW9HOQ4jpYS9juTEHg5UQNjzXUsoP7kDbQ5XOLgr84JKuijN6gvm94HStn8vgk%2FgU%2BHlI%2FsrfMibQePX2x%2FCAnhKMWPIO%2BD02DA4%2BAdxbP%2FSCAEAAA%3D%3D
Dunhill Professional Search & Government Solutions; .NET Developer; 100-133k; 2/11/26;Open; 2/11/26;; https://www.linkedin.com/jobs/view/4371043435/
LingaTech; Dotnet Developer; ; 2/11/26;Open; 2/11/26;; https://jobright.ai/jobs/info/698bed6d06d9b06224962131?utm_source=1025&imp_id=3673496432511879909__digest_job_alert__1770834848315_3720&utm_medium=email
Bright Vision Technologies; Dot Net Developer; ; 2/11/26; Rejected; 3/11/26;Insists on being willing to relocate, but listed as remote!!  Also, position is only for H1B; https://jobright.ai/jobs/info/698c0ac90f6f7e7a2ce79b4a?utm_source=1025&imp_id=3673496432511879909__digest_job_alert__1770834848315_3720&utm_medium=email
Acumenz Consulting; Fulltime Position for .NET Software Engineer with 8-10 years Exp in Healthcare Domain; ; 2/11/26;Open; 2/11/26;; https://www.linkedin.com/jobs/view/4371427733/
SmartPlace (Columbus OH); .Net Developer; ; 2/11/26;Open; 2/11/26;; https://www.ziprecruiter.com/jobs/a/b?lk=TDqTeOZ3hip6vVSZGgP0cQ&tsid=111000153
Ryde Technologies, LLC; .NET Developer;48-63/hr; 2/12/26;Open; 3/12/2026;; https://www.ziprecruiter.com/jobs/a/b?lk=HXd5bz-QJjtbc_eOLEp_Ow&tsid=111000153
Patriot Talent Solutions; Helpdesk Technician; ; 2/12/26;Open; 3/12/2026;; https://patriottalent.my.salesforce-sites.com/FCMS__CMSLayout?jobIds=a0yUR00000IwUOLYA3&page=JobDetailPage&sessionId=&jobSite=default&p=Candidate&source=
Patriot Talent Solutions; Coordinator, Fleet Maintenance; ; 2/12/26;Open; 3/12/2026;; https://patriottalent.my.salesforce-sites.com/FCMS__CMSLayout?jobIds=a0yUR00000JB54fYAD&page=JobDetailPage&sessionId=&jobSite=default&p=Candidate&source=
Da Vinci Software; .Net Developer; ; 2/12/26;Open; 3/12/2026;; https://www.indeed.com/viewjob?jk=433951d80f332e70&tk=1jh7f4uf8g2al8ji&from=serp&vjs=3
Choose; Fullstack Developer; ; 2/12/26; Rejected; 3/12/2026;; https://www.indeed.com/viewjob?jk=f792c705fdc7a11c&tk=1jh7epodagljn800&from=serp&vjs=3
WCG; Principal Software Engineer (Remote); 110-171k; 2/12/26;Open; 3/12/2026;; https://www.indeed.com/viewjob?jk=3de3b39516c2d2bd&tk=1jh7epodagljn800&from=serp&vjs=3
Neo Prism Solutions, LLC; .Net Backend Developer; ; 2/12/26;Open; 3/12/2026;; https://www.dice.com/job-detail/96491103-cd0f-4b2f-b475-e9d4cfa096e8?filters.postedDate=ONE&filters.workplaceTypes=Remote&page=2&q=.net
Skysoft Inc; Senior Develope3er .NET SQL; ; 2/12/26;Open; 3/12/2026;; https://www.dice.com/job-detail/cafc206e-9ec2-48e0-bc19-1f07cdf8ec3f?filters.postedDate=ONE&filters.workplaceTypes=Remote&q=.net
GSK Solutions Inc; .Net Developer (Remote); ; 2/12/26;Open; 3/12/2026;; https://www.dice.com/job-detail/517c759f-c64a-4646-834d-b8fa87c2dcaa?filters.postedDate=ONE&filters.workplaceTypes=Remote&q=.net
y&l Consulting Inc; Lead .NET Developer; ; 2/12/26;Open; 3/12/2026;; https://www.dice.com/job-detail/c552bf9f-515d-4f22-ab5a-7cc894c4eef8?filters.postedDate=ONE&filters.workplaceTypes=Remote&q=.net
South College; LMS Administrator; ; 2/12/26; Rejected; 3/12/2026;; https://www.ziprecruiter.com/jobs-search?search=.net&location=Knoxville%2C+TN&refine_by_location_type=&radius=50&days=5&refine_by_employment=employment_type%3Aall&refine_by_salary=&refine_by_salary_ceil=&lk=98wo8vY4PeEAqpYxpv2Klg&page=1&lvk=X1irqlfV0EOGPZ2HUwA64w.--NvErZ254s
OncoHealth; Sr. Software Engineer; ; 2/12/26;Open; 2/12/26;; https://www.linkedin.com/jobs/view/4365179444/?trackingId=dNYcadxs8CoSGnpruTzVyA%3D%3D&refId=bURUjGAfdts3i8Yk7fV%2Fjg%3D%3D&midToken=AQE_3XQkBAKpjA&midSig=0hXFTqTQ-tlY81&trk=eml-email_job_alert_digest_01-primary_job_list-0-jobcard_body_15257593108&trkEmail=eml-email_job_alert_digest_01-primary_job_list-0-jobcard_body_15257593108-null-mw6pip~mli34ky8~6g-null-null&eid=mw6pip-mli34ky8-6g&otpToken=MTMwNjE2ZTQxMTJmY2ZjMWJkMmQwZmViNDExOWU3YmM4ZWM5ZDc0OTljYTY4YzY4N2JkYTAyNmU0ODVlNTlmMGZlZDRkY2ViMThjZGZjZTYwN2IzZWM4NDNiNDdjYjMxNjYzZjRmZTYzODFiMmQwNGNjZjM3NzkwYjYsMSwx
OpenSesame; Software Engineer 1; 125-135k; 2/12/26;Open; 2/12/26;; https://www.glassdoor.com/job-listing/software-engineer-1-opensesame-JV_KO0,19_KE20,30.htm?jl=1010029736032&utm_source=jobalert&utm_medium=email&utm_term=jatimepostedcontrol&utm_content=ja-jobpos11-age1d-1010029736032&utm_campaign=jobAlertAlert&tgt=GD_JOB_VIEW&src=GD_JOB_AD&uido=7A57A36BECDA9E413E76BB41CD0D8A0B&ao=1136043&jrtk=5-yul1-0-1jh78aq8ek8jv800-ba10ff893d371d39&cs=1_006ab914&s=224&t=JA&pos=111&ja=380629936&guid=0000019c4e4b97ec97958f67b938a281&jobListingId=1010029736032&ea=1&vt=e&cb=1770843892350&ctt=1770847511451&srs=EMAIL_JOB_ALERT&gdir=1
Optomi; Software Engineer; 62-66/hr; 2/12/26;Open; 2/12/26;; https://www.linkedin.com/jobs/view/4370668856/?trackingId=HV8zc%2B6RL5tCeRcWIztkqA%3D%3D&refId=bojqPUpCnw5ZwUDnkjETCg%3D%3D&midToken=AQE_3XQkBAKpjA&midSig=39jiF1DUBYms81&trk=eml-email_job_alert_digest_01-primary_job_list-0-jobcard_body_14583149772&trkEmail=eml-email_job_alert_digest_01-primary_job_list-0-jobcard_body_14583149772-null-mw6pip~mlik9vh2~rj-null-null&eid=mw6pip-mlik9vh2-rj&otpToken=MTMwNjE2ZTQxMTJmY2ZjMWJkMmQwZmViNDExOWU3YmM4YmM4ZDQ0OTlhYTg4OTY4N2JkYTAyNmU0ODVlNTlmMGZlZDRkY2ViMThjYWU3ZDY0NWJmZWRiNzEyYjc5YmE0ZTQ5OTFmMjIwYTRlYWU0MWYzZTlkNzc5OGIsMSwx
Prestige Staffing; Software Engineer - Mid-Level .NET Core; 150-160k;2/12/26;Open;2/12/26;; https://www.linkedin.com/jobs/view/4341190270/?trackingId=u6H8wT8SGBb94cFeCZgpMA%3D%3D&refId=bojqPUpCnw5ZwUDnkjETCg%3D%3D&midToken=AQE_3XQkBAKpjA&midSig=39jiF1DUBYms81&trk=eml-email_job_alert_digest_01-primary_job_list-0-jobcard_body_14583149772&trkEmail=eml-email_job_alert_digest_01-primary_job_list-0-jobcard_body_14583149772-null-mw6pip~mlik9vh2~rj-null-null&eid=mw6pip-mlik9vh2-rj&otpToken=MTMwNjE2ZTQxMTJmY2ZjMWJkMmQwZmViNDExOWU3YmM4YmM4ZDQ0OTlhYTg4OTY4N2JkYTAyNmU0ODVlNTlmMGZlZDRkY2ViMThjYWU3ZDY0NWJmZWRiNzEyYjc5YmE0ZTQ5OTFmMjIwYTRlYWU0MWYzZTlkNzc5OGIsMSwx
Advisors LLC; Applications Development Analyst (.NET/SQL) - Intermediate; 100-125k; 2/12/26;Open; 2/12/26;; https://www.ziprecruiter.com/jobs/a/b?lk=6tFA7mLR-r2gL1NXB6ByhA&tsid=111000153
Selene Holdings; .Net Developer; 49-65/hr; 2/12/26;Open; 2/12/26;; https://www.ziprecruiter.com/jobs/a/b?lk=09KyMEcTxJz0BZK7ZXVVLQ&tsid=111000153
APEX Systems; Developer 3013155; 40-62/hr; 2/12/26;Open; 2/12/26;; https://www.linkedin.com/jobs/view/4370865016/?trackingId=C132zzVXdy8l3QstaZbyUA%3D%3D&refId=SBQ2YcrexoCuqGlE6G%2FScw%3D%3D&midToken=AQE_3XQkBAKpjA&midSig=0D0R7Bw8w9ms81&trk=eml-email_job_alert_digest_01-primary_job_list-0-jobcard_body_14999231100&trkEmail=eml-email_job_alert_digest_01-primary_job_list-0-jobcard_body_14999231100-null-mw6pip~mlifzjxh~jz-null-null&eid=mw6pip-mlifzjxh-jz&otpToken=MTMwNjE2ZTQxMTJmY2ZjMWJkMmQwZmViNDExOWU3YmM4Y2M3ZDU0ODllYWE4YzZlN2JkYTAyNmU0ODVlNTlmMGZlZDRkY2ViMThlZmIxODM2N2Y5Y2I5NjFjYmZjYzhiODI4YTJjZjY2ZjkxMmEzZTY4YmUxOGI5NmQsMSwx
Turnberry Solutions; Software Engineer; 100-140k; 2/12/26;Open; 2/12/26;; https://jobright.ai/jobs/info/698df5ea0f6f7e7a2cea0592?utm_source=1025&imp_id=3673496432511879909__digest_job_alert__1770924391193_3599&utm_medium=email
Dev Technology; .NET / Microsoft Application Developer; 72-130k ; 2/12/26; Rejected; 3/12/2026;; https://boards.greenhouse.io/embed/job_app?token=8414359002&utm_source=jobright
CloudIngest; Application Developer - (Only w2) (ASAP.NET); ; 2/12/26;Open; 2/12/26;; linkedin.com/jobs/view/4371540281
IDR, Inc.; Software Engineer - .Net; 68/hr; 2/12/26;Open; 2/12/26;; https://www.linkedin.com/jobs/view/4370855097/?trackingId=gPLl6aqTRKWif5MY%2B%2FwXnw%3D%3D&refId=CmLsIKwwRm%2BuraBeBTOraA%3D%3D&midToken=AQE_3XQkBAKpjA&midSig=2FiTXTcb4QlI81&trk=eml-email_jobs_viewed_job_reminder_01-job_card-0-jobcard_body_4370855097&trkEmail=eml-email_jobs_viewed_job_reminder_01-job_card-0-jobcard_body_4370855097-null-mw6pip~mlhq9mhm~oe-null-null&eid=mw6pip-mlhq9mhm-oe&otpToken=MTMwNjE2ZTQxMTJmY2ZjMWJkMmQwZmViNDExOWU3YjM4NmM4ZDA0OTllYWE4ZDZlN2JkYTAyNmU0ODVlNTlmMGZlZDRkY2ViMThmN2QwODQ0NWIzZGZjNjMxOTNiMGFhOGRjYTM4MDc0NmU4YzcyY2FkNzdhYTRkN2EsMSwx
General Dynamics Information Technology; Software Developer;30.88; 2/12/26;Open; 2/12/26;; https://www.linkedin.com/jobs/view/4370803342/?trackingId=pPOqD6uSQBy53mRoMiPXyg%3D%3D&refId=piXCEQJSTF28jD0d%2BIGsUw%3D%3D&midToken=AQE_3XQkBAKpjA&midSig=2FiTXTcb4QlI81&trk=eml-email_jobs_viewed_job_reminder_01-job_card-0-jobcard_body_4370803342&trkEmail=eml-email_jobs_viewed_job_reminder_01-job_card-0-jobcard_body_4370803342-null-mw6pip~mlhq9mhm~oe-null-null&eid=mw6pip-mlhq9mhm-oe&otpToken=MTMwNjE2ZTQxMTJmY2ZjMWJkMmQwZmViNDExOWU3YjM4NmM4ZDA0OTllYWE4ZDZlN2JkYTAyNmU0ODVlNTlmMGZlZDRkY2ViMThmN2QwODQ0NWIzZGZjNjMxOTNiMGFhOGRjYTM4MDc0NmU4YzcyY2FkNzdhYTRkN2EsMSwx
Vaiticka Solution; Dotnet Developer;58hr; 2/12/26; Rejected; 3/12/2026;; https://www.linkedin.com/jobs/view/4370553161/?trackingId=%2BemRV6BQSmaa8hwYSUgvnw%3D%3D&refId=a1LYXG9ARTOAol59g5QbsA%3D%3D&midToken=AQE_3XQkBAKpjA&midSig=2FiTXTcb4QlI81&trk=eml-email_jobs_viewed_job_reminder_01-job_card-0-jobcard_body_4370553161&trkEmail=eml-email_jobs_viewed_job_reminder_01-job_card-0-jobcard_body_4370553161-null-mw6pip~mlhq9mhm~oe-null-null&eid=mw6pip-mlhq9mhm-oe&otpToken=MTMwNjE2ZTQxMTJmY2ZjMWJkMmQwZmViNDExOWU3YjM4NmM4ZDA0OTllYWE4ZDZlN2JkYTAyNmU0ODVlNTlmMGZlZDRkY2ViMThmN2QwODQ0NWIzZGZjNjMxOTNiMGFhOGRjYTM4MDc0NmU4YzcyY2FkNzdhYTRkN2EsMSwx
Cambay Solutions; IoT .NET Developer; ; 2/12/26; Rejected; 3/12/2026;; https://www.linkedin.com/jobs/view/4371413203/?trackingId=E8YywM9NixQkIM6HpAsubQ%3D%3D&refId=DmDzxrjgiZ5R6S5ipnfn1A%3D%3D&midToken=AQE_3XQkBAKpjA&midSig=24DMwwvh8Yns81&trk=eml-email_job_alert_digest_01-primary_job_list-0-jobcard_body_14583149772&trkEmail=eml-email_job_alert_digest_01-primary_job_list-0-jobcard_body_14583149772-null-mw6pip~mljikfrw~hu-null-null&eid=mw6pip-mljikfrw-hu&otpToken=MTMwNjE2ZTQxMTJmY2ZjMWJkMmQwZmViNDExOWU3YmQ4ZmNhZDE0MzlkYTk4NzY5N2JkYTAyNmU0ODVlNTlmMGZlZDRkY2ViMThkMWRkYzkwZjljZTg4MDI5NTU4M2QwZWUyYzAwOTE5N2NlMzU3OGYyMjMxNzU0ODEsMSwx
NetImpact Strategies; Senior.NET Full Stack Developer; ; 4/14/26;Open; 4/14/26;;  https://www.indeed.com/viewjob?jk=0b8e3fc815cf9662&tk=1jhcg6pvfgidg89u&from=serp&vjs=3
Professional Property management; Backend Developer; 106-128k; 2/14/26;Open; 2/14/26;; https://www.indeed.com/viewjob?cmp=Professional-Property-Management%2C-Inc&t=Back+End+Developer&jk=96f2fe9d088021c7&q=c%23&xpse=SoCa67I3nsqgHiAQGz0LbzkdCdPP&xfps=f965e71e-1409-47cb-8cda-4ccce68432cd&xkcb=SoAQ67M3nsoUnoyYDB0PbzkdCdPP&vjs=3
UnitedHealthcare; C#/.Net Software Engineer - LOGIC Technology Team - Remote; 72-130k; 2/14/26; Rejected; 3/14/2026;; https://www.indeed.com/viewjob?jk=30ab6f1d28df2a59&tk=1jhchcbavgidg820&from=serp&vjs=3
Robert Half; Software Engineer; 71-82/hr;2/14/26;Open;2/14/26;; https://www.dice.com/job-detail/4c60a5d0-1c86-4cef-b506-c867e7d3addb?filters.postedDate=ONE&filters.workplaceTypes=Remote&page=2&q=.net
Stefanini; .NET Developer; 60-63/hr; 2/12/26;Open; 2/12/26;;https://www.dice.com/job-detail/0ce5a155-a277-4b66-9946-268f3ec93660?filters.postedDate=ONE&filters.workplaceTypes=Remote&q=.net
Image Matters, Inc; Technology Implementation/ IT Support Specialist; 22-26/hr; 2/12/26;Open; 2/12/26;;
UTK; IT Technicial; 4-46k; 2/12/26; Rejected; 3/12/2026;; https://fa-ewlq-saasfaprod1.fa.ocs.oraclecloud.com/hcmUI/CandidateExperience/en/sites/CX_1/job/6751?keyword=IT+Administrator+II+-+Application+Development&lastSelectedFacet=CATEGORIES&location=Knoxville%2C+TN%2C+United+States&locationId=300000010467990&locationLevel=city&mode=location&radius=25&radiusUnit=MI&selectedCategoriesFacet=300000024535381
The IT Support Center; Remote IT Support (WFH Tech Advisor); 45-65k;2/12/26;Open;2/12/26;;
The Planet Group; C# & VB .NET Developer; 55-65/hr; 2/12/26;Open; 2/12/26;; https://www.linkedin.com/jobs/view/4372134521/?trackingId=0Ekszv5%2BR8uMB1aRIYxHDQ%3D%3D&refId=OT8rwLHrQu2TfgV3nDhc2A%3D%3D&eBP=CwEAAAGcVKxdE_P5jlgKug_tRDzUuzd2avOdUr475ylWzofcc5I2Gkr5dAPDx_e3Br4b5W-5bO-R18eSNj4V4kqeHFIb8hZF1OyJ4IzkelOyNsgpEQB1ha10T15hoGZggNlKK3PT1XC3Y6lkueyOGAG-AkSsujG_gqRJTfeIbazmXVex0mrOaifIJWgilbL4YvS_gJ8zlTtksNSXWuA20r8m_WIEwNIgnTkQYVgIOyutvAK-EYVrSKfcu7SmnVNWF5LxgMtjCZD0lrirureFKvFe7pmuAV4w_0oeUdGl8uv5avoLzhGfEFXjwBaJHX3fcb5BmhFEBZzcQxFcbKPNbQiz8UXMx6Thb1OmpxG_MZ80RePNZWyMZWROJNN4ENGkYlLX3yxwfupK0ihREWE26n_te0rbX6ICj6Bfvf2b_XtC6dZoyqO4PjS6Klz67nNYNL7Uqfg899A84Elrm4nc&midToken=AQE_3XQkBAKpjA&midSig=3YJCAF0OWIps81&trk=eml-jobs_jymbii_digest-job_card-0-jobcard_body_4372134521&trkEmail=eml-jobs_jymbii_digest-job_card-0-jobcard_body_4372134521-null-mw6pip~mllnq7rf~ja-null-null&eid=mw6pip-mllnq7rf-ja&otpToken=MTMwNjE2ZTQxMTJmY2ZjMWJkMmQwZmViNDExOWU2YjQ4Y2NkZDc0MDliYWE4YTY5N2JkYTAyNmU0ODVlNTlmMGZlZDRkY2ViMThjOGNkZWI0Y2E4ZWM4OTA5MWY2YTMwM2QwYjM4ODMwNTkzNDU0ZjdkNDAyNWY3ZWEsMSwx
Westinghouse Electric Company; PL/SQL .NET Creator; 85-106; 2/12/26; Rejected; 3/12/2026;; https://www.linkedin.com/jobs/view/4371371347/?trackingId=aWXxVm3lTOCdr0vriq8AOg%3D%3D&refId=VfruAvN%2FQ8WeSaULSlLXqA%3D%3D&eBP=NOT_ELIGIBLE_FOR_CHARGING&midToken=AQE_3XQkBAKpjA&midSig=3YJCAF0OWIps81&trk=eml-jobs_jymbii_digest-job_card-0-jobcard_body_4371371347&trkEmail=eml-jobs_jymbii_digest-job_card-0-jobcard_body_4371371347-null-mw6pip~mllnq7rf~ja-null-null&eid=mw6pip-mllnq7rf-ja&otpToken=MTMwNjE2ZTQxMTJmY2ZjMWJkMmQwZmViNDExOWU2YjQ4Y2NkZDc0MDliYWE4YTY5N2JkYTAyNmU0ODVlNTlmMGZlZDRkY2ViMThjOGNkZWI0Y2E4ZWM4OTA5MWY2YTMwM2QwYjM4ODMwNTkzNDU0ZjdkNDAyNWY3ZWEsMSwx
Digitech (Sarnova); Software Engineer (C# .NET Framework/SQL Server) - Digitech - Remote; ; 2/16/26;Open; 2/16/26;; https://jobright.ai/jobs/info/699125326ea51a7610f37d48?utm_source=1121&imp_id=3673496432511879909__instant_push__1771125023655_126&utm_medium=email
JSR Tech Consulting; Software Engineer - Remote; ; 02/18/26;Open; 02/18/26;; https://www.linkedin.com/jobs/view/4365880247/?trackingId=ASepLid9vcZZeOZFn6XZuA%3D%3D&refId=KsL%2FxJM9bAQ7kEt7cHwWqQ%3D%3D&midToken=AQE_3XQkBAKpjA&midSig=1Zjo-peUJQvY81&trk=eml-email_job_alert_digest_01-primary_job_list-0-jobcard_body_jobid_4365880247_ssid_15257593100_fmid_mw6pip~mls7hw1t~k7&trkEmail=eml-email_job_alert_digest_01-primary_job_list-0-jobcard_body_jobid_4365880247_ssid_15257593100_fmid_mw6pip~mls7hw1t~k7-null-mw6pip~mls7hw1t~k7-null-null&eid=mw6pip-mls7hw1t-k7&otpToken=MTMwNjE2ZTQxMTJmY2ZjMWJkMmQwZmViNDExOWU2YjA4ZGM3ZDc0MTkxYTk4NzZhN2JkYTAyNmU0ODVlNTlmMGZlZDRkY2ViMThjMmUzZjI1M2EwZWM4MDYxNDFiOWZhZTM3NDNmMzliMTk1NDU5NGFiOWJjNjVmYzIsMSwx
Bright Vision Technologies; Dot Net Developer;  ; 2/23/26;Open; 2/23/26;; https://jobright.ai/jobs/info/699a96ae81476f6176b33c13?utm_source=1121&imp_id=3673496432511879909__instant_push__1771812901215_4897&utm_medium=email
Geico; Senior Engineer -.NET (R0061719); 80-215k; 2/23/26; Rejection; 3/23/2026;; https://www.glassdoor.com/job-listing/senior-engineer-net-geico-JV_IC1153837_KO0,19_KE20,25.htm?jl=1010041498885&utm_source=jobalert&utm_medium=email&utm_term=jatimepostedcontrol&utm_content=ja-jobpos2-agept-1010041498885&utm_campaign=jobAlertAlert&tgt=GD_JOB_VIEW&src=GD_JOB_AD&uido=7A57A36BECDA9E413E76BB41CD0D8A0B&ao=1136043&jrtk=5-yul1-0-1ji3qtb03i8qh807-613a3090cae4237e&cs=1_ec98bf93&s=224&t=JA&pos=102&ja=388890994&guid=0000019c87971fed8c94648fbf75c3d5&jobListingId=1010041498885&vt=e&cb=1771802897672&ctt=1771848237360&srs=EMAIL_JOB_ALERT&gdir=1
Amsive; Software Developer (.Net); ; 2/23/26;Open; 2/23/26;; https://www.glassdoor.com/job-listing/software-developer-net-amsive-JV_KO0,22_KE23,29.htm?jl=1010038655247&utm_source=jobalert&utm_medium=email&utm_term=jatimepostedcontrol&utm_content=ja-jobpos4-age3d-1010038655247&utm_campaign=jobAlertAlert&tgt=GD_JOB_VIEW&src=GD_JOB_AD&uido=7A57A36BECDA9E413E76BB41CD0D8A0B&ao=1136043&jrtk=5-yul1-0-1ji3qtb03i8qh807-c13771842e5f1e71&cs=1_0dd3cf2e&s=224&t=JA&pos=104&ja=388890994&guid=0000019c87971fed8c94648fbf75c3d5&jobListingId=1010038655247&ea=1&vt=e&cb=1771802897675&ctt=1771848250003&srs=EMAIL_JOB_ALERT&gdir=1
Walter P. Moore and Associates; Senior Back-End Developer (Houston TX) ( job # 2026-4028); 84-1349K; 2/23/26;Open; 2/23/26;; https://www.glassdoor.com/job-listing/senior-back-end-developer-walter-p-moore-JV_IC1140171_KO0,25_KE26,40.htm?jl=1010038371970&utm_source=jobalert&utm_medium=email&utm_term=jatimepostedcontrol&utm_content=ja-jobpos6-age3d-1010038371970&utm_campaign=jobAlertAlert&tgt=GD_JOB_VIEW&src=GD_JOB_AD&uido=7A57A36BECDA9E413E76BB41CD0D8A0B&ao=1136043&jrtk=5-yul1-0-1ji3qtb03i8qh807-67ebb52350bd1a92&cs=1_4bb6d65b&s=224&t=JA&pos=106&ja=388890994&guid=0000019c87971fed8c94648fbf75c3d5&jobListingId=1010038371970&vt=e&cb=1771802897673&ctt=1771848269252&srs=EMAIL_JOB_ALERT&gdir=1
Enzo Tech Group; Software Engineer; ; 2/23/26;Open; 2/23/26;; https://www.linkedin.com/jobs/view/4376327325/?trackingId=QZOaHr8Dqvq2hs8%2B94PZdw%3D%3D&refId=wHRsi4LSBDbxrbbg4OMvCQ%3D%3D&midToken=AQE_3XQkBAKpjA&midSig=3wc0Naf-xsBY81&trk=eml-email_job_alert_digest_01-primary_job_list-0-jobcard_body_0_jobid_4376327325_ssid_14583149764_fmid_mw6pip~mlya4900~jm&trkEmail=eml-email_job_alert_digest_01-primary_job_list-0-jobcard_body_0_jobid_4376327325_ssid_14583149764_fmid_mw6pip~mlya4900~jm-null-mw6pip~mlya4900~jm-null-null&eid=mw6pip-mlya4900-jm&otpToken=MTMwNjE2ZTQxMTJmY2ZjMWJkMmQwZmViNDExOWU2YjM4NmM4ZDg0OTlhYTY4YTYyN2JkYTAyNmU0ODVlNTlmMGZlZDRkY2ViMThjNmYwZTY0ZTlhZDliNzJlMzMxM2JmYjM4YmE5ODU5ZGRkYTk4MDk5NjI2NzE4ZTMsMSwx
IMO Health; Software Engineer; 80-120K; 2/23/26;Open; 2/23/26;; https://www.linkedin.com/jobs/view/4332245217/?trackingId=3WZRvSBO23qL%2BE69yj1qug%3D%3D&refId=wHRsi4LSBDbxrbbg4OMvCQ%3D%3D&midToken=AQE_3XQkBAKpjA&midSig=3wc0Naf-xsBY81&trk=eml-email_job_alert_digest_01-primary_job_list-0-jobcard_body_1_jobid_4332245217_ssid_14583149764_fmid_mw6pip~mlya4900~jm&trkEmail=eml-email_job_alert_digest_01-primary_job_list-0-jobcard_body_1_jobid_4332245217_ssid_14583149764_fmid_mw6pip~mlya4900~jm-null-mw6pip~mlya4900~jm-null-null&eid=mw6pip-mlya4900-jm&otpToken=MTMwNjE2ZTQxMTJmY2ZjMWJkMmQwZmViNDExOWU2YjM4NmM4ZDg0OTlhYTY4YTYyN2JkYTAyNmU0ODVlNTlmMGZlZDRkY2ViMThjNmYwZTY0ZTlhZDliNzJlMzMxM2JmYjM4YmE5ODU5ZGRkYTk4MDk5NjI2NzE4ZTMsMSwx
First American; Senior Software Engineer (R053803); 129-172k; 2/23/26; Rejected; 3/23/2026;; https://jobright.ai/jobs/info/69652c0f2cbf4e44756ea786?utm_source=1121&imp_id=3673496432511879909__instant_push__1771801547199_3110&utm_medium=email
Alliance Health; Net Application Developer (Full-time Remote, North Carolina Based); 92-117k; 2/23/26; Rejected; 3/23/2026;; https://www.glassdoor.com/job-listing/net-application-developer-full-time-remote-north-carolina-based-alliance-health-JV_IC1138956_KO0,63_KE64,79.htm?jl=1010038009693&utm_source=jobalert&utm_medium=email&utm_term=jatimepostedcontrol&utm_content=ja-jobpos2-age4d-1010038009693&utm_campaign=jobAlertAlert&tgt=GD_JOB_VIEW&src=GD_JOB_AD&uido=7A57A36BECDA9E413E76BB41CD0D8A0B&ao=1136043&jrtk=5-yul1-0-1ji3jn89q21g7000-407d5ec9b9b56ce4&cs=1_2e21a647&s=224&t=JA&pos=102&ja=380629936&guid=0000019c86f30895a68655d89e3b48ab&jobListingId=1010038009693&vt=e&cb=1771795358326&ctt=1771848396690&srs=EMAIL_JOB_ALERT&gdir=1
Leidos; .NET Developer; 4-65/hr; 2/23/26;Open; 2/23/26;; https://www.ziprecruiter.com/jobs/a/b?lk=VXmqX-wEfxs3apzMBGgqZQ&tsid=111000153
The Staffing Firm; .NET Engineer (Job ID 1961) (Cleveland OH-Remote); 130-140k; 2/23/26;Open; 2/23/26;; https://www.ziprecruiter.com/jobs/a/b?lk=Xwxaowfl-7agmZeMoeF3Qg&tsid=111000153
ProClalm Partners, LLC; Sr. Software Developer (Duluth GA - Remote); 105-120k; 2/23/26;Open; 2/23/26;; https://www.ziprecruiter.com/jobs/a/b?lk=iBW2Q_IJkeKtJYpjIl14Ng&tsid=111000153
United Rentals; Sr Analyst, Programmer - OutSystems (Remote) ; ; 2/23/26; Rejected; 3/23/2026;; https://www.monster.com/jobs/search?q=Sr+Analyst%2C+Programmer+-+OutSystems+%28Remote%29&where=Stamford%2C+CT%2C+US&page=1&et=REMOTE&id=6071098a-6f83-4d1d-a418-d938c8b3d1d4&sourceName=distribution_alerts_relevancy&sourceValue=178f8bb6-6c0e-47a5-b6fa-331159af3405&mstr_dist=true&sts=1771775701561&utm_source=email&utm_medium=email_alerts&utm_campaign=nextalerts_lexemelite&utm_term=usen_MCJOBS_ORGANIC&utm_content=ViewJob_text_body
Dutchie; Senior Software Engineer, Traceability Team (Remote); 149-200k; 2/23/26;Open; 2/23/26;; https://www.linkedin.com/jobs/view/4295730766/?trackingId=GyHqqHIBCWjNju73Y%2FI4ZQ%3D%3D&refId=o3a7r9y2ocQTRLjf6RiB%2Bg%3D%3D&midToken=AQE_3XQkBAKpjA&midSig=1McKi0DFmnCY81&trk=eml-email_job_alert_digest_01-primary_job_list-0-jobcard_body_0_jobid_4295730766_ssid_14583149772_fmid_mw6pip~mlzcp5pf~bs&trkEmail=eml-email_job_alert_digest_01-primary_job_list-0-jobcard_body_0_jobid_4295730766_ssid_14583149772_fmid_mw6pip~mlzcp5pf~bs-null-mw6pip~mlzcp5pf~bs-null-null&eid=mw6pip-mlzcp5pf-bs&otpToken=MTMwNjE2ZTQxMTJmY2ZjMWJkMmQwZmViNDExOWU2YmM4OWNmZDg0NzlhYTk4ODY4N2JkYTAyNmU0ODVlNTlmMGZlZDRkY2ViMThmM2U0YzI0MGE2YzM5NTZhYjAwMjc1MGYwZjE1OWFjZThlYjVlMTNiY2NiYTcwZmQsMSwx
Green Dot; Remote - Sr. Engineer, Software Development; 121-173k; 2/26/26;Open; 2/26/26;; https://www.glassdoor.com/job-listing/remote-sr-engineer-software-development-green-dot-JV_KO0,39_KE40,49.htm?jl=1010037552415&utm_source=jobalert&utm_medium=email&utm_term=jatimepostedcontrol&utm_content=ja-jobpos4-age5d-1010037552415&utm_campaign=jobAlertAlert&tgt=GD_JOB_VIEW&src=GD_JOB_AD&uido=7A57A36BECDA9E413E76BB41CD0D8A0B&ao=1136043&jrtk=5-yul1-0-1ji5ibajpkupa800-bef27faf9100a008&cs=1_444c70c5&s=224&t=JA&pos=104&ja=378462087&guid=0000019c8b048dc49de2219bda00232e&jobListingId=1010037552415&vt=e&cb=1771861027777&ctt=1771864593917&srs=EMAIL_JOB_ALERT&gdir=1
Nextech Systems; Software Engineer II - JD (Remnote - US); ; 2/23/26; Rejected; 3/23/2026;; https://www.glassdoor.com/job-listing/software-engineer-ii-jd-remote-us-nextech-JV_KO0,33_KE34,41.htm?jl=1010035700033&utm_source=jobalert&utm_medium=email&utm_term=jatimepostedcontrol&utm_content=ja-jobpos8-age6d-1010035700033&utm_campaign=jobAlertAlert&tgt=GD_JOB_VIEW&src=GD_JOB_AD&uido=7A57A36BECDA9E413E76BB41CD0D8A0B&ao=1136043&jrtk=5-yul1-0-1ji5ibajpkupa800-dc7de695730c93d7&cs=1_34dba451&s=224&t=JA&pos=108&ja=378462087&guid=0000019c8b048dc49de2219bda00232e&jobListingId=1010035700033&vt=e&cb=1771861027777&ctt=1771864616486&srs=EMAIL_JOB_ALERT&gdir=1
Gotham Technology Group; Senior Application Developer; ; 2/23/26; Rejected; 3/23/2026;; https://www.linkedin.com/jobs/view/4375814465/?trackingId=ZtNL9nj6pz0rYmn8JniT2A%3D%3D&refId=gelcTfC7RkvAWzW80wwkoA%3D%3D&midToken=AQE_3XQkBAKpjA&midSig=01Z9DoHbpYBs81&trk=eml-email_job_alert_digest_01-primary_job_list-0-jobcard_body_1_jobid_4375814465_ssid_14583149772_fmid_mw6pip~mlxsyz68~ak&trkEmail=eml-email_job_alert_digest_01-primary_job_list-0-jobcard_body_1_jobid_4375814465_ssid_14583149772_fmid_mw6pip~mlxsyz68~ak-null-mw6pip~mlxsyz68~ak-null-null&eid=mw6pip-mlxsyz68-ak&otpToken=MTMwNjE2ZTQxMTJmY2ZjMWJkMmQwZmViNDExOWU2YjM4OWM2ZDE0MTlkYTY4ODY5N2JkYTAyNmU0ODVlNTlmMGZlZDRkY2ViMThlMmJmZTI3ZTg4YTlhMTFmODA2M2U2MzJjN2M3M2JiNzBlZmQyNzc2YjRhYWY2NTAsMSwx
Nelnet; IT Software Engineer; 100-135k;2/23/26; Rejected; 3/23/2026;; https://www.linkedin.com/jobs/view/4330572911/?trackingId=WxV5%2BftHfHqKkGc4%2Bamprg%3D%3D&refId=gelcTfC7RkvAWzW80wwkoA%3D%3D&midToken=AQE_3XQkBAKpjA&midSig=01Z9DoHbpYBs81&trk=eml-email_job_alert_digest_01-primary_job_list-0-jobcard_body_3_jobid_4330572911_ssid_14583149772_fmid_mw6pip~mlxsyz68~ak&trkEmail=eml-email_job_alert_digest_01-primary_job_list-0-jobcard_body_3_jobid_4330572911_ssid_14583149772_fmid_mw6pip~mlxsyz68~ak-null-mw6pip~mlxsyz68~ak-null-null&eid=mw6pip-mlxsyz68-ak&otpToken=MTMwNjE2ZTQxMTJmY2ZjMWJkMmQwZmViNDExOWU2YjM4OWM2ZDE0MTlkYTY4ODY5N2JkYTAyNmU0ODVlNTlmMGZlZDRkY2ViMThlMmJmZTI3ZTg4YTlhMTFmODA2M2U2MzJjN2M3M2JiNzBlZmQyNzc2YjRhYWY2NTAsMSwx
I3 Verticals; Software Engineer; ; 2/23/26;Open; 2/23/26;; https://recruiting2.ultipro.com/IVE1000IVEC/JobBoard/ec3e4530-b925-46c7-8da5-602b6abf81e7/OpportunityDetail?opportunityId=be4553e6-753b-4197-b432-31a886605547
Amentum; Senior Software Developer (support the Atlantic Undersea Test and Evaluation Center); ; 2/23/26; Rejected; 3/23/2026;;   ****  Dream Job!!!! **** https://www.amentumcareers.com/jobs/senior-software-developer-west-palm-beach-florida-united-states-8ea21991-4776-4c60-bad1-5bafbb0134f1
Healthcare Fraud Shield; Backend Software Engineer; ; 2/23/26;Open; 2/23/26;; https://www.linkedin.com/jobs/view/4376818019/?eBP=CwEAAAGcjCGu69WNS5tN-Oj9WgBu9Tbe_O3tDW5dBy3T_0egtY-l571x4R1Cjjd5WgOLZExkBZ-yedOY3zOl__OtTFcgpTCQhdibLKUR14yS2CfIzeTkFwDW_XILet75qeRhDj7IgBk1qff8FX2RFV0v5o7tbaaF0gTTJO60UIKlHzYdgEhv8OL5_P5GTL8cs2kRUJRzb3vZzZvZ0aajFks4vZPlAUNn4qgu5zMez29aAdfzATlq8rngHO4nq5NLYkTYbL3jY2JRedVOK85N8E9XLOGewyw93YvLlB3Fnf47JLIDTOhBXteGgwV2XzMQaNGhEUdjm80fD5zU6T98gnaG8JvMF9TpiKuE4hWDpuUhX89SpBl-2axLTGsadVZYw_nAgzukW-7Fo_lKq-0d_xD0RWU7463frTZBZuXgTX7EB2sq1KQ_9SerkjlAP-o5Dlt_iIwt9VaN-hTvvzGS9ahlFkTuaUe7JiHfOxG3gCrs_mNwZnh3QzLdJ6d3nZHqIgPc9vWLM_ZQdVc8DjB4UfX6D1SbJZPYXkND0syg7RzII8-SHx9-6bU&refId=4VexnnwOgweBNbHkVu55Vg%3D%3D&trackingId=WljRGRgZUzYgURqblSyijQ%3D%3D&trk=flagship3_search_srp_jobs
Gravity IT Resources; Sr. Software Engineer; 65-80/hr; 2/23/26;Open; 2/23/26;; https://www.linkedin.com/jobs/view/4376818160/?eBP=CwEAAAGcjCGu6-5CB8057TkxNA59zElpwd-jR_WLpcrjW193SXrqAtvCvxx8bIHtJcWHYqKm8PSHGG-3w_GQQ2VQyeDmTXmgpRrFsZtcpUt2n4pOiehb_uGQOaZH_bbEFaLEqWGga0nDknc7qTuWcl0-9MlgYlZty95EhzHddgVMrq1iaRCiu_y4B5I7ckOiUa-gQ209eHkg3nx7fpWdnhmgqXDm8DJ5ZMYBGiUiYiAiP_A1gDwlap33VXzgPViGw3cI0GY0jjTRgRfLwzwIy3YGMurPpnA9s922uAqVypdjeXdOvS4_fJKuyRllg03rzeVx9kiGdRoViGeagKR1WKWkv67N_A9GGsDdOTg6vzfkObpr3dKF9C68faUOiYIHtBIZ7SaXpg1RdLr-dBETfJULWiHTpaQF64xEvD9RGC5bKuWZW0RcBWrmxlC56tO4Uo0VI9iLjj3P8fKVieAL9EP3255mNFX6TS3qvuomFeJVR2TwLe56isqMUhmr7UvjOW4YzLkCewjWng8dsWmjgoFnFhw31cWma_-nfZagQlIRE0_Nb25B1buK8g&refId=4VexnnwOgweBNbHkVu55Vg%3D%3D&trackingId=PBkuSMNclPa6y%2BWfM2BcZQ%3D%3D&trk=flagship3_search_srp_jobs
Precision Technologies; Senior .Net Developer (Remote); 50-55/hr; 2/23/26;Open; 2/23/26;; https://www.linkedin.com/jobs/view/4375720651/?eBP=CwEAAAGcjC2jbfGrvoi3agXlB0QcUc2blcf5Pdj26MpKwRLcoHUW5rdUtCiFugKgz_u8FYPpAHLTrRwqIE0-5hYgB-tz3pZe2CQe4Tsd2S9kAA-IcFCZL_ZpIut6SIcGznt6qpfJbV2rFJfE2TfGO1Lmadz-MRyoLr37E1-J3PS_LxyzRjS0oOosz-rmfZx3XHJzQildfw1J_2z2eac4nDBuerkkCkgVJg9Oh798BeCo9QKsA7xTX1T3577BaiBLQ_dP3bG4RcM8j0PJFUGsuflYt2yBEf3IBu7lIYMz4p74LukLMLUYDFee0xpLN5zqr5i5Oi6XTi2a-80_tqggWNGzgbHTP2dhAJm7YHllA_GSyQM3X1nWpo3y_jZKlrQTw-xKaf-iw2tT_P2fkeJVs-luITPToryzgoRTdTDGCsaAPUMC2zK4N4X-LOFirog-DsfPEmLlwZaLpyK8WUvPDPPgPrzxcxIk4fxYrcGcsaErQljt6sb8su1lCIMW89I2WIjjp8ov_hS1Tr6DIDoZouEeDqwAkmR8rcaY1iYAp44STuQ&refId=sZEPgEIsuHGTUmQgpPAB%2BA%3D%3D&trackingId=sIzVvrYEvNLZs%2BujWRPzLw%3D%3D&trk=flagship3_search_srp_jobs
Amicus; Senior Software Engineer; 110-145k; 2/23/26;Open; 2/23/26;; https://www.linkedin.com/jobs/view/4376826425/?eBP=CwEAAAGcjC2jbqiVJWhyogoPFJYTE2UuTgu48Qd8LXws9s6dPIGvk9lhJLzOw_YOQwV1qDOzzVOCjEl1XxDnRuR3b38nnMulX8dkkUo0dBypZdD874BvA-giHtjzutd3OExnRN-BoMJBfR_KJRQ-1KvxcwZvQhHFTtU9JFbLcMawrvB8TmPIMicZbWiK7a1yBwAxp-6OFqol1gpNetKgsGsUFa5ftSjqEJcHTrT6X7kTL4x954aZb04pMaMemqt6H61uv7XGo7O0AankWs9C3kDpZsgH-UhNKGcwCx2_2cMBC2RR2nTBLMA3Z-rCfLhineuvuJz7-s9ImGL-lynGQpo_YWkeq5wq6deVeCwIRCKaUUIcn5a9m5Ke5nIv1WQJ88EIkM005-a9PTlKlqusdndo7Mb6Pu4dxMP4R5UawwaYXchPTaBVjHaWYB_VOshnizboHn3nHgObqSYDAbacoV3ruGQORWSA6RFw2Ti8otCN8QD7vW3rTrKaHFhb4vaHWb1UGM6zaoYccfd7Fbb6MsMdTLJwV0MImcYQmx8cUsRm&refId=sZEPgEIsuHGTUmQgpPAB%2BA%3D%3D&trackingId=yCqNknisK7W%2FsoYAQYR3HA%3D%3D&trk=flagship3_search_srp_jobs
Neogen Corporation (req-10372); .Net Developer; ; 2/23/26;Open; 2/23/26;; https://www.linkedin.com/jobs/view/4375723051/?eBP=CwEAAAGcjC2jbkq5jgdNEkmzu_yXK_M1qoECtq3drE0-qXTqW7_FAPcy4ux6iY6mPNlVwzxaeR0YgIL7ialPc_DAUhHfWdDuJVpUIsFRl7GoBXBeVYCBsFdsZ-fR5P9QUUk3kg0z2lxyshkaJda-j53yvZDtUdVW_IpecQljydMFW5h6F7-HC_30IG0uZOvHZmf6sDJbg5gHELgLLaPVxppGBK6xlRZrtW-K4LPs7nqkdVSFDeV-aEsvCBNZrJHm1BlG15bO73aaD1K6ngVCNCvbeia2lZwb-Lhw5VVJkuQunWyj6x_-1fo__HsT3npURNjgVQ4I25JNNzQguYQBVA2O78fWD1h7cvM1iFPQ31ywggGiiLOXQUbG7MMmoB5kATYFmYsWuI1AV0e8LsnhCbShoehpUa6luLLUqvRcgHaoYqdelkNhUqTxPOvSonkUB9YC9VUxxw4Wnzt7vQVnkPn_OD04hCjUaKqXx_f0ZIJL5cXsfwTJOc1iPzE2O7PTpLguB6bljBtGREzCaKUXINN_x7ROARcsUKzlQhDJNueRMhWcB0oY&refId=sZEPgEIsuHGTUmQgpPAB%2BA%3D%3D&trackingId=lPy0Y7sV9FuT4R7eKIOuOw%3D%3D&trk=flagship3_search_srp_jobs
Concorde, Inc; Senior Dotnet Developer; 130-160k; 2/23/26; Rejected; 3/23/2026;; https://www.linkedin.com/jobs/view/4375720516/?eBP=CwEAAAGcjC2jbkaKMWuSqnqwgzjEUIUeoNPR-6HTnbuDItaRvGwyY0IjsxRb43g3EuTkyis7jdKcrlV7HdckECNHrZ3usk760kjU8VfAsCdVKGapRn0NX-WqsWcm7KLwCj7eXFy9xPZaj4SytJgF1Tc1ZTxqU1bA78jjJz6d139BuGns7JKN--8spVtYnTOOw4FmTifCt_MtYqVK2Rgo6U-MzixkISvi1Ofr3Hql9BSRqp1ukBvSghK9cwVFPHMU3FlHar6avqJG8MfOyr3EFk2wNr3wxg-C5zqN4alst1bHYcQOY0l8CQCi5o796vXbzZWrO6eRkcgOP5UxVtW80RxbGbpZ0FvWTbor-LLeBfhYi89yf58JUM5mMAR_cT07ONlc0TUc630sFVW1u9BqO5onDM9luPI3Oh7nhr38j3h1TjadarsiBVFbaxkFBxH4k30US9wobEk356iLFu9nsbZdPumW-JtAurB8rq2nTqZ64a21qNZXVelnO8uIxM41k7UCH_ma4Ef3DmckydCVAbRiNikeY7zIpjE5BaCh7awKjoGngDpS&refId=sZEPgEIsuHGTUmQgpPAB%2BA%3D%3D&trackingId=BnHQSfepYVJmo2soqVhHOQ%3D%3D&trk=flagship3_search_srp_jobs
FetchJobs.co; Application Developer; 75-95k ; 2/23/26;Open; 2/23/26;; https://www.linkedin.com/jobs/view/4375708836/?eBP=BUDGET_EXHAUSTED_JOB&refId=r61pgch2O2786h6GkyukoQ%3D%3D&trackingId=TMffHZ2w4ixHRv0u4vcYlQ%3D%3D&trk=flagship3_search_srp_jobs
PointClickCare; US- Solution Engineer (Technical Services); 90105k; 2/23/26;Open; 2/23/26;; https://www.linkedin.com/jobs/view/4375761467/?eBP=CwEAAAGcjEIAfMe6u1LG5T79bw4Oo1uw9gV0CySEdmcltuJQQjJqUmDJ8qz-TruEoAM074QWXesTQu5tfDUjZx8I-nH0K_Amp5UX5EqfWkwXMSurfwlh_lhkOPRTfXqrcwq0E4PWixSx5TG9rAr3WB8NexNle1Pa4iWoCSAnAXzB-SLbomlJ1Q2qD4B2t-sAuU3yCclB1bkShhNZUSbFG27ZOUdKd4XvHUkNBEsmkPsU3auFLMgsfcCnzCy8oTNE7o9z_aBcvC6sKCZCge4XctRfOmLrz433S55WsaLCKr7BfU3rQxfGF6YQ4j1xu7TtuDD8_vg5il910v7MyuTdSlKRX-dCuW2zYjSqrIEfMcXMvc6mqDMXo3bfCHqkK6ETWKpRDStSolJiUu7XwTncYT45-xLW8Y53d4HCjE1JbXtenb-HkH7-SzX816rsXFbXJEQZLJFRyEh0A7prT-seAdOZUg73AIJv8jUngf068izNxFiLEpxoV3h40mWbEWqhlSlMILhkvlcnANd0sBAOtiEiW_H2NZx73T8R&refId=r61pgch2O2786h6GkyukoQ%3D%3D&trackingId=qTvYj9DsJVcZU65CKe%2FzIg%3D%3D&trk=flagship3_search_srp_jobs
Rescale; Software Engineer, Backend Engineer; 90-160k; 2/23/26;Open; 2/23/26;; https://www.remotehunter.com/apply-with-ai/e9afd888-d3a0-4dd3-b2f2-99cd0ac88f5b
ePremium Insurance Agency (Inhabit) (Knoxville); .Net Developer; ; 2/24/26;Open; 2/24/26;; https://www.glassdoor.com/job-listing/net-developer-epremium-insurance-company-JV_IC1144394_KO0,13_KE14,40.htm?jl=1010042799313&utm_source=jobalert&utm_medium=email&utm_term=jatimepostedcontrol&utm_content=ja-jobpos1-agejp-1010042799313&utm_campaign=jobAlertAlert&tgt=GD_JOB_VIEW&src=GD_JOB_AD&uido=7A57A36BECDA9E413E76BB41CD0D8A0B&ao=1110586&jrtk=5-yul1-0-1ji6p3mbsj738801-9cf63c491fb9259d---6NYlbfkN0DQbdzKsPae_j8S1KV5tcZN62C7Qspssp0gp0fq1BIgugr9s_hQrKwx09iEQxtH8itClZvC-0bF-X412T-bXXeX8XaVJt-Hg6ED30HJROgbodbtF6R_A5F_xI3fuLNCfo1wQqadL_7lCqTmz-Fb89k_H0Fb-OOCcHF9kfVx6wG4ADz-lNyaw93XuUcxL2mqUn3pylw45vx2LOBaQQOdVxRoYVx4AUR_TOz7IXpnB1BX8Y4VuxhqiJqV5n6P_5zvuPTh7SebilnqUP4gadh0GktQQAwiUWsoABB80f1i5_zgl1gkpLvkNJDmkGuaOKN6TYS31fiQQJNsAFcehbMUfWgB6KBOLmfPCPA3d4a_M9TkwBUijUxqSwXjISqvlwPnUflWbq7gNdEzRKPDSGlNcQvfXnt1wIDsZ1BeVY6wgXbE6nmOPhMO4h2XBmgAtc0AwQtKe6gtUmxHmjq9ZWGAC2t1ZOkYSKmXNGk3LNilJfmabxZBgcrCGmvOmXJ8V9gRNlUqytIMBj5-mfnK_D0QzipSFfxJKL_IUre_wUO4TQZB0U9kbxPYR1QMXq3NYUCuiGI1A7hm7qDCfKtCA6hzHunLNVXoK3cfKfeg7Hj7Y3QYQE_DY28gH63UY5KaYEiMDfFQJAwMhik7PqbzalIncKiZ8D40YliEO-5Unk5TTpvqbh_vRMAfP-qeDn_ejkBWQznxAoOy5Cv6T-UfV7B8Xhh_4Sat1m6KULKdbzRK6XAxGHBmGVGjzMpaM386t2Nfw53DjWe1GTa2-kzKSrLbNmCHVZ6F-HKcdRl6HCE3RPQA7VOMAr1GDt_6-vupmCEeBr9ThtijaoLPP4hMcXp2Rd5_RCQ7_cPmhEFbVxftGIuOgYsOLl6F3vD8Zpfj98AwoeHh8eEYPB-6EKsvhWrbZu_YHEXVo8Df1uudk-b9gFrIsUniVujn0fCk&cs=1_3286ac95&s=224&t=JA&pos=101&cpc=6FC5BA77C9A4CD78&ja=377506142&guid=0000019c8d60d7ffbb4a92978a900019&jobListingId=1010042799313&ea=1&vt=e&cb=1771901673000&ctt=1771937300275&srs=EMAIL_JOB_ALERT&gdir=1
Seismic; Senior Software Engineer II - Backend - AI Search; ; 2/24/26;Open; 2/24/26;; https://www.glassdoor.com/job-listing/net-developer-epremium-insurance-company-JV_IC1144394_KO0,13_KE14,40.htm?jl=1010042799313&utm_source=jobalert&utm_medium=email&utm_term=jatimepostedcontrol&utm_content=ja-jobpos1-agejp-1010042799313&utm_campaign=jobAlertAlert&tgt=GD_JOB_VIEW&src=GD_JOB_AD&uido=7A57A36BECDA9E413E76BB41CD0D8A0B&ao=1110586&jrtk=5-yul1-0-1ji6p3mbsj738801-9cf63c491fb9259d---6NYlbfkN0DQbdzKsPae_j8S1KV5tcZN62C7Qspssp0gp0fq1BIgugr9s_hQrKwx09iEQxtH8itClZvC-0bF-X412T-bXXeX8XaVJt-Hg6ED30HJROgbodbtF6R_A5F_xI3fuLNCfo1wQqadL_7lCqTmz-Fb89k_H0Fb-OOCcHF9kfVx6wG4ADz-lNyaw93XuUcxL2mqUn3pylw45vx2LOBaQQOdVxRoYVx4AUR_TOz7IXpnB1BX8Y4VuxhqiJqV5n6P_5zvuPTh7SebilnqUP4gadh0GktQQAwiUWsoABB80f1i5_zgl1gkpLvkNJDmkGuaOKN6TYS31fiQQJNsAFcehbMUfWgB6KBOLmfPCPA3d4a_M9TkwBUijUxqSwXjISqvlwPnUflWbq7gNdEzRKPDSGlNcQvfXnt1wIDsZ1BeVY6wgXbE6nmOPhMO4h2XBmgAtc0AwQtKe6gtUmxHmjq9ZWGAC2t1ZOkYSKmXNGk3LNilJfmabxZBgcrCGmvOmXJ8V9gRNlUqytIMBj5-mfnK_D0QzipSFfxJKL_IUre_wUO4TQZB0U9kbxPYR1QMXq3NYUCuiGI1A7hm7qDCfKtCA6hzHunLNVXoK3cfKfeg7Hj7Y3QYQE_DY28gH63UY5KaYEiMDfFQJAwMhik7PqbzalIncKiZ8D40YliEO-5Unk5TTpvqbh_vRMAfP-qeDn_ejkBWQznxAoOy5Cv6T-UfV7B8Xhh_4Sat1m6KULKdbzRK6XAxGHBmGVGjzMpaM386t2Nfw53DjWe1GTa2-kzKSrLbNmCHVZ6F-HKcdRl6HCE3RPQA7VOMAr1GDt_6-vupmCEeBr9ThtijaoLPP4hMcXp2Rd5_RCQ7_cPmhEFbVxftGIuOgYsOLl6F3vD8Zpfj98AwoeHh8eEYPB-6EKsvhWrbZu_YHEXVo8Df1uudk-b9gFrIsUniVujn0fCk&cs=1_3286ac95&s=224&t=JA&pos=101&cpc=6FC5BA77C9A4CD78&ja=377506142&guid=0000019c8d60d7ffbb4a92978a900019&jobListingId=1010042799313&ea=1&vt=e&cb=1771901673000&ctt=1771937300275&srs=EMAIL_JOB_ALERT&gdir=1
Enlyte; Senior .NET Developer (req id: 18516); 88-120k; 2/24/26;Open; 2/24/26;; https://jobright.ai/jobs/info/699d8db3ce78e77b4fe29c4b?utm_source=1121&imp_id=3673496432511879909__instant_push__1771963747485_2624&utm_medium=email
Pedigo Staffing Services; Microsoft .NET Developer - Texas Railroad Commission - Austin, TX; ; 2/24/26;Open; 2/24/26;; https://jobright.ai/jobs/info/699d0d7be0bddb6acacc28e7?utm_source=1121&imp_id=3673496432511879909__instant_push__1771963747485_2624&utm_medium=email
Realign; .Net Developer (Remote) (Louisville, KY); 125k; 2/24/26;Open; 2/24/26;; https://www.glassdoor.com/job-listing/net-developer-remote-realign-JV_IC1137724_KO0,20_KE21,28.htm?jl=1010042716325&utm_source=jobalert&utm_medium=email&utm_term=jatimepostedcontrol&utm_content=ja-jobpos1-agept-1010042716325&utm_campaign=jobAlertAlert&tgt=GD_JOB_VIEW&src=GD_JOB_AD&uido=7A57A36BECDA9E413E76BB41CD0D8A0B&ao=1136043&jrtk=5-yul1-0-1ji85f0lim93j802-8a90eeee9e7342b4&cs=1_0fcfe896&s=224&t=JA&pos=101&ja=378462087&guid=0000019c902b130595ecbaa2fff2bc12&jobListingId=1010042716325&vt=e&cb=1771948180557&ctt=1771964960971&srs=EMAIL_JOB_ALERT&gdir=1
Olivine (CA); .NET Software Developer; 85-120k; 2/24/26;Open; 2/24/26;; https://www.glassdoor.com/job-listing/net-software-developer-olivine-JV_KO0,22_KE23,30.htm?jl=1010042423528&utm_source=jobalert&utm_medium=email&utm_term=jatimepostedcontrol&utm_content=ja-jobpos2-agept-1010042423528&utm_campaign=jobAlertAlert&tgt=GD_JOB_VIEW&src=GD_JOB_AD&uido=7A57A36BECDA9E413E76BB41CD0D8A0B&ao=1136043&jrtk=5-yul1-0-1ji85f0lim93j802-772fad816f2e18e1&cs=1_154bfcdd&s=224&t=JA&pos=102&ja=378462087&guid=0000019c902b130595ecbaa2fff2bc12&jobListingId=1010042423528&vt=e&cb=1771948180557&ctt=1771964964762&srs=EMAIL_JOB_ALERT&gdir=1
General Dynamics Information Technology; Back End Developer(Falls Church VA - Not Remote); 107-145k; 2/24/26; Rejected; 3/24/2026;; https://www.glassdoor.com/job-listing/back-end-developer-general-dynamics-information-technology-JV_IC1130361_KO0,18_KE19,58.htm?jl=1010039372702&utm_source=jobalert&utm_medium=email&utm_term=jatimepostedcontrol&utm_content=ja-jobpos10-age4d-1010039372702&utm_campaign=jobAlertAlert&tgt=GD_JOB_VIEW&src=GD_JOB_AD&uido=7A57A36BECDA9E413E76BB41CD0D8A0B&ao=1136043&jrtk=5-yul1-0-1ji85f0lim93j802-349d6ea8d8c33855&cs=1_725ab7c6&s=224&t=JA&pos=110&ja=378462087&guid=0000019c902b130595ecbaa2fff2bc12&jobListingId=1010039372702&vt=e&cb=1771948180557&ctt=1771965009111&srs=EMAIL_JOB_ALERT&gdir=1
Intelex Technologies ULC (Job Id: 8066) ; Software Developer; ; 2/24/26; Rejected; 3/24/2026;; https://www.linkedin.com/jobs/view/4334880651/?trackingId=2TxtcI6H%2F%2B1vmFz0wESwwg%3D%3D&refId=OJvRXv2NmWFyXKCjyBMu%2Bg%3D%3D&midToken=AQE_3XQkBAKpjA&midSig=07mbUiQcUREs81&trk=eml-email_job_alert_digest_01-primary_job_list-0-jobcard_body_1_jobid_4334880651_ssid_14583149772_fmid_mw6pip~mm0s4zls~r9&trkEmail=eml-email_job_alert_digest_01-primary_job_list-0-jobcard_body_1_jobid_4334880651_ssid_14583149772_fmid_mw6pip~mm0s4zls~r9-null-mw6pip~mm0s4zls~r9-null-null&eid=mw6pip-mm0s4zls-r9&otpToken=MTMwNjE2ZTQxMTJmY2ZjMWJkMmQwZmViNDExOWU2YmQ4YmM2ZDE0NDlkYWE4OTZlN2JkYTAyNmU0ODVlNTlmMGZlZDRkY2ViMThlMmI4ZmM0Njg0ZmY4NjI5MzRhYTQwMzg4OThmMWZkMjgxNWYwY2E2MWQxZDAzNjMsMSwx
Applied Systems ; Software Engineer / Sr Software Engineer; 60-140k; 2/24/26;Open; 2/24/26;;  https://www.linkedin.com/jobs/view/4315227856/?trackingId=%2FGlYQTgUrQE4FzRdvOuQKg%3D%3D&refId=OJvRXv2NmWFyXKCjyBMu%2Bg%3D%3D&midToken=AQE_3XQkBAKpjA&midSig=07mbUiQcUREs81&trk=eml-email_job_alert_digest_01-primary_job_list-0-jobcard_body_2_jobid_4315227856_ssid_14583149772_fmid_mw6pip~mm0s4zls~r9&trkEmail=eml-email_job_alert_digest_01-primary_job_list-0-jobcard_body_2_jobid_4315227856_ssid_14583149772_fmid_mw6pip~mm0s4zls~r9-null-mw6pip~mm0s4zls~r9-null-null&eid=mw6pip-mm0s4zls-r9&otpToken=MTMwNjE2ZTQxMTJmY2ZjMWJkMmQwZmViNDExOWU2YmQ4YmM2ZDE0NDlkYWE4OTZlN2JkYTAyNmU0ODVlNTlmMGZlZDRkY2ViMThlMmI4ZmM0Njg0ZmY4NjI5MzRhYTQwMzg4OThmMWZkMjgxNWYwY2E2MWQxZDAzNjMsMSwx
Tibersoft (Cultura Technologies); Application Developer; ; 2/25/2026;Open; 2/25/2026;; https://www.linkedin.com/jobs/view/4377197719/?eBP=NOT_ELIGIBLE_FOR_CHARGING&refId=E3W4eZfaDuQxhecUd5yjlQ%3D%3D&trackingId=5WbTWhebhjzPnO4DA2ZyVw%3D%3D&trk=flagship3_search_srp_jobs
YaYa Flix; Freelance Full Stack .NET Developer (Remote); 5-15k/Mo; 2/25/26;Open; 2/25/26;; https://www.indeed.com/viewjob?cmp=YaYa-Flix&t=Full+Stack+Developer&jk=593bf40909c717ad&q=back+end+developer&xpse=SoBI67I3mI_H1Dyw650LbzkdCdPP&xfps=abda09c4-f788-4615-887d-f52b88bc40db&xkcb=SoBw67M3mI_KqoySrh0PbzkdCdPP&vjs=3
Sean E. Merryman Placements (Knoxville position); Sr. Dot Net Developer with Blazor and C-Stores; ; 2/25/26; Rejected; 3/25/2026;; https://www.indeed.com/viewjob?jk=fbc58bdc6bff0a20&q=back+end+developer&l=Remote&tk=1ji8rhbagg6l583k&from=web&advn=141715238018225&adid=456888339&ad=-6NYlbfkN0BulUYP0VXvka74vK-gchix3kDHo4BwjONfZ3bhUXFKQNLLYUHJ51FocZEXzN3tomzz141yPG0ykedwXcgKF18IYWYpjxjMEYob7AQY1TqfaZ1JNU1MGhuDJzoHYRlWhwlFkDN-9B7ayemfDKNmyH-qlAjfjUhDR8fm0_B9O2T0RxKe8ApLDoesNoKHw9-iHkfFysWal2sX2IUXcAonMMA7cYFbCupDl7Au5y62DYjlcdQj8tRinBMrbHIbnLR3MoNEYYO-rYFBfitdlwFLLXAJbXRve0mjsEthRqMnaZUb7eX99atIzbIITDCvNbm0wTVtOSaew3yIbOyEVKkGuS-C5JK9iA9caZNF6Yc5NaC-fGHpZathMGEY8hsQSCIXawW2hbsEn7r2wzwsimlRQvT-FKkB2Pry7fYg1JTrVXyd0RnGn_hNf0sbWrSmbrl1UZAnzRWHNXYu448vSeTUowXhsSuVJ08V_kYfA0lxIcTPWBGwrR5LaoX3MDGVloIWRMEtj-vPXy2K3PhzZay3EFnKakWOEaqH0KI%3D&pub=4a1b367933fd867b19b072952f68dceb&camk=UoKtGZLa3XLGhd8tUPMGeQ%3D%3D&xkcb=SoCX6_M3mI_KqoySrh0LbzkdCdPP&xpse=SoBe6_I3mI_JsMybXJ0NbzkdCdPP&xfps=47302847-3eb5-4b72-ad47-ae65b7842b7c&vjs=3
Softengine, Inc; .NET Backend Developer (ERP Experience Preferred); ; 2/25/26;Open; 2/25/26;; https://www.indeed.com/viewjob?jk=0431d35c1c1fb538&tk=1ji8rgjtcgnq586f&from=serp&vjs=3
Zigabyte Corporation (Maxwell AFB Montgomery AL); Web Services .NET/C# Developer; ; 2/25/26; Rejected; 3/25/2026;; https://www.indeed.com/viewjob?jk=c567da97430e51cd&tk=1ji8rf3n121f403m&from=serp&vjs=3 
Dominion VUE/DMS; Senior .NET Developer; 100k; 2/25/26; Rejected; 3/25/2026;; https://www.indeed.com/viewjob?jk=1bc057997ecf4c24&tk=1ji8r99tgglju8as&from=serp&vjs=3
RxSense; Full Stack Engineer; 140-155k; 2/25/26;Open; 2/25/26;; https://www.indeed.com/viewjob?jk=fb7767034681a24b&tk=1ji8r99tgglju8as&from=serp&vjs=3
Mitchell Martin, Inc.; PowerBuilder/C#/.Net Developer; 65-75/hr; 2/25/26;Open; 2/25/26;; https://www.dice.com/job-detail/db40e0fe-b53d-4691-a85e-280b0e9dceb2?filters.postedDate=ONE&filters.workplaceTypes=Remote&q=.net
Mercor; Software Engineer; 80-110/hr; 2/26/26;Open; 2/26/26;; https://www.linkedin.com/jobs/view/4377038440/?trackingId=G1PqUOBGRJugDI%2BqQ0QEcA%3D%3D&refId=KGTJqhWmRO%2BpX7ez95Ld%2Bg%3D%3D&midToken=AQE_3XQkBAKpjA&midSig=1UjLua81MkEY81&trk=eml-email_jobs_viewed_job_reminder_01-job_card-0-jobcard_body_4377038440&trkEmail=eml-email_jobs_viewed_job_reminder_01-job_card-0-jobcard_body_4377038440-null-mw6pip~mm19a9dm~9-null-null&eid=mw6pip-mm19a9dm-9&otpToken=MTMwNjE2ZTQxMTJmY2ZjMWJkMmQwZmViNDExOWU2YmQ4OGM4ZDg0OTlhYWY4ZTZkN2JkYTAyNmU0ODVlNTlmMGZlZDRkY2ViMThjYWUxYzc0MDkyYzJiMjA5OTBlZThjM2E2YTRjNzUyNWFjOGM0ZWYxYjc0YjcwYjIsMSwx
Orbis; Senior Software Engineer; 200-300k; 2/26/26;Open; 2/26/26;; https://www.linkedin.com/jobs/view/4369213104/?trackingId=LzaRuhlBvb%2Bi%2FBYin3qOuw%3D%3D&refId=wZ9z%2BVqIA71HuzOaZsMQ3A%3D%3D&midToken=AQE_3XQkBAKpjA&midSig=2GARuGHjZzFI81&trk=eml-email_job_alert_digest_01-primary_job_list-0-jobcard_body_3_jobid_4369213104_ssid_15257593100_fmid_mw6pip~mm23aiqc~en&trkEmail=eml-email_job_alert_digest_01-primary_job_list-0-jobcard_body_3_jobid_4369213104_ssid_15257593100_fmid_mw6pip~mm23aiqc~en-null-mw6pip~mm23aiqc~en-null-null&eid=mw6pip-mm23aiqc-en&otpToken=MTMwNjE2ZTQxMTJmY2ZjMWJkMmQwZmViNDExOWU1YjQ4ZGM5ZDc0NTlmYWE4ZTZjN2JkYTAyNmU0ODVlNTlmMGZlZDRkY2ViMThjZWJiZDA0MGFiYWZhNDJkZDVmNjNhZDg0NDViNmM5ZjFiZmU4ZjVkMTAyMTY3MzEsMSwx
FinThrive; Software Engineer; ; 02/26/26;Open; 02/26/26;; https://www.linkedin.com/jobs/view/4315871658/?trackingId=jf1qhNDOOgKyPZSGX8IXxQ%3D%3D&refId=gMvg80xRhhGUvKipqvkqug%3D%3D&midToken=AQE_3XQkBAKpjA&midSig=1eBubATPfJHc81&trk=eml-email_job_alert_digest_01-primary_job_list-0-jobcard_body_0_jobid_4315871658_ssid_15257593100_fmid_mw6pip%7Emm3rb0ei%7E4i&trkEmail=eml-email_job_alert_digest_01-primary_job_list-0-jobcard_body_0_jobid_4315871658_ssid_15257593100_fmid_mw6pip%7Emm3rb0ei%7E4i-null-mw6pip%7Emm3rb0ei%7E4i-null-null&eid=mw6pip-mm3rb0ei-4i
Grange Insurance; Senior software Engineer (.NET) / Architect; 90-172k; 2/26/26;Open; 2/26/26;; https://jobright.ai/jobs/info/69a084960836fe79d86180fb?utm_source=1121&imp_id=3673496432511879909__instant_push__1772127479278_7299&utm_medium=email 
Mutual of Omaha; Engineer II; 125-135k; 2/26/26;Open; 2/26/26;; https://www.glassdoor.com/job-listing/engineer-ii-mutual-of-omaha-JV_KO0,11_KE12,27.htm?jl=1010045879139&utm_source=jobalert&utm_medium=email&utm_term=jatimepostedcontrol&utm_content=ja-jobpos3-agept-1010045879139&utm_campaign=jobAlertAlert&tgt=GD_JOB_VIEW&src=GD_JOB_AD&uido=7A57A36BECDA9E413E76BB41CD0D8A0B&ao=1136043&jrtk=5-yul1-0-1jid9bolpjcnt800-e4eee0c9ff41c6e6&cs=1_1002bc55&s=224&t=JA&pos=103&ja=378462087&guid=0000019c9a77ba9b89d4a6346c8bab3a&jobListingId=1010045879139&vt=e&cb=1772120040437&ctt=1772132157254&srs=EMAIL_JOB_ALERT&gdir=1
Arrowhead Promotion & Fulfillment; Senion Backend Engineer; 135-165k; 2/26/26; Rejected; 3/26/2026;; https://www.glassdoor.com/job-listing/senior-backend-engineer-arrowhead-promotion-fulfillment-JV_KO0,23_KE24,55.htm?jl=1010045408153&utm_source=jobalert&utm_medium=email&utm_term=jatimepostedcontrol&utm_content=ja-jobpos9-agept-1010045408153&utm_campaign=jobAlertAlert&tgt=GD_JOB_VIEW&src=GD_JOB_AD&uido=7A57A36BECDA9E413E76BB41CD0D8A0B&ao=1136043&jrtk=5-yul1-0-1jid9bolpjcnt800-70f0b596c2d12109&cs=1_daf95fc2&s=224&t=JA&pos=109&ja=378462087&guid=0000019c9a77ba9b89d4a6346c8bab3a&jobListingId=1010045408153&vt=e&cb=1772120040438&ctt=1772132217629&srs=EMAIL_JOB_ALERT&gdir=1
Paradigm; IT Software Engineer III; 92-150k; 2/26/26; Rejected; 3/26/2026;; https://www.glassdoor.com/job-listing/it-software-engineer-iii-paradigm-corp-JV_KO0,24_KE25,38.htm?jl=1010045304299&utm_source=jobalert&utm_medium=email&utm_term=jatimepostedcontrol&utm_content=ja-jobpos13-agept-1010045304299&utm_campaign=jobAlertAlert&tgt=GD_JOB_VIEW&src=GD_JOB_AD&uido=7A57A36BECDA9E413E76BB41CD0D8A0B&ao=1136043&jrtk=5-yul1-0-1jid9bolpjcnt800-dced17e111b5caa4&cs=1_637f1992&s=224&t=JA&pos=113&ja=378462087&guid=0000019c9a77ba9b89d4a6346c8bab3a&jobListingId=1010045304299&vt=e&cb=1772120040438&ctt=1772132265154&srs=EMAIL_JOB_ALERT&gdir=1
Infinite Computer Solutions (ICS); Senior .Net Fullstack developer with ADA/WCAF; ; 3/2/26;Open; 3/2/26;; https://www.linkedin.com/jobs/view/4378846776/
Sightview Software; Dotnet Developer; ; 3/2/26; Rejected; 3/2/2026;; https://www.linkedin.com/jobs/view/4378842327/
Patch My PC; Senior Software Engineer; 150-170k; 3/2/26; Rejected; 3/2/2026;; https://jobright.ai/jobs/info/69a5c86e359fe034b1d06192
Bloomerang; Sr. Software Engineer CRM; 10-155k; 3/2/26; Rejected; 3/2/2026;; https://boards.greenhouse.io/embed/job_app?token=4642819005&utm_source=jobright
Cox-Little & Company; Prophet 21 Developer; ; 3/2/26; Rejected; 3/2/2026;; https://www.linkedin.com/jobs/view/4378836254/
Petadata; Senior .NET Developer; ; 3/2/26;Open; 3/2/26;; https://www.linkedin.com/jobs/view/4378664152/
Satwic Inc; Senior .NET Developer; ; 3/2/26;Open; 3/2/26;; https://www.linkedin.com/jobs/view/4378618876/
Topstep; Senior Software Engineer; 175-210k; 3/2/26; Rejected; 4/10/26;; https://boards.greenhouse.io/embed/job_app?token=7612637003&utm_source=jobright
EnIn Systems; Senior Dot Developer; 50-55/hr; 3/2/26;Open; 3/2/26;; https://www.linkedin.com/jobs/view/4378381520/
Solvd; software Engineer (C#/.NET); ; 3/2/26;Open; 3/2/26;; https://solvdus.bamboohr.com/careers/34?source=aWQ9MTg%3D
Azad Technology Partners; Software Developer / Programer 3 - C# and .NET; 62-75/hr; 3/2/26;Open; 3/2/26;; https://www.indeed.com/viewjob?jk=df39ad3ae0810b6a
Tilt; Staff Backend Engineer, Cards; ; 3/2/26;Open; 3/2/26;; https://jobright.ai/jobs/info/68cd1a78b2a74e1837ed2712
The Cincinnati Insurance Companies; IT - Developer I - IV (Remote); ;3/2/26;Open;3/2/26;; https://www.linkedin.com/in/craig-johnson-181731327/
Meridian Cooperative; Software Engineer II; ;3/2/26;Open;3/2/26;; https://jobright.ai/jobs/info/69712707587dfa0bb55eafd8
Comtello 14622; C1274 Software Developer; ; 3/2/26;Open; 3/2/26; Received request for fill out Skills Matrix and References.  Returned completed forms. 30 month contract; https://www.linkedin.com/jobs/view/4379237416/
Corpay; Senior Application Developer; 110-140k; 3/2/26;Open; 3/2/26;; https://jobright.ai/jobs/info/69a14b63d29bbd4d8e6af1e6
Staffing Specifix; .NET Developer (Remote - Miami, FL based company); 100-120k; 3/2/26;Open; 3/2/26;;  https://www.ziprecruiter.com/jobs/a/b?lk=BMV3k7LjEXmDzu7m1sml2w&tsid=111000153
Strata-G (Oak Ridge) ; IT Senior Engineer; ;3/2/26;Open;3/2/26;; https://www.glassdoor.com/job-listing/it-senior-engineer-strata-g-JV_IC1144404_KO0,18_KE19,27.htm?jl=1010046778561&utm_source=jobalert&utm_medium=email&utm_term=jatimepostedcontrol&utm_content=ja-jobpos1-age3d-1010046778561&utm_campaign=jobAlertAlert&tgt=GD_JOB_VIEW&src=GD_JOB_AD&uido=7A57A36BECDA9E413E76BB41CD0D8A0B&ao=1136043&jrtk=5-yul1-0-1jio6ai09l6gl800-99b361dbdf3222fc&cs=1_4ee467d5&s=224&t=JA&pos=101&ja=378136207&guid=0000019cb05a99a28d5cca41f32c0bf3&jobListingId=1010046778561&ea=1&vt=e&cb=1772485954658&ctt=1772485977757&srs=EMAIL_JOB_ALERT&gdir=1
BrothersTech; Dotnet Developer; ; 3/4/26; Rejected; 3/4/2026;; https://www.linkedin.com/jobs/view/4378930994/
State Street; Software Engineer II, Off; 70-119k; 3/4/26;Open; 3/4/26;; https://jobright.ai/jobs/info/699d426381476f6176b60f8e?utm_source=1121&imp_id=3673496432511879909__instant_push__1772640050170_692&utm_medium=email
American Specialty Health; Software Engineer II; 79-119k; 3/4/26;Open; 3/4/26;; https://www.glassdoor.com/job-listing/software-engineer-ii-american-specialty-health-JV_KO0,20_KE21,46.htm?jl=1010051618166&utm_source=jobalert&utm_medium=email&utm_term=jatimepostedcontrol&utm_content=ja-jobpos1-age1d-1010051618166&utm_campaign=jobAlertAlert&tgt=GD_JOB_VIEW&src=GD_JOB_AD&uido=7A57A36BECDA9E413E76BB41CD0D8A0B&ao=1136043&jrtk=5-yul1-0-1jisn5nidiucn800-b94794a11cbf169d&cs=1_853aff6b&s=224&t=JA&pos=101&ja=378462087&guid=0000019cb95dd56d824e34d16168ddf4&jobListingId=1010051618166&vt=e&cb=1772637839288&ctt=1772644671002&srs=EMAIL_JOB_ALERT&gdir=1
JPPA - Jackson and Perkins; Software Developer; 80-150k; 3/4/26;Open; 3/4/26;; https://www.glassdoor.com/job-listing/software-developer-jppa-jackson-and-perkins-JV_KO0,18_KE19,43.htm?jl=1010050377626&utm_source=jobalert&utm_medium=email&utm_term=jatimepostedcontrol&utm_content=ja-jobpos9-age2d-1010050377626&utm_campaign=jobAlertAlert&tgt=GD_JOB_VIEW&src=GD_JOB_AD&uido=7A57A36BECDA9E413E76BB41CD0D8A0B&ao=1136043&jrtk=5-yul1-0-1jisn5nidiucn800-0a6d9a0f057234e7&cs=1_7f0ba5b8&s=224&t=JA&pos=109&ja=378462087&guid=0000019cb95dd56d824e34d16168ddf4&jobListingId=1010050377626&ea=1&vt=e&cb=1772637839290&ctt=1772644716655&srs=EMAIL_JOB_ALERT&gdir=1
Capgemini Engineering; Senior Dotnet Developer; 135-145k; 3/4/26;Open; 3/4/26;; https://www.linkedin.com/jobs/view/4379453883/
Versaterm; Software Engineer II; ; 3/4/26; Rejected; 4/4/2026;; https://jobright.ai/jobs/info/69a868d72580d3183f007fdb?utm_source=1025&imp_id=3673496432511879909__digest_job_alert__1772645099451_1919&utm_medium=email
Mesa Associates; Senior Backend Developer; 69-120k; 3/4/26; Rejected; 4/4/2026;; http://glassdoor.com/Job/index.htm?utm_source=jobsForYou&utm_medium=email&utm_term=jfytspvar2&utm_content=jobs-for-you-jobsForYou-jobpos2-age30d-1010008870510&utm_campaign=jobsForYou&src=GD_JOB_AD&uido=7A57A36BECDA9E413E76BB41CD0D8A0B&ao=1136043&jrtk=5-yul1-1-1jiscq11ij0r6800-f191b0dc85910e13&cs=1_aab0a777&s=362&t=REC_JOBS&pos=102&guid=0000019cb14958a085ec6185c232c9ef&jobListingId=1010008870510&ea=1&rdforyou=true&vt=e&cb=1772626970394&gdir=1
Motion Recruitment; .NET Developer/Microservices/Knoxville, TN; ; 3/4/26;Open; 3/4/26;; https://www.ziprecruiter.com/co/Motion-Recruitment/Jobs/-in-Knoxville,TN?uuid=KOwJGkdRvDNlur9AMC4w3HjpV%2B8%3D&radius=50&lk=vC74g-l3H-OM_ZseNQEN4w
Collasys LLC; .NET Vue.js Developer; DOE; 3/4/26;Open; 3/4/26;; https://www.dice.com/job-detail/b17aff44-53fe-4c19-a673-1df7e2338a88
TechHuman; Full-Stack .NET Developer; ; 3/4/26;Open; 3/4/26;; https://www.dice.com/job-detail/c9c6c500-10c9-48f3-ac66-d1c6fa69b2fe
FedEx; Full Stack Developer II; 80-141k; 3/4/26; Rejected; 4/4/2026;; https://www.indeed.com/viewjob?jk=7080e5bbffe9d193&tk=1jir6o87mgidq8k6&from=serp&vjs=3
Jerry AI; Software Engineer II (Full-Stack. Backend-leaning); 100-185k; 3/4/26;Open; 3/4/26;; https://www.indeed.com/viewjob?jk=c7b4eebc071a11a8&tk=1jir7b44agktn81v&from=serp&vjs=3
ComplexCare Solutions; Senior Software Development Engineer; 129-194k; 3/5/26;Open; 3/5/26;; https://www.indeed.com/viewjob?jk=24d0cc330b70d400&tk=1jitft1qhgnkh800&from=serp&vjs=3
Bluebeam; Senior Software Engineer; 129-178k; 3/6/26; Rejected; 4/6/2026;; https://jobright.ai/jobs/info/69aa35459ca4e908ec658bce?utm_source=1121&imp_id=3673496432511879909__instant_push__1772765024964_665&utm_medium=email
Rhythmllnk International LLC; 85-100k; 3/6/26;; Rejected;04/05/26;; https://www.ziprecruiter.com/jobs/a/b?lk=7yfVES0iBMGoOorsI_Y7DA&tsid=111000153
JSR Tech Consulting; .Net Developer - Remote; ; 3/6/26;Open; 3/6/26;; https://www.linkedin.com/jobs/view/4379659806/?trackingId=SH6AlJH%2BRxq%2BO2pqinxWtA%3D%3D&refId=ucKDuruTTzijC4wJ1%2FyMaw%3D%3D&midToken=AQE_3XQkBAKpjA&midSig=302frv7AfxRs81&trk=eml-email_jobs_viewed_job_reminder_01-job_card-0-jobcard_body_4379659806&trkEmail=eml-email_jobs_viewed_job_reminder_01-job_card-0-jobcard_body_4379659806-null-mw6pip~mme5usoe~jt-null-null&eid=mw6pip-mme5usoe-jt&otpToken=MTMwNjE2ZTQxMTJmY2ZjMWJkMmQwZmViNDExOWU1YjM4YWM5ZDI0MTk4YWE4NjZlN2JkYTAyNmU0ODVlNTlmMGZlZDRkY2ViMThlYWY5ZDg0ZmE2YWZiNjE1OTM3ODU1OGVlNmY3OTM1OWE1OTMzZjc2NjZiZGYyNTksMSwx
Pentangle Tech Services | PS Group; Software Developer; ; 3/6/26;Open; 3/6/26;; https://www.linkedin.com/jobs/view/4381111436/?trackingId=B1dNFbZNSseDVDQ2iN05Ow%3D%3D&refId=TJcbJoT6SfaPw3KP0kcYgw%3D%3D&midToken=AQE_3XQkBAKpjA&midSig=302frv7AfxRs81&trk=eml-email_jobs_viewed_job_reminder_01-job_card-0-jobcard_body_4381111436&trkEmail=eml-email_jobs_viewed_job_reminder_01-job_card-0-jobcard_body_4381111436-null-mw6pip~mme5usoe~jt-null-null&eid=mw6pip-mme5usoe-jt&otpToken=MTMwNjE2ZTQxMTJmY2ZjMWJkMmQwZmViNDExOWU1YjM4YWM5ZDI0MTk4YWE4NjZlN2JkYTAyNmU0ODVlNTlmMGZlZDRkY2ViMThlYWY5ZDg0ZmE2YWZiNjE1OTM3ODU1OGVlNmY3OTM1OWE1OTMzZjc2NjZiZGYyNTksMSwx
Medical Solutions; Senior Software Developer; 110-150k; 3/6/26;Open; 3/6/26;; https://www.linkedin.com/jobs/view/4373867998/?trackingId=ldJNmhiFA3Am6knbv8RGrA%3D%3D&refId=71ykYt5mpUAvZPArxeVQNg%3D%3D&midToken=AQE_3XQkBAKpjA&midSig=2JgcGaeY2QRs81&trk=eml-email_job_alert_digest_01-primary_job_list-0-jobcard_body_5_jobid_4373867998_ssid_14583149772_fmid_mw6pip~mme48xgi~qf&trkEmail=eml-email_job_alert_digest_01-primary_job_list-0-jobcard_body_5_jobid_4373867998_ssid_14583149772_fmid_mw6pip~mme48xgi~qf-null-mw6pip~mme48xgi~qf-null-null&eid=mw6pip-mme48xgi-qf&otpToken=MTMwNjE2ZTQxMTJmY2ZjMWJkMmQwZmViNDExOWU1YjM4YWNhZDQ0OTljYTY4NjZkN2JkYTAyNmU0ODVlNTlmMGZlZDRkY2ViMThkOWIwZjMwN2IyZDZiODE1ZGRiZDgxNWVmNmM5ODljMmIxNTc3ODUxMzIwYjRkZjUsMSwx
Consilio LLC; Software Engineer; ; 3/6/26;Open; 3/6/26;; https://www.linkedin.com/jobs/view/4371188962/?trackingId=oYOJiHK%2B2Ik%2B5BY95gYg4g%3D%3D&refId=Zn%2BtYxtzWdR10lpOFCbnbA%3D%3D&midToken=AQE_3XQkBAKpjA&midSig=2uPz971eXZSc81&trk=eml-email_job_alert_digest_01-primary_job_list-0-jobcard_body_3_jobid_4371188962_ssid_14583149772_fmid_mw6pip~mmey966s~vk&trkEmail=eml-email_job_alert_digest_01-primary_job_list-0-jobcard_body_3_jobid_4371188962_ssid_14583149772_fmid_mw6pip~mmey966s~vk-null-mw6pip~mmey966s~vk-null-null&eid=mw6pip-mmey966s-vk&otpToken=MTMwNjE2ZTQxMTJmY2ZjMWJkMmQwZmViNDExOWU1YmM4ZmNhZDk0OTljYWU4YzZiN2JkYTAyNmU0ODVlNTlmMGZlZDRkY2ViMThlOGY5Y2I1YzhlZDk5OTJjMmMwZTJjNmNhMTMyOTRlNTdjYmFjNWM2MDg3ZGUwNjQsMSwx
McKeesson Corporation; Sr IT Architect; 120-200k; 3/9/26; Rejected; 4/9/2026;; https://www.dice.com/job-detail/c4479a9b-2691-44b8-bf33-512a5b006109
Vitu Inc (Irmo SC); Software Engineer II (Remote); 83-120k; 3/9/26;Open; 3/9/26;; https://www.indeed.com/viewjob?jk=da6dc11d7a9bbe6e&tk=1jj6ut0tqgbjv82d&from=serp&vjs=3
INSPYR Solutions; Backend Engineer IV; 70-80/hr; 3/9/26;Open; 3/9/26;; https://www.indeed.com/viewjob?jk=7e619b37fd8bd278&q=back+end+developer&l=Remote&tk=1jj70q4h6ggr88b9&from=web&advn=6945276853420289&adid=413296650&ad=-6NYlbfkN0DfB6htSmwtpiA3_nwa1_Feoou46x6KuTQRuIGtW6X1AQKaGgDfTCyOz1sNZoyRREPOMhqeTVTrw58sVYEKtAA6Bk13_dpfttme2dOn0m6t7Aafof9DY_nxcG5HzT6QUzGeemrc0TxJ_C-tF75pFx3UKtpYVzJa254xbEwF2bV5m3QKDPKMKcZq4Y-rgJirWv9NbeDqTO3A7n7StgIVcjXklzrQMxV2QWwNQRkofTLR7ssT06YnTRWeIyvqRjndcK899FuQIlLuPKvfVJXyrA3Tj8LW-y797WgvCYG7JBro2WLY2-FYOMHdXUxmmLqEAATjf2DGbTehkgGpF4rZffcEJV_D6vCj7ldGlVBWGxH6gLaZmkyguIgb831Co3U4xrasq_R0qCjAD-yuL0jpNjKp_qtqQtp-GVuh_M8vX3tGUMkxbMWiL1oOwdOQ82P77HNX6WP0T6_elC0RipfowyzdBnomvUD18B5rW2aB7yu6SFYZWfWpwjUQJZIZWkVSJ4_Jc7aVPfgpZTNL-FpXVpqFG-vpQEiDvRuwMOwRthcFtg%3D%3D&sjdu=OQKmxPM5xCf-HGe0jZEAbeEuVP8WUUyP4TIe8fxBRyGY1R9DH7c0Slu1D1C06JAuflYHd4yhEJL4rYOd9vXJ5knuAndd4P8A4jrBbxw77JjHGwEn77iuNGLazuT2IGFxILj0KfiYmRyYuKpJMPm6Vtq9wIF6L5JCaAvk8VENu78E4iXN_iNHO08PWOKi8B1CTJVmBt4gCyG-7jNWwAoOgPpCzVQqPnpSWHjA7fJHBepdqm30xdfvkF6gzF4jEKXsDirFyCdWrPjyQG2nsef6MQ&acatk=1jj70rshnggik803&pub=4a1b367933fd867b19b072952f68dceb&camk=f416UQcMBpC5yZa8RWmvUA%3D%3D&xkcb=SoA-6_M3mnJnQ6AW_z0JbzkdCdPP&xpse=SoAH6_I3mnJgSuy0kJ0ObzkdCdPP&xfps=c1c779b5-2df1-47e5-a883-4764f802edd3&vjs=3
Collette; Software Engineer II; 80-140k; 3/9/26;Open; 3/9/26;; https://www.linkedin.com/jobs/view/4382175934/?trackingId=ZDEb2d1lS8jH1ktcx4c6iA%3D%3D&refId=WmIzPuVNjSemuzS%2B%2FSHJwA%3D%3D&midToken=AQE_3XQkBAKpjA&midSig=3x7aj2L0QIVs81&trk=eml-email_job_alert_digest_01-primary_job_list-0-jobcard_body_3_jobid_4382175934_ssid_14583149772_fmid_mw6pip~mmi1pie9~on&trkEmail=eml-email_job_alert_digest_01-primary_job_list-0-jobcard_body_3_jobid_4382175934_ssid_14583149772_fmid_mw6pip~mmi1pie9~on-null-mw6pip~mmi1pie9~on-null-null&eid=mw6pip-mmi1pie9-on&otpToken=MTMwNjE2ZTQxMTJmY2ZjMWJkMmQwZmViNDExOWU1YmQ4NmNjZDA0OTkxYTc4YjZhN2JkYTAyNmU0ODVlNTlmMGZlZDRkY2ViMThlY2I4ODY1ZWJkZDU5ZTE1YWMwYTVhYmU3Y2EwMzk4M2Q0OTA5ZmM2MWVjMjRlY2UsMSwx
Dexian; Software Engineer (Entra ID/C#/Power Apps); 60-63/hr; 3/9/26;Open; 3/9/26;; https://www.linkedin.com/jobs/view/4381059604/?trackingId=gpDwLN%2B3%2BrBvnkjMeiz4Cw%3D%3D&refId=WmIzPuVNjSemuzS%2B%2FSHJwA%3D%3D&midToken=AQE_3XQkBAKpjA&midSig=3x7aj2L0QIVs81&trk=eml-email_job_alert_digest_01-primary_job_list-0-jobcard_body_5_jobid_4381059604_ssid_14583149772_fmid_mw6pip~mmi1pie9~on&trkEmail=eml-email_job_alert_digest_01-primary_job_list-0-jobcard_body_5_jobid_4381059604_ssid_14583149772_fmid_mw6pip~mmi1pie9~on-null-mw6pip~mmi1pie9~on-null-null&eid=mw6pip-mmi1pie9-on&otpToken=MTMwNjE2ZTQxMTJmY2ZjMWJkMmQwZmViNDExOWU1YmQ4NmNjZDA0OTkxYTc4YjZhN2JkYTAyNmU0ODVlNTlmMGZlZDRkY2ViMThlY2I4ODY1ZWJkZDU5ZTE1YWMwYTVhYmU3Y2EwMzk4M2Q0OTA5ZmM2MWVjMjRlY2UsMSwx
General Dynamics (GDIT); Intermediate Software Developer; ; 3/9/26; Rejected; 4/9/2026;; https://www.dice.com/job-detail/bc9c97c4-2384-415f-afbc-6feb6ae32709?utm_source=job_alerts&utm_medium=email&utm_content=intellisearch&utm_campaign=10016128&%243p=e_iterable&_branch_match_id=1534279828681668966&_branch_referrer=H4sIAAAAAAAAAzWMy2rDMBBFv0bZ%2BSW5TlwwpSTkN4Qkj%2B1J9WIk412%2FvYqhMIt7z2HulnNMn00zo4FaxVhb9D%2BNiF%2BM9yJOIDEDKW3hUkAgXNErK3ey0%2Fb%2BZOKb8We54zjqc8MEV%2Bor6GqGrNCWos1oxqvpKy5ufdV3H0ulFm2qYQE9KBD82o5MPPfsZAo7GWDiUQakskA5MT68jYMZd1cMuHP1hCb4DD4XiiVYiwkUme3fKhcVrr7orm27oeO3yy%2FBAkToV6kpHAloum8UHPwBzzEenwkBAAA%3D
Laiba Technologies LLC; .NET Software Developer; ; 3/9/26;Open; 3/9/26;; https://www.dice.com/job-detail/b5848e13-2ba2-46da-b708-42816d3b4e8c?utm_source=job_alerts&utm_medium=email&utm_content=intellisearch&utm_campaign=10016128&%243p=e_iterable&_branch_match_id=1534279828681668966&_branch_referrer=H4sIAAAAAAAAAzWMSWrEMBBFT6PeyYPkOCJgQkjoawgNFbs6mijLeJezR20I1OL%2F96i%2F1Vr2t7736KAzpXQB008vyzsTkywLaKxAxga4NZAJV0wm6IPCsj0%2Fmfxg4t7uPM%2Fu2nA5tvrIlnuoBkMr9kVNCkbJhTWCT7M33L4Oik9CjbOXdgLlmLwfNeo9H%2BSAya82oE0AqjsT89NE8HjEZiBeqxd0OVVItVFsIQTcwZDb%2Fq2JxeCamh6HYZxHoW6%2FBN9AhGnVlvK5Ay2fG%2BUIf3kefP0JAQAA
Crossing Hurdles; Backend Developer | Remote; 85/hr; 3/9/26;Open; 3/9/26;; https://www.linkedin.com/jobs/view/4381356683/?trackingId=8uq5IBezL4F8iX5nw1kFzw%3D%3D&refId=JHwPf5%2Fr6jipp0rcBXvSvQ%3D%3D&midToken=AQE_3XQkBAKpjA&midSig=3xx5vTisLxWs81&trk=eml-email_job_alert_digest_01-primary_job_list-0-jobcard_body_5_jobid_4381356683_ssid_14583149764_fmid_mw6pip~mmj8kqok~qo&trkEmail=eml-email_job_alert_digest_01-primary_job_list-0-jobcard_body_5_jobid_4381356683_ssid_14583149764_fmid_mw6pip~mmj8kqok~qo-null-mw6pip~mmj8kqok~qo-null-null&eid=mw6pip-mmj8kqok-qo&otpToken=MTMwNjE2ZTQxMTJmY2ZjMWJkMmQwZmViNDExOWU0YjQ4OWNhZDQ0MzlhYTg4YzZiN2JkYTAyNmU0ODVlNTlmMGZlZDRkY2ViMThkOWU4ODQ3MmYyYWZiNzM1Zjc0MGZiOTBhYmIwZTAyZTA0MGQxNDU2NzY1ODgxYTYsMSwx
Healthconnect Texas; InterSystems HealthShare Developer; 100-130k; 3/9/26;Open; 3/9/26;; https://www.ziprecruiter.com/jobs/a/b?lk=MLgl_Qo0TTH7_Aqn3qpwzg&tsid=111000038
Goldman Edwards, Inc; Sr. Application Programmer/Developer; 100-140k; 3/9/26;Open; 3/9/26;; https://www.ziprecruiter.com/jobs/a/b?lk=8wwmA1kciW_06JLBeibMTQ&tsid=111000038
Multi-Bank Securities, Inc.; Senior .Net Developer; 10/-118k; 3/9/26;Open; 3/9/26;; https://www.ziprecruiter.com/jobs/a/b?lk=8wwmA1kciW_06JLBeibMTQ&tsid=111000038
Simple; Senior .NET/ MS SQL Developer; ; 3/9/26;Open; 3/9/26;; https://jobright.ai/jobs/info/69ad7e81142d5b4265fea459?utm_source=1121&imp_id=3673496432511879909__instant_push__1773027265123_281&utm_medium=email
Optum; Sr Software Engineer - Remote; 92-164k; 3/9/26;Open; 3/9/26;; https://www.glassdoor.com/job-listing/sr-software-engineer-remote-optum-JV_IC1142521_KO0,27_KE28,33.htm?jl=1010057360989&cs=1_294f37ec&s=362&t=REC_JOBS&pos=102&src=GD_JOB_AD&guid=0000019ccfe4cce990c9ce2fb0a36875&uido=7A57A36BECDA9E413E76BB41CD0D8A0B&jobListingId=1010057360989&ao=1136043&vt=e&jrtk=5-yul1-1-1jj7ur5nn2es2000-135ec7fbaed1555f&cb=1773074442750&ctt=1773074506103
Twilio; Software Engineer (L2); 117-172k; 3/9/26; Rejected; 4/9/2026;; https://www.glassdoor.com/job-listing/software-engineer-l2-twilio-JV_KO0,20_KE21,27.htm?jl=1010055051334&utm_source=jobalert&utm_medium=email&utm_term=jatimepostedcontrol&utm_content=ja-jobpos3-age3d-1010055051334&utm_campaign=jobAlertAlert&tgt=GD_JOB_VIEW&src=GD_JOB_AD&uido=7A57A36BECDA9E413E76BB41CD0D8A0B&ao=1136043&jrtk=5-yul1-0-1jj7pmh9ck8gt800-be7da78eacb2959f&cs=1_f43bf597&s=224&t=JA&pos=103&ja=388890994&guid=0000019ccf77bca0ab0e4ec195c377da&jobListingId=1010055051334&vt=e&cb=1773009585761&ctt=1773062736536&srs=EMAIL_JOB_ALERT&gdir=1
BlueVoyant; Back End Software Engineer, Microsoft Azure Technologies; ; 3/9/26; Rejected; 4/9/2026;; https://www.glassdoor.com/job-listing/back-end-software-engineer-microsoft-azure-technologies-bluevoyant-JV_KO0,55_KE56,66.htm?jl=1010056155285&utm_source=jobalert&utm_medium=email&utm_term=jatimepostedcontrol&utm_content=ja-jobpos5-age3d-1010056155285&utm_campaign=jobAlertAlert&tgt=GD_JOB_VIEW&src=GD_JOB_AD&uido=7A57A36BECDA9E413E76BB41CD0D8A0B&ao=1136043&jrtk=5-yul1-0-1jj7pmh9ck8gt800-45f67a14cc569676&cs=1_56e07bf8&s=224&t=JA&pos=105&ja=388890994&guid=0000019ccf77bca0ab0e4ec195c377da&jobListingId=1010056155285&ea=1&vt=e&cb=1773009585763&ctt=1773062752517&srs=EMAIL_JOB_ALERT&gdir=1
Versant Media (Orlando, FL); Software Engineer, Backend - Fandango; 72-131k; 3/9/26;Open; 3/9/26;; https://www.glassdoor.com/job-listing/software-engineer-backend-fandango-versant-media-JV_IC1154247_KO0,34_KE35,48.htm?jl=1010057443203&utm_source=jobalert&utm_medium=email&utm_term=jatimepostedcontrol&utm_content=ja-jobpos9-age2d-1010057443203&utm_campaign=jobAlertAlert&tgt=GD_JOB_VIEW&src=GD_JOB_AD&uido=7A57A36BECDA9E413E76BB41CD0D8A0B&ao=1136043&jrtk=5-yul1-0-1jj7pmh9ck8gt800-b055d25e510f862a&cs=1_142ef48a&s=224&t=JA&pos=109&ja=388890994&guid=0000019ccf77bca0ab0e4ec195c377da&jobListingId=1010057443203&ea=1&vt=e&cb=1773009585763&ctt=1773062788868&srs=EMAIL_JOB_ALERT&gdir=1
Imaging Healthcare Specialist; Solutions Engineer; 100-115k; 3/9/26;Open; 3/9/26;; https://www.glassdoor.com/job-listing/solutions-engineer-imaging-healthcare-specialists-JV_KO0,18_KE19,49.htm?jl=1010051984233&utm_source=jobalert&utm_medium=email&utm_term=jatimepostedcontrol&utm_content=ja-jobpos1-age5d-1010051984233&utm_campaign=jobAlertAlert&tgt=GD_JOB_VIEW&src=GD_JOB_AD&uido=7A57A36BECDA9E413E76BB41CD0D8A0B&ao=1110586&jrtk=5-yul1-0-1jj7haqu2l6jq80h-36db93c3f281e491---6NYlbfkN0DGsmOAQZ8xNGIxKtpl0SKH7QMWvxHDdIRMuauEB4PVhp743Re478j_dlgq2Jl2thN8FPKXAVbaQi_qn12hOqqmAdXU2JMvmMYjIWbTqPMHX_jhrqyGVNDGxMPW_0Y_cno9gYvyx65Ubkgo6lOI6wykqXTjpeyoEf8eb2pFC4e04tkW_ij4PavMreLwxvzKsyXO9iQSnuVOLaSzQeSJOzGczfa7KAx_4ItAIOT1OXemTrhLv2o0ymkUBjbxPahgH8LC7RNnV4XEKJG_rvyGnGckWChXYLEi13QL6BU60Aw0SeERzbJIbW-URWuz2bOtOPxhdQ-WG-Z-XJ45EgyWQm51qnlwHmswRGW5p9v_ED_COTCTrXVZcbFTJQBW2zZje7N78hrybkAcc3nzBYBZodk8InooynSWxz8pBdjY2iWrusQLzUG28pfYH7v59a3LF_52GH9CljnvYd2i4jZ9xJV9Gi5XUaNr9EajM5Mx-bDmzwOfDzhF8H_Fj6r27fbcXvd13Mqo36EIZnDq9HToNhYgifqqKeJWW4iL2tkh9klJ_WqTB9t_VUj1Cuszir7l_qz96X90FVetNUc0ERJYXm7IeuXtla1PG93DbI-mDYse3R1ZSWXH-ruRarIbGFTO3hRENaFp_35-TPHNmgyaHdi8v8qGjPlzjVQbonuB7FP-OsvFrgRAuhMQK5agqDfdhGToLHwkCj8lRBU71ujoQMAINkMERB4PEqL3XF1EC7SKzwT1ctaxJDBX4kH64FO9DJFU56ebj6rvuRdXm-1hY1nVENdRHzWxvfmCrMBdnHz6fn4hvMqOs9sK7Y5nKcgFPPhYXYnxouXIBA%3D%3D&cs=1_17005c6a&s=224&t=JA&pos=101&cpc=F7A2269C793D5877&ja=396299206&guid=0000019cced2f1aeaa135f3b92d4f595&jobListingId=1010051984233&vt=e&cb=1773000813810&ctt=1773062938233&srs=EMAIL_JOB_ALERT&gdir=1
Inspira Financial; Sr. Software Engineer (Remote); 107-137k; 3/9/26;Open; 3/9/26;;  https://www.glassdoor.com/job-listing/sr-software-engineer-remote-inspira-financial-trust-JV_IC1128935_KO0,27_KE28,51.htm?jl=1010055537719&utm_source=jobalert&utm_medium=email&utm_term=jatimepostedcontrol&utm_content=ja-jobpos12-age3d-1010055537719&utm_campaign=jobAlertAlert&tgt=GD_JOB_VIEW&src=GD_JOB_AD&uido=7A57A36BECDA9E413E76BB41CD0D8A0B&ao=1136043&jrtk=5-yul1-0-1jj7haqu2l6jq80h-1733261c550fa238&cs=1_b2958ca6&s=224&t=JA&pos=112&ja=396299206&guid=0000019cced2f1aeaa135f3b92d4f595&jobListingId=1010055537719&vt=e&cb=1773000813810&ctt=1773063066479&srs=EMAIL_JOB_ALERT&gdir=1
Ncontracts (Nashville TN); Software Developer L3; 100-130k; 3/10/26; Rejected; 4/10/2026;; https://www.indeed.com/viewjob?jk=203ad6f751d5e263&tk=1jjb7d887i8jg801&from=jobi2a&advn=9898341762116514&adid=457049627&ad=-6NYlbfkN0BRBkllaHJVwV6NK27WAGSw39uvZW6oK4IY7SFQhP1CdmQrbKD338vvft2riLge1RUTplcCVNeqLAZ0pgZCcrPxpdP0Fh3IB0VgAf1HY0bDSwvU1rAcTNeBW8g_z8lkt_MWAqN_6ITJZl7J9U8twDNjYOIsPBSeD7LIvdfe3xJ1n9YVvSY_25jv2C9gtaV6GX4Blf20BCgo6Pvk7dnbbo7pqzGZpaYtO5ZPVypmCL5Wm5OUwVq3S3q0miyIkhKXpq03AmDSNB-POkg56eZwj1m534TwzcVQRLrHQgU4GpXR0-DofaEZgy4Y3_-4bnzkNv5AoSA5PnblFI6WUvCqKBBrDVjxzO_KcYtRsvzDOuxkMKJzyMyEuqER5q3s5nbZr26NmUzTIyOI0hS0J6gM-NhpJ-IYDEvcgQvY-uTAvyyL2qjyuwfJ87g1-TvzvYP_p58a_PEM6aAdmvgxqBM94IDdI6xby-QwHlBY191wJy0wcov9meCkozLxZ4FZ85h87rOgeqKyfsrXjTo3UEA_VAH4K90JzuH16795hvZ_llJsdNi9y8P9W1dgNoU2z0_WXY2ln07Xjae8k-Nd3w6ZrItHumRrqklO64BvQZ6pph0ERepuBN-oNLaS&sjdu=Eexil7JbRGDjQt2TP_ydZxOqLuoTkXDQZbMyJ7OLyscqHk2LBS1aUc_hmZtU679Qc0VOYcx-CPpq4uf9aVeI9BQudd0i53iOho8pLF_1O5o_W4WLwnqNPgbdgCh2S_Fn&acatk=1jjbr7f3322to001&pub=21d85ca573e478f5e659e48885c828920cace3277f6b99df&i2af=jobi2a_multijob-en-US_email&camk=UoKtGZLa3XIfRMWMxxOndA%3D%3D&jrtk=5-cmh1-1-1jjb76oa2ov98801-203ad6f751d5e263&xkcb=SoCg6_M3mrHc09AdyD0ZbzkdCdPP&xpse=SoDh6_I3mr-SOEgQZr0IbzkdCdPP&xfps=a2bf236b-82b8-4adb-8498-79df76d93fa6
ServiceTitan; Senior Software Engineer; 151-202k; 3/10/26; Rejected; 4/10/2026;; https://jobright.ai/jobs/info/6933a1cda0dde7020e2efcce?utm_source=1121&imp_id=3673496432511879909__instant_push__1773111343978_6537&utm_medium=email
Wex (R20593); Staff, Software Engineer; 141-173k; 3/10/26; Rejected; 4/10/2026;; https://jobright.ai/jobs/info/69af86447495006450940555?utm_source=1121&imp_id=3673496432511879909__instant_push__1773111343978_6537&utm_medium=email
Sprintward; SDET C# .NET; 60/hr; 3/10/26;Open; 3/10/26;; https://jobright.ai/jobs/info/69af85206b21de023e60bb77?utm_source=1121&imp_id=3673496432511879909__instant_push__1773111343978_6537&utm_medium=email
DNI (Delaware Nation Industries); .NET Developer - 305002A; ; 3/10/26; Rejected; 4/10/2026;; https://jobright.ai/jobs/info/69aefa60dfaeda6ff5970176?utm_source=1121&imp_id=3673496432511879909__instant_push__1773111343979_2780&utm_medium=email
Peraton; Senior Software Engineer; 146-234k; 3/10/26; Rejected; 4/10/2026;; https://jobright.ai/jobs/info/69af5eae6b21de023e608652?utm_source=1121&imp_id=3673496432511879909__instant_push__1773101126321_5316&utm_medium=email
Novara; Senior Software Engineer; 130-150k; 3/10/26;Open; 3/10/26;; https://jobright.ai/jobs/info/69af56d36b21de023e608368?utm_source=1121&imp_id=3673496432511879909__instant_push__1773101126321_5316&utm_medium=email
Workiva; Staff Software Engineer (R1497); 139-207k; 3/10/26; Rejected; 4/10/2026;; https://www.glassdoor.com/job-listing/staff-software-engineer-workiva-JV_KO0,23_KE24,31.htm?jl=1010057738181&utm_source=jobalert&utm_medium=email&utm_term=jatimepostedcontrol&utm_content=ja-jobpos5-age3d-1010057738181&utm_campaign=jobAlertAlert&tgt=GD_JOB_VIEW&src=GD_JOB_AD&uido=7A57A36BECDA9E413E76BB41CD0D8A0B&ao=1136043&jrtk=5-yul1-0-1jjad4fttl01c801-204e7d3be7c91807&cs=1_d4f70181&s=224&t=JA&pos=105&ja=388890994&guid=0000019cd49eaf6f8a8c554f8366a165&jobListingId=1010057738181&vt=e&cb=1773097074880&ctt=1773148965692&srs=EMAIL_JOB_ALERT&gdir=1
Crash Champions; Software Developer (FullStack); 135-145k; 3/10/26;Open; 3/10/26;; https://www.linkedin.com/jobs/view/4366212435/?trackingId=VONd03lna4eWGoy5UEm3tA%3D%3D&refId=TKA1D4CysJoRBroFRF4DwQ%3D%3D&midToken=AQE_3XQkBAKpjA&midSig=0qV2cte6eYWY81&trk=eml-email_job_alert_digest_01-primary_job_list-0-jobcard_body_3_jobid_4366212435_ssid_15257593100_fmid_mw6pip~mmjpq095~zn&trkEmail=eml-email_job_alert_digest_01-primary_job_list-0-jobcard_body_3_jobid_4366212435_ssid_15257593100_fmid_mw6pip~mmjpq095~zn-null-mw6pip~mmjpq095~zn-null-null&eid=mw6pip-mmjpq095-zn&otpToken=MTMwNjE2ZTQxMTJmY2ZjMWJkMmQwZmViNDExOWU0YjQ4NmNjZDg0ODk5YWI4NzZiN2JkYTAyNmU0ODVlNTlmMGZlZDRkY2ViMThiN2NlZjA3YmZiY2JjMTZiZWI4MzA1ZDY5OTM3MDNlMjA0Y2NlMjNjM2YwN2JkZjcsMSwx
SAIC; Software Engineer; ; 3/10/26; Rejected; 4/10/2026;; https://jobright.ai/jobs/info/69af2e8edfaeda6ff597432d?utm_source=1121&imp_id=3673496432511879909__instant_push__1773089975905_3081&utm_medium=email
PeopleFluent; Software Engineer; ; 3/10/26;Open; 3/10/26;; https://jobright.ai/jobs/info/69aee543dfaeda6ff596ea18?utm_source=1121&imp_id=3673496432511879909__instant_push__1773089975905_4365&utm_medium=email
Sayva Solutions; Senior Software Engineer; 140-160k; 3/10/26;Open; 3/10/26;; https://www.linkedin.com/jobs/view/4302528392/?trackingId=3UXNw13EEwhTac2Zknkgsw%3D%3D&refId=hZjAi4cnRanWaUOx%2BuQKTA%3D%3D&midToken=AQE_3XQkBAKpjA&midSig=0y8lGmtnVYXY81&trk=eml-email_job_alert_digest_01-primary_job_list-0-jobcard_body_1_jobid_4302528392_ssid_15257593108_fmid_mw6pip~mmko0l1s~d&trkEmail=eml-email_job_alert_digest_01-primary_job_list-0-jobcard_body_1_jobid_4302528392_ssid_15257593108_fmid_mw6pip~mmko0l1s~d-null-mw6pip~mmko0l1s~d-null-null&eid=mw6pip-mmko0l1s-d&otpToken=MTMwNjE2ZTQxMTJmY2ZjMWJkMmQwZmViNDExOWU0YjU4YWNlZDU0MTkwYWI4NjY4N2JkYTAyNmU0ODVlNTlmMGZlZDRkY2ViMThjM2IxODE1Y2Y4ZDc5YzY5NDRiNDY4ZGZhNjgxMzA0MjQ3YTkzYjA3OWI4OTc3ZmMsMSwx
Sirius Point; Sr. Integration Engineer; 125-150k; 3/10/26; Rejected; 4/10/2026;; https://www.glassdoor.com/job-listing/sr-integration-engineer-siriuspoint-JV_KO0,23_KE24,35.htm?jl=1010057540295&utm_source=jobalert&utm_medium=email&utm_term=jatimepostedcontrol&utm_content=ja-jobpos12-age3d-1010057540295&utm_campaign=jobAlertAlert&tgt=GD_JOB_VIEW&src=GD_JOB_AD&uido=7A57A36BECDA9E413E76BB41CD0D8A0B&ao=1136043&jrtk=5-yul1-0-1jja4oneii9cg800-a476b32ebbd3f63e&cs=1_2e186792&s=224&t=JA&pos=112&ja=396299206&guid=0000019cd3f9ad338e5598b283658b0e&jobListingId=1010057540295&vt=e&cb=1773088300869&ctt=1773158686379&srs=EMAIL_JOB_ALERT&gdir=1
Dcode Talent LLC (Orlando FL); .Net Lead Developer; 60-79/hr; 3/10/26;Open; 3/10/26;; https://www.ziprecruiter.com/jobs/a/b?lk=S3nsdn4E-RLSqw_RoUuWPw&tsid=111000153
Lorven Technologies; Senior Developer - 100% Remote (64134); 5-73/hr; 3/10/26;Open; 3/10/26;; https://www.ziprecruiter.com/jobs/a/b?lk=qzIrplzRjdmBdIV9uiFcdg&tsid=111000153
Evolver; .Net Developer; 125-150k; 3/10/26;Open; 3/10/26;; https://www.ziprecruiter.com/jobs/a/b?lk=R7VpgAuMVr7tIUiHfUv6mw&tsid=111000153
Solution Street; C# .NET Core Architect; ; 3/10/26;Open; 3/10/26;; https://jobright.ai/jobs/info/69af14507495006450938157?utm_source=1121&imp_id=3673496432511879909__instant_push__1773084928744_3669&utm_medium=email
Motion Recruitment; .NET Developer / Microservices/ Knoxville, TN (Tegna?); 80-130k; 3/10/26;Open; 3/10/26;; https://motionrecruitment.com/tech-jobs/knoxville-/direct-hire/dot-net-developer-microservices-knoxville-tn/868042?utm_source=appcast&utm_medium=feed&utm_campaign=ziprecruiter
ReSound; Software Engineer (Glenview, IL) (Remote); 90-125k;3/10/26; Rejected; 4/10/2026;; https://jobright.ai/jobs/info/69aef51774950064509363b4?utm_source=1025&imp_id=3673496432511879909__digest_job_alert__1773080948628_5041&utm_medium=email
Vista Applied Solutions Group Inc; Lead Dotnet Developer; ; 3/10/26; Rejected; 4/10/2026;; https://jobright.ai/jobs/info/69aeda0274950064509337b7?utm_source=1025&imp_id=3673496432511879909__digest_job_alert__1773080948628_5041&utm_medium=email
Regal Cinemas, Inc; Software Engineer; ; 3/10/26;Open; 3/10/26;; https://www.ziprecruiter.com/co/Regal-Cinemas-Corporation/Jobs/-in-Knoxville,TN?lk=eSVP7xCosq31Sd1TnbM4KA&radius=50
Experis (Mayfield OH); IT Software Dev Test SR; 68.57/r; 3/10/26; Rejected; 4/10/2026;; https://www.indeed.com/viewjob?jk=e234800798e5961f&q=c%23&l=Remote&tk=1jjbkib3egdln8a6&from=web&advn=7107834286822887&adid=444122158&ad=-6NYlbfkN0AEFElgJvH0khGA9zFQnp2BxzQ0kZOw7TdbpWENTeb18Hk82MYBYUAF7ONnkexcjBIflEWhAw5Jq5IyoqcfGW8rZ0U15t9PfJ-99DQtRN5YNxyzyYBptcEHMX_8oLDamLyR0Recs9fhSst-7nuTfo5cMAdNEfek72Ttj76AKsUQywhi2iaESb_4VHaFEbuGERyOUlVglfWWARYXEC8o6_lCP-21NCkWL9dj8BWiXqoqyDybVfWnW3Gf9w2qAkIKWAgG0bvJsqg4XvQz6jFINR36aJ0ku9wp4fpEkJN10tkXqihhhxl4aCHU3W4UPZUlA0jvmkMVDUbVxherU6fEWusxOuPHV3OOIkuor3FS3OeKNBzeQ9K1TUszVXfeFqoJfsW2MNhLXLn26N4bUYPAJIj7jSvemer6vHzS88j_q2uBZVSUhjRTiBPGkTgbitXFZ3m0XW3UjYL1tfF8TcCFubN6k9HJqumKxyU-2uWErx4GbIvwEu4FIzAJPaY83XSqJi2eElYDSB2nl9j7BdxwG_g9W76IFKpBAzajV13r4czAxA%3D%3D&sjdu=i6xVERweJM_pVUvgf-MzuahU3L03vVlm8tUVyaiMNN22MkadPjCOhKNcqWBenvUSCKsC-D7o0huJdrztjnO7FUYHlijytFJWtDQ3VYDbH2M&acatk=1jjbknfqogf9b802&pub=4a1b367933fd867b19b072952f68dceb&camk=ethIe0s0hed4pI8YCliZWw%3D%3D&xkcb=SoAN6_M3mrhGsuyLDh0DbzkdCdPP&xpse=SoDM6_I3mrhSIZSLLx0PbzkdCdPP&xfps=834bdad6-4b5f-4120-81c9-0014de489840&vjs=3
Tuesday Health (Charlotte NC); Software Engineer; ; 3/10/26;Open; 3/10/26;; https://www.indeed.com/viewjob?jk=8cee81878df5c881&tk=1jjbkib3egdln8a6&from=serp&vjs=3
Akidev Corporation; Senior .Net Full Stack Engineer (26-00078); ; 3/10/26;Open; 3/10/26;; https://www.dice.com/job-detail/6c13c2b2-605b-4ed8-8084-231467683617
Motion Recruitment Partners (Remote PA), LLC; .NET/SAP Integrations Developer; 130-140k; 3/10/26;Open; 3/10/26;; https://www.dice.com/job-detail/070d13f8-41c9-4129-83cd-0e25b908dde7
Kforce Technology Staffing (Remote - Boston, MA); .Net Developer; 55-65/hr; 3/10/26;Open; 3/10/26;; https://www.dice.com/job-detail/cfa413b6-25d2-4547-baf8-677fb92add7e
ORNL; System Engineer for Classified Networks (15923); ; 3/10/26; Rejected; 4/10/2026;; https://jobs.ornl.gov/job/Oak-Ridge-Systems-Engineer-for-Classified-Networks-TN-37830/1363093900/
Y12; Solution Architect (18694); ; 3/10/26; Rejected; 4/10/2026;; https://career-hcm03.ns2cloud.com/career?career%5fns=job%5flisting&company=CNSHCM03&navBarLevel=JOB%5fSEARCH&rcm%5fsite%5flocale=en%5fUS&career_job_req_id=18694&selected_lang=en_US&jobAlertController_jobAlertId=&jobAlertController_jobAlertName=&browserTimeZone=America/New_York&_s.crb=FDyokSZVN2A9cAXFKX4asBFDSZKIY72Do10k9Wu%2fTeY%3d
Installation Made Easy, Inc; Senior Software Engineer; ; 3/10/26;Open; 3/10/26;; https://jobright.ai/jobs/info/69b05918dfaeda6ff59a1060?utm_source=1121&imp_id=3673496432511879909__instant_push__1773165857107_3736&utm_medium=email
Tilt; Senior Software Engineer, Backend; ; 3/10/26; Rejected; 4/10/2026;; https://jobright.ai/jobs/info/6905231dff462851feffad2c?utm_source=1121&imp_id=3673496432511879909__instant_push__1773165857107_3736&utm_medium=email
Continuous; Software Engineer I - C# .NET; ; 3/11/26;Open; 3/11/26;; https://www.linkedin.com/jobs/view/4382444543/?trackingId=&refId=&midToken=AQE_3XQkBAKpjA&midSig=1sk0pYAefTZc81&trk=eml-email_jobs_application_rejected_01-similar_jobs-0-similar_job&trkEmail=eml-email_jobs_application_rejected_01-similar_jobs-0-similar_job-null-mw6pip~mmm25e07~ab-null-null&eid=mw6pip-mmm25e07-ab&otpToken=MTMwNjE2ZTQxMTJmY2ZjMWJkMmQwZmViNDExOWU0YjY4Y2NhZDY0OTkxYWY4NjZjN2JkYTAyNmU0ODVlNTlmMGZlZDRkY2ViMThjMmZjZGM0ZmE1Y2Y5YjEzMzdjMzI5ZjMwMTlmMzE0ZTNlNzA5ZTI3MjM4NTZkNzMsMSwx
CBTS; Back End Developer (C#); ; 3/11/26;Open; 3/11/26;; https://www.linkedin.com/jobs/view/4382443579/?trackingId=&refId=&midToken=AQE_3XQkBAKpjA&midSig=1sk0pYAefTZc81&trk=eml-email_jobs_application_rejected_01-similar_jobs-0-similar_job&trkEmail=eml-email_jobs_application_rejected_01-similar_jobs-0-similar_job-null-mw6pip~mmm25e07~ab-null-null&eid=mw6pip-mmm25e07-ab&otpToken=MTMwNjE2ZTQxMTJmY2ZjMWJkMmQwZmViNDExOWU0YjY4Y2NhZDY0OTkxYWY4NjZjN2JkYTAyNmU0ODVlNTlmMGZlZDRkY2ViMThjMmZjZGM0ZmE1Y2Y5YjEzMzdjMzI5ZjMwMTlmMzE0ZTNlNzA5ZTI3MjM4NTZkNzMsMSwx
Centrus Energy; Sr. Software Engineer; 99-150k; 3/11/26; Rejected; 4/10/2026;; https://eese.fa.us8.oraclecloud.com/hcmUI/CandidateExperience/en/sites/CX_1/job/463
CACI International Inc.; ASP.Net Web Forms Developer; 82-172k; 3/11/26; Rejected; 4/10/2026;; https://jobright.ai/jobs/info/69b075f9dfaeda6ff59a5105?utm_source=1025&imp_id=3673496432511879909__digest_job_alert__1773213567394_8967&utm_medium=email
Pepperdine University; Developer, Application Development; 70-76k; 3/11/26;Open; 3/11/26;; https://www.linkedin.com/jobs/view/4381786551/?trackingId=AaSk93sMe6ZqcIKYN7HtiQ%3D%3D&refId=BLvfeKpMQUAkCX79AwHYMQ%3D%3D&midToken=AQE_3XQkBAKpjA&midSig=1Fnyy_8rEsZs81&trk=eml-email_job_alert_digest_01-primary_job_list-0-jobcard_body_0_jobid_4381786551_ssid_14583149764_fmid_mw6pip~mmm3gfyl~7&trkEmail=eml-email_job_alert_digest_01-primary_job_list-0-jobcard_body_0_jobid_4381786551_ssid_14583149764_fmid_mw6pip~mmm3gfyl~7-null-mw6pip~mmm3gfyl~7-null-null&eid=mw6pip-mmm3gfyl-7&otpToken=MTMwNjE2ZTQxMTJmY2ZjMWJkMmQwZmViNDExOWU0YjY4Y2M4ZDk0MzlhYTk4YTZmN2JkYTAyNmU0ODVlNTlmMGZlZDRkY2ViMThkNGY5ZGU2ZmExY2RiMTIwYzU4MDM5OWU3M2U0YWVlNmRmZDNjN2IyZmUyZDI3OGUsMSwx
New American Funding (NAF); Software Development Engineer II; 125-150k; 3/11/26; Rejected; 4/11/2026;; https://jobright.ai/jobs/info/69b0eb3a0b2db6275c05d7b2?utm_source=1121&imp_id=3673496432511879909__instant_push__1773203595830_3057&utm_medium=email
Alpha Omega; Sr .Net/Classic ASP Developer; 115-150k; 3/14/26;Open; 3/14/26;; https://jobright.ai/jobs/info/69a59f570da45516f16e4f28?utm_source=1121&imp_id=3673496432511879909__instant_push__1773502946827_2646&utm_medium=email
Envestnet; Lead Software Engineer; 139-231k; 3/14/26;Open; 3/14/26;; https://jobright.ai/jobs/info/6944ccb850bbaf765056e037?utm_source=1121&imp_id=3673496432511879909__instant_push__1773502946827_2646&utm_medium=email
Raval West; .NET Software Engineer; ; 3/14/26; Rejected; 4/14/2026;; https://jobright.ai/jobs/info/69b489b006c1ba00c54607ce?utm_source=1121&imp_id=3673496432511879909__instant_push__1773502946827_9819&utm_medium=email
AssistRx; Senior Software Developer /Software Developer (Full Stack, .NET Core); ; 3/14/26;Open; 3/14/26;; https://www.linkedin.com/jobs/view/4384266549/
Leidos; Sr. Full Stack Developer - .Net/C#; 108-195k; 3/14/26;Open; 3/14/26;; https://jobright.ai/jobs/info/69b4788506c1ba00c545e976?utm_source=1121&imp_id=3673496432511879909__instant_push__1773502946827_9819&utm_medium=email
Symetra; Software Engineer II - Remote; 97-161k; 3/14/26; Rejected; 4/14/2026;; https://www.glassdoor.com/job-listing/software-engineer-ii-remote-symetra-financial-JV_KO0,27_KE28,45.htm?jl=1010064607379&utm_source=jobalert&utm_medium=email&utm_term=jatimepostedcontrol&utm_content=ja-jobpos4-age1d-1010064607379&utm_campaign=jobAlertAlert&tgt=GD_JOB_VIEW&src=GD_JOB_AD&uido=7A57A36BECDA9E413E76BB41CD0D8A0B&ao=1136043&jrtk=5-yul1-0-1jjmcdhsbg35t800-aa29cbf08526b306&cs=1_1b8de7e0&s=224&t=JA&pos=104&ja=378462087&guid=0000019ceca71d3f9944f36e9e1d8642&jobListingId=1010064607379&vt=e&cb=1773498976420&ctt=1773503881504&srs=EMAIL_JOB_ALERT&gdir=1
HCS; Senior Software Developer; ; 3/14/26; Rejected; 4/14/2026;; https://www.glassdoor.com/job-listing/senior-software-developer-hcss-JV_KO0,25_KE26,30.htm?jl=1010064165955&utm_source=jobalert&utm_medium=email&utm_term=jatimepostedcontrol&utm_content=ja-jobpos8-age1d-1010064165955&utm_campaign=jobAlertAlert&tgt=GD_JOB_VIEW&src=GD_JOB_AD&uido=7A57A36BECDA9E413E76BB41CD0D8A0B&ao=1136043&jrtk=5-yul1-0-1jjmcdhsbg35t800-09a1603c7103c6a3&cs=1_3ecd6722&s=224&t=JA&pos=108&ja=378462087&guid=0000019ceca71d3f9944f36e9e1d8642&jobListingId=1010064165955&vt=e&cb=1773498976421&ctt=1773503942905&srs=EMAIL_JOB_ALERT&gdir=1
Purple Drive Technologies; .NET Developer (Blazor UI & API Integration); 46-59/hr; 3/14/26;Open; 3/14/26;; https://www.ziprecruiter.com/jobs-search?days=5&lk=PTSEYQTszT7kwsdTEFzxkA&location=Knoxville%2C+TN&lvk=X1irqlfV0EOGPZ2HUwA64w.--NvErZ254s&radius=50&refine_by_employment=employment_type%3Aall&refine_by_location_type=&refine_by_salary=&refine_by_salary_ceil=&search=.net
Clayton Homes; Software Engineer III; 101-134k; 3/14/26; Rejected; 4/14/2026;; https://www.glassdoor.com/job-listing/software-engineer-iii-clayton-careers-JV_IC1144400_KO0,21_KE22,37.htm?jl=1010065374229&utm_source=jobalert&utm_medium=email&utm_term=jatimepostedcontrol&utm_content=ja-jobpos1-agept-1010065374229&utm_campaign=jobAlertAlert&tgt=GD_JOB_VIEW&src=GD_JOB_AD&uido=7A57A36BECDA9E413E76BB41CD0D8A0B&ao=1136043&jrtk=5-yul1-0-1jjl1e85v2jr6000-1daf049953fdffb5&cs=1_b89656cd&s=224&t=JA&pos=101&ja=377506142&guid=0000019ce9dc8242b45628584ce133a9&jobListingId=1010065374229&vt=e&cb=1773453910462&ctt=1773504280825&srs=EMAIL_JOB_ALERT&gdir=1
Robert Half (Morristown NJ); Sr. Software Engineer (C#, Python, React, Azure, DevOps); 145-150k; 3/14/26;Open; 3/14/26;; https://www.dice.com/job-detail/86d8a285-ef5f-4644-a005-2c6535545cf7
Purple Hires; Mainframe Developer; ; 3/14/26;Open; 3/14/26;; https://www.dice.com/job-detail/07f5524a-1c4f-4a0c-880d-1f82de0e7ed6
Proactive Logic Consulting Inc; Senior .NET Consultant - EDI/834 & Eligibility Modernization; 75-110/hr; 3/23/26;Open; 3/23/26;; https://www.indeed.com/viewjob?jk=4ffd6f90a1019a15&tk=1jkd8e6uhpqmf801&from=jobi2a&advn=6382315623421332&adid=457191068&ad=-6NYlbfkN0DZjMF8g6WBdmQ7lymhV5zj6LPzHvU8TZPHHNyjcCw8OkYhd9V3VfKcpVYm0eFnXDCUGFr_LjD0KwRsjs_SEJiiRiArAH0AMl0TbGUrmy2O7JIEV8d4fn4G_sdr8hPh81OdSNN3d-NLNkd8Q_h1khMmBmZqDHVJVQSlMg5zCLx1tmIbTZgrGnKY5BnJQKb8kKHAOevChG2Dg7_0mlAC3-6flzZ_92IKbAZ4p_vAgDTGR9Pf1bATxeHrOJ9SAjJaUOzVm2GcPs_8ywDkW7DHzW-8XNVxtI8jGBLkAlPgEw43ujejV-VG9rXoufS9PE_gqDgfxWwLZwEKEq76_TKMyvTT58z8OAr_xr4a09WrTKdrmgQIsiDX719KsQd8Xro306ySspZ4zAIs7AIpB4k_ycJWA7A-s9iZF0sSJh2NU17DeEc31Hp4XyZK_-34cGD7E_PmOs2OKU7gQiwjQ6jqaR3JbLCdgV-EHZMvEmmqdbguV0eRYXTqvcvpUBi8E1jsCGY99V-Vze9QxY44cNexOe1OX9uZUbZx20zCMn4I7MxkCsQb8X6flhXnCuz2f5XyvFrtRywgtH6sx-AUMA9Cda-ZSQeG3iSM0GID_3vGwz6FzPdibvblRRpM&pub=21d85ca573e478f5e659e48885c828920cace3277f6b99df&i2af=jobi2a_multijob-en-US_email&camk=UoKtGZLa3XIRTJZsWR7q4g%3D%3D&jrtk=5-cmh1-1-1jkd8e63giako805-4ffd6f90a1019a15&xkcb=SoCm6_M3lNY3P9b3oh0ebzkdCdPP&xpse=SoCm6_I3lNd2aSSenJ0PbzkdCdPP&xfps=fbea7be9-e2d0-4737-a7ec-f186f65a899b
Mango Chamba LLC; ASP.NET Developer (Blazor); 40-55/hr; 3/23/26;Open; 3/23/26;; https://www.indeed.com/viewjob?jk=bf902dbc3a19d25d&tk=1jkd8e6uhpqmf801&from=jobi2a&advn=4957794188523296&adid=459104468&ad=-6NYlbfkN0CDASWRAaq_m7X7Fp9EF1LBLSouwGW8o-Rc0xVZg1IM-fZvJ37mde63_YpIls11DMPjEvjewqNzEP3nCMby5bZTLHw1U0LEVnI5dMg6mE_2uvgwBOGzJGo25UTq6G7Tne3T6d9lybv9ha2ziQCAYTLcdR-LZVhjFiVPhXuZ77sG5yqigP5Zk1ta7OC2-OKBNGDRkryZK-el5FOZiuN1d6XPDEEnps3vxMfZ9EBRz3oNTMQk0ksvhxpS29diNxxCUReHV6iPmvhDLGEwRn19_O6PUgARejQA9z3IXEh6kuvqSAdfDWAn6LNFHFvPosHv7C6ZZM8ZjryDnGhBMRQvzH_4mRUQY0d-jLJljmGv94AIE-LwXgaarPGbubGRxgUYAy-WPc2p4QCKmOMG30dBwPaO6NP7VDStIMpIaLpxtaGOdCsYXlzBrHYK0myz_LjW0scA_gk-Mubg23VRuAS5-p4JM0ve6U6adGNL37NPZQHlgFCcdLa0fawbyDZ71y8qouGCfPXO3kQEYE4TCIOo9QUzkLcc2b_EA8GbtwYhDhiRP-Q4Tm3GVd7uEiZYIbeJMQ2dixgrul0WCtvaNkse9U1xgYFz-4h0aoV3pFjNuNS-zkj8bQW14jQg&pub=21d85ca573e478f5e659e48885c828920cace3277f6b99df&i2af=jobi2a_multijob-en-US_email&camk=UoKtGZLa3XKGf5V2Zu80ZA%3D%3D&jrtk=5-cmh1-1-1jkd8e63giako805-bf902dbc3a19d25d&xkcb=SoDS6_M3lNY3Py73oh0QbzkdCdPP&xpse=SoBJ6_I3lNd_Klyxdx0PbzkdCdPP&xfps=9c53313e-6c59-4b8c-bdfe-503b71e51c66
Akkodis Group Nordics; Software Development Engineer; 55-90/hr; 3/23/26;Open; 3/23/26;; https://jobright.ai/jobs/info/69bfe2702c312363dcd29c59?utm_source=1121&imp_id=3673496432511879909__instant_push__1774237737766_403&utm_medium=email
Friday Harbor; Backend Software Engineer; 130-160k; 3/23/26;Open; 3/23/26;; https://jobright.ai/jobs/info/69c07fce79e36d3a847ccf8f?utm_source=1121&imp_id=3673496432511879909__instant_push__1774223641189_2352&utm_medium=email
Experis; Senior Developer; ; 3/23/26;Open; 3/23/26;; https://www.linkedin.com/jobs/view/4386106521/?trackingId=wwF%2FzWyeJ9yEk%2BqQ4%2FPkCA%3D%3D&refId=bMMVB%2BDUGzqTehDfE1q5Mg%3D%3D&midToken=AQE_3XQkBAKpjA&midSig=3izjhw2Ihkdsc1&trk=eml-email_job_alert_digest_01-primary_job_list-0-jobcard_body_2_jobid_4386106521_ssid_14583149772_fmid_mw6pip~mn2eqf8a~ou&trkEmail=eml-email_job_alert_digest_01-primary_job_list-0-jobcard_body_2_jobid_4386106521_ssid_14583149772_fmid_mw6pip~mn2eqf8a~ou-null-mw6pip~mn2eqf8a~ou-null-null&eid=mw6pip-mn2eqf8a-ou&otpToken=MTMwNjE2ZTQxMTJmY2ZjMWJkMmQwZmViNDExOWUzYjY4ZGNkZDI0OTllYWU4ZTY4N2JkYTAyNmU0ODVlNTlmMGZlZDRkY2ViMThiNGYzYzE1ZWJkY2VjYjZhYTE3NzQyOTQ1NDAyOGRlODBiMzc1MGU3ZTViY2QzOWQsMSwx
BeatStars; Lead Back-End Engineer; 192-249k; 3/23/26;Open; 3/23/26;; https://www.glassdoor.com/job-listing/lead-back-end-engineer-beatstars-JV_KO0,22_KE23,32.htm?jl=1010073005393&utm_source=jobalert&utm_medium=email&utm_content=ja-jobpos1-age1d-1010073005393&utm_campaign=jobAlertAlert&tgt=GD_JOB_VIEW&src=GD_JOB_AD&uido=7A57A36BECDA9E413E76BB41CD0D8A0B&ao=1136043&jrtk=5-yul1-0-1jkbsljsr2es6000-b3658bee3cd23628&cs=1_27088964&s=224&t=JA&pos=101&ja=388890994&guid=0000019d17a3119b9dc13b49a0279c79&jobListingId=1010073005393&ea=1&vt=e&cb=1774220660923&ctt=1774269461917&srs=EMAIL_JOB_ALERT&gdir=1
Orca Intelligence; .Net Developer; 100/hr; 3/23/26;Open; 3/23/26;; https://www.glassdoor.com/job-listing/net-developer-orca-intelligence-JV_KO0,13_KE14,31.htm?jl=1010073425283&utm_source=jobalert&utm_medium=email&utm_content=ja-jobpos2-age1d-1010073425283&utm_campaign=jobAlertAlert&tgt=GD_JOB_VIEW&src=GD_JOB_AD&uido=7A57A36BECDA9E413E76BB41CD0D8A0B&ao=1136043&jrtk=5-yul1-0-1jkbsljsr2es6000-351259dd4d0bc4b3&cs=1_6b42e7fc&s=224&t=JA&pos=102&ja=388890994&guid=0000019d17a3119b9dc13b49a0279c79&jobListingId=1010073425283&ea=1&vt=e&cb=1774220660923&ctt=1774269467099&srs=EMAIL_JOB_ALERT&gdir=1
Blue Mountain Quality Resources; Remote Software Engineer; 62-100k; 3/23/26; Rejected; 4/23/2026;; https://www.glassdoor.com/job-listing/remote-software-engineer-blue-mountain-quality-resources-JV_IC1153370_KO0,24_KE25,56.htm?jl=1010070150314&utm_source=jobalert&utm_medium=email&utm_content=ja-jobpos7-age4d-1010070150314&utm_campaign=jobAlertAlert&tgt=GD_JOB_VIEW&src=GD_JOB_AD&uido=7A57A36BECDA9E413E76BB41CD0D8A0B&ao=1136043&jrtk=5-yul1-0-1jkbsljsr2es6000-48feb114b0a03c8b&cs=1_3cde0a06&s=224&t=JA&pos=107&ja=388890994&guid=0000019d17a3119b9dc13b49a0279c79&jobListingId=1010070150314&ea=1&vt=e&cb=1774220660923&ctt=1774269489597&srs=EMAIL_JOB_ALERT&gdir=1
Hyatt; Senior Product Engineer (Remote Opportunity); 115-145k; 3/23/26; Rejected; 4/23/2026;; https://www.glassdoor.com/job-listing/senior-product-engineer-remote-opportunity-hyatt-corporate-office-JV_IC1128808_KO0,42_KE43,65.htm?jl=1010072846690&utm_source=jobalert&utm_medium=email&utm_content=ja-jobpos10-age2d-1010072846690&utm_campaign=jobAlertAlert&tgt=GD_JOB_VIEW&src=GD_JOB_AD&uido=7A57A36BECDA9E413E76BB41CD0D8A0B&ao=1136043&jrtk=5-yul1-0-1jkbsljsr2es6000-2bed15d2d90e0d1d&cs=1_c4f76f18&s=224&t=JA&pos=110&ja=388890994&guid=0000019d17a3119b9dc13b49a0279c79&jobListingId=1010072846690&vt=e&cb=1774220660921&ctt=1774269508249&srs=EMAIL_JOB_ALERT&gdir=1
mPulse Mobile; Software Engineer; 138-147k; 3/23/26; Rejected; 4/23/2026;; https://www.glassdoor.com/job-listing/software-engineer-mpulse-mobile-JV_KO0,17_KE18,31.htm?jl=1010069196895&utm_source=jobalert&utm_medium=email&utm_content=ja-jobpos7-age4d-1010069196895&utm_campaign=jobAlertAlert&tgt=GD_JOB_VIEW&src=GD_JOB_AD&uido=7A57A36BECDA9E413E76BB41CD0D8A0B&ao=1136043&jrtk=5-yul1-0-1jkbk7hrmgb2n801-f8c665c0ea5ebab3&cs=1_f3568d92&s=224&t=JA&pos=107&ja=380629936&guid=0000019d16fe5997bef55fa9e923d4d4&jobListingId=1010069196895&vt=e&cb=1774211811472&ctt=1774269864203&srs=EMAIL_JOB_ALERT&gdir=1
Mastercraft Boat Company; Software Developer; ; 3/23/26;Open; 3/23/26;; https://www.linkedin.com/jobs/view/4388392835/?trackingId=cCD%2FTNVIvPT4C88V0LjPEA%3D%3D&refId=D8RIeqOc%2FrqT0jPkhsE%2FKQ%3D%3D&midToken=AQE_3XQkBAKpjA&midSig=2wAeuArO-QbYc1&trk=eml-email_job_alert_digest_01-primary_job_list-0-jobcard_body_1_jobid_4388392835_ssid_14999231100_fmid_mw6pip~mn0zakgt~j1&trkEmail=eml-email_job_alert_digest_01-primary_job_list-0-jobcard_body_1_jobid_4388392835_ssid_14999231100_fmid_mw6pip~mn0zakgt~j1-null-mw6pip~mn0zakgt~j1-null-null&eid=mw6pip-mn0zakgt-j1&otpToken=MTMwNjE2ZTQxMTJmY2ZjMWJkMmQwZmViNDExOWUzYjU4Y2M4ZDg0ODk4YWQ4YzYzN2JkYTAyNmU0ODVlNTlmMGZlZDRkY2ViMThkMWMwODA2ZWYyZDk4NDJhYjhlMmJkMjdiYTg5OTE1ODRkYTJlYjE3NzM5MWYzMzIsMSwx
Corpay; Cobol Developer; 115-130k; 3/23/26;Open; 3/23/26;; https://jobright.ai/jobs/info/69c171bf79e36d3a847e22b5?utm_source=1121&imp_id=3673496432511879909__instant_push__1774286840808_8430&utm_medium=email
Bechtel Corporation; Senior Automation Engineer (291813); ; 3/23/26;Open; 3/23/26;; https://www.linkedin.com/jobs/view/4385780103/?trackingId=Ps5tXwHP8resDcoNLqTsLg%3D%3D&refId=9cyliDTGHuYmI6EYHiNkBw%3D%3D&midToken=AQE_3XQkBAKpjA&midSig=14wXhOPYXIcYc1&trk=eml-email_job_alert_digest_01-primary_job_list-0-jobcard_body_0_jobid_4385780103_ssid_14999231100_fmid_mw6pip~mn21vh1q~3k&trkEmail=eml-email_job_alert_digest_01-primary_job_list-0-jobcard_body_0_jobid_4385780103_ssid_14999231100_fmid_mw6pip~mn21vh1q~3k-null-mw6pip~mn21vh1q~3k-null-null&eid=mw6pip-mn21vh1q-3k&otpToken=MTMwNjE2ZTQxMTJmY2ZjMWJkMmQwZmViNDExOWUzYjY4ZmNmZDY0OTlkYTg4ZTZjN2JkYTAyNmU0ODVlNTlmMGZlZDRkY2ViMThlYmYwODE2MDg2ZjFhMDE3NDM5NjBhNTAxYmJmMWEzZDkzM2FjMjliZThhYTk0MjEsMSwx
Aerostrat; Sr. Backend Engineer; 140-200k; 2/23/26; Rejected; 4/23/2026;; https://www.glassdoor.com/job-listing/sr-backend-engineer-aerostrat-JV_KO0,19_KE20,29.htm?jl=1010072708805&utm_source=jobalert&utm_medium=email&utm_content=ja-jobpos9-age2d-1010072708805&utm_campaign=jobAlertAlert&tgt=GD_JOB_VIEW&src=GD_JOB_AD&uido=7A57A36BECDA9E413E76BB41CD0D8A0B&ao=1136043&jrtk=5-yul1-0-1jkbieg7qgqrk800-a749594087d08d5a&cs=1_08d92a5f&s=224&t=JA&pos=109&ja=396299206&guid=0000019d16fe250e9856175e79d73f0d&jobListingId=1010072708805&ea=1&vt=e&cb=1774209942112&ctt=1774276233543&srs=EMAIL_JOB_ALERT&gdir=1
Haystack (Cognizant); Software Engineer (Omni Plus Engineer); ; 6/23/26;Open; 6/23/26;; https://www.linkedin.com/jobs/view/4388291955/?trackingId=aGzGiqe5A33Jo%2F8BIPAfaw%3D%3D&refId=d%2BtwL8EmUw5Mvf3B2aRo8Q%3D%3D&midToken=AQE_3XQkBAKpjA&midSig=3EtXaLoAckesc1&trk=eml-email_job_alert_digest_01-primary_job_list-0-jobcard_body_2_jobid_4388291955_ssid_14583149764_fmid_mw6pip~mn3d0z9y~vh&trkEmail=eml-email_job_alert_digest_01-primary_job_list-0-jobcard_body_2_jobid_4388291955_ssid_14583149764_fmid_mw6pip~mn3d0z9y~vh-null-mw6pip~mn3d0z9y~vh-null-null&eid=mw6pip-mn3d0z9y-vh&otpToken=MTMwNjE2ZTQxMTJmY2ZjMWJkMmQwZmViNDExOWUzYjY4N2NlZDg0OTlhYWQ4OTZjN2JkYTAyNmU0ODVlNTlmMGZlZDRkY2ViMThiN2I5ZmE0NGEwZGVjMDFmODI5YzAzOWJiMTM5YzkxOTAwMDBhMDI4Y2U0MWZkZWIsMSwx
Pathward; IT Software Engineer Senior; 86-145k; 3/23/26;Open; 3/23/26;; https://www.linkedin.com/jobs/view/4341763857/?trackingId=kbblnJlhdZMyn%2B6Azz%2BvAA%3D%3D&refId=d%2BtwL8EmUw5Mvf3B2aRo8Q%3D%3D&midToken=AQE_3XQkBAKpjA&midSig=3EtXaLoAckesc1&trk=eml-email_job_alert_digest_01-primary_job_list-0-jobcard_body_5_jobid_4341763857_ssid_14583149764_fmid_mw6pip~mn3d0z9y~vh&trkEmail=eml-email_job_alert_digest_01-primary_job_list-0-jobcard_body_5_jobid_4341763857_ssid_14583149764_fmid_mw6pip~mn3d0z9y~vh-null-mw6pip~mn3d0z9y~vh-null-null&eid=mw6pip-mn3d0z9y-vh&otpToken=MTMwNjE2ZTQxMTJmY2ZjMWJkMmQwZmViNDExOWUzYjY4N2NlZDg0OTlhYWQ4OTZjN2JkYTAyNmU0ODVlNTlmMGZlZDRkY2ViMThiN2I5ZmE0NGEwZGVjMDFmODI5YzAzOWJiMTM5YzkxOTAwMDBhMDI4Y2U0MWZkZWIsMSwx
Quest Analytics; Senior Software Engineer; ; 6/23/26; Rejected; 4/23/2026;; https://www.glassdoor.com/job-listing/senior-software-engineer-quest-analytics-JV_KO0,24_KE25,40.htm?jl=1010071584999&utm_source=jobalert&utm_medium=email&utm_content=ja-jobpos1-age3d-1010071584999&utm_campaign=jobAlertAlert&tgt=GD_JOB_VIEW&src=GD_JOB_AD&uido=7A57A36BECDA9E413E76BB41CD0D8A0B&ao=1136043&jrtk=5-yul1-0-1jkdhtujjm211800-b3ce0667df581d3b&cs=1_32b95143&s=224&t=JA&pos=101&ja=378462087&guid=0000019d1b121184b7e64d672aac0b03&jobListingId=1010071584999&vt=e&cb=1774276508625&ctt=1774281308180&srs=EMAIL_JOB_ALERT&gdir=1
Rockwell Automation; Senior Software Engineer, API Framework - Plex; 115-172k; 3/24/26; Rejected; 4/23/2026;; https://jobright.ai/jobs/info/69c29fd994007a2195de9024?utm_source=1121&imp_id=3673496432511879909__instant_push__1774363115986_708&utm_medium=email
Oran Inc.; .Net Developer; 100k; 3/24/26;Open; 3/24/26;; https://jobright.ai/jobs/info/69c1840875f7ff1cd80f98b0?utm_source=1121&imp_id=3673496432511879909__instant_push__1774363115986_3565&utm_medium=email
Credit Connection; Senior Software Engineer; ; 3/24/26;Open; 3/24/26;; https://www.glassdoor.com/job-listing/senior-software-engineer-credit-connection-JV_KO0,24_KE25,42.htm?jl=1010072713000&utm_source=jobalert&utm_medium=email&utm_content=ja-jobpos10-age3d-1010072713000&utm_campaign=jobAlertAlert&tgt=GD_JOB_VIEW&src=GD_JOB_AD&uido=7A57A36BECDA9E413E76BB41CD0D8A0B&ao=1136043&jrtk=5-yul1-0-1jkg68id4gctc800-4afed32b1c0a4c4c&cs=1_7dbb2c16&s=224&t=JA&pos=110&ja=399775333&guid=0000019d2038650a9d01bc2a9b5ed179&jobListingId=1010072713000&ea=1&vt=e&cb=1774364936857&ctt=1774364999723&srs=EMAIL_JOB_ALERT&gdir=1
AutoFi; Senior BE Software Engineer (Remote); 150-175k; 3/24/26;Open; 3/24/26;; https://www.glassdoor.com/job-listing/senior-be-software-engineer-remote-autofi-JV_KO0,34_KE35,41.htm?jl=1010068167400&utm_source=jobalert&utm_medium=email&utm_content=ja-jobpos8-age6d-1010068167400&utm_campaign=jobAlertAlert&tgt=GD_JOB_VIEW&src=GD_JOB_AD&uido=7A57A36BECDA9E413E76BB41CD0D8A0B&ao=1136043&jrtk=5-yul1-0-1jkejh8g6k3et800-e23cbf6ed42f1ceb&cs=1_1f311e00&s=224&t=JA&pos=108&ja=388890994&guid=0000019d1cc93f8086be2d6d4e5fe9e4&jobListingId=1010068167400&vt=e&cb=1774311744534&ctt=1774365491704&srs=EMAIL_JOB_ALERT&gdir=1
VBA; Software Engineer III; 130-160k; 3/24/26;Open; 3/24/26;; https://jobright.ai/jobs/info/69c1999e75f7ff1cd80fd045?utm_source=1025&imp_id=3673496432511879909__digest_job_alert__1774307017159_3717&utm_medium=email
Krasan Consulting Services; Senior .NET API Developer / Integration Architect; ; 3/24/26;Open; 3/24/26;; https://jobright.ai/jobs/info/69c16cb679e36d3a847e1e64?utm_source=1025&imp_id=3673496432511879909__digest_job_alert__1774307017159_3717&utm_medium=email
Embrace Software Inc,; Lead Software Engineer \/ Architect (.NET); ; 3/24/26;Open; 3/24/26;; https://jobright.ai/jobs/info/69c0d4de2c312363dcd34f2d?utm_source=1025&imp_id=3673496432511879909__digest_job_alert__1774307017159_3717&utm_medium=email
Foley; Senior Software Engineer; ; 3/24/26; Rejected; 4/23/2026;; https://jobright.ai/jobs/info/6943658350bbaf7650554e67?utm_source=1025&imp_id=3673496432511879909__digest_job_alert__1774307017159_3717&utm_medium=email
Infostride; Dotnet Developer With C#; ; 3/24/26;Open; 3/24/26;; https://jobright.ai/jobs/info/69c1a66979e36d3a847eaa62?utm_source=1025&imp_id=3673496432511879909__digest_job_alert__1774307017159_3717&utm_medium=email
Mediafly; Senior software Engineer, Professional Services; 120-140k; 3/24/26;Open; 3/24/26;; https://jobright.ai/jobs/info/6986c2568ca8121a3a693034?utm_source=1121&imp_id=3673496432511879909__instant_push__1774303529430_634&utm_medium=email
InstantServe LLC; .NET Developer (31381) ; 49-65/hr; 3/24/26;Open; 3/24/26;;  https://www.ziprecruiter.com/jobs/a/b?lk=jT_gNIOaEei5kCiUq9iiAQ&tsid=111000153
Link Technologies; Senior Software Developer (job id 7600); ; 3/24/26;Open; 3/24/26;; https://www.dice.com/job-detail/f392c265-e05a-48b7-b557-0b5af0ca4987?utm_source=iterable&utm_medium=email&utm_campaign=9685843&utm_content=viewabandon_nowhiring_a&%243p=e_iterable&_branch_match_id=1534279828681668966&_branch_referrer=H4sIAAAAAAAAAzXN2WrEMAwF0K%2FxvGUhjrMUQikzzG8E2VEStd5wnPqt315PYEAv9whd7TH646OqFlJYgvelJvtTcf%2FJmpb7CWeKGEBqvGVwgTayoOcz6Gl%2FXTL%2BxZpnnpRSeXUoZ3L8drJYMALpHFY%2BNqrpRIG1gKIdZF9IIfqilgLWWkE7Dj3jzzOa%2BXBnUMj44%2F2WNd3LDS50muxors4LFRgPtNnMYzeIoeXvhbMRbcz%2BS5hAgl2cna1LOwWy2wy3v4ArhivI4NKBYbrvwRn8BwCvNPEQAQAA
Cleveland Clinic; Senior Software Developer; ; 3/24/26;Open; 3/24/26;; https://www.dice.com/job-detail/e50892e9-4296-4b69-aa73-bf2644d5aac7?utm_source=iterable&utm_medium=email&utm_campaign=9685843&utm_content=viewabandon_nowhiring_a&%243p=e_iterable&_branch_match_id=1534279828681668966&_branch_referrer=H4sIAAAAAAAAAzXN3WrDMAwF4Kdx75IM23GTQRhjo69h5ERN1PkPx5nv9uxzAwXdnE%2FoaMs57u9dt9CMLcTYWvI%2FnYgfjEsRJ9SUMYGxeKkQEq3kweoj2Wl7XjLxyfitTimlPTvm4Gp8BNMsmIFsDdi%2FDSPHsZF8VI00amwArqIxd66kXHqA%2BcrE7chO7%2BFIMzLx%2FXrLuHq6w4UOVx3d2XniDC4Crb7yqIZ%2BkOK1CD6jz9V%2FCQsY8Evw2oeyUSK%2Farj8JbxjOoNJoeyYpq8tBYf%2Fx%2BS0bhABAAA%3D
Marathon Health; Senior Software Engineer (JR106753); ; 3/24/26;Open; 3/24/26;; https://www.linkedin.com/jobs/view/4386138239/?trackingId=VJW14NXNTUTVY%2BYVg6QPJA%3D%3D&refId=qIQzn1buAagmNsMF19tDjw%3D%3D&midToken=AQE_3XQkBAKpjA&midSig=3fTDeUjaGAfYc1&trk=eml-email_job_alert_digest_01-primary_job_list-0-jobcard_body_1_jobid_4386138239_ssid_15257593108_fmid_mw6pip~mn511hyg~i5&trkEmail=eml-email_job_alert_digest_01-primary_job_list-0-jobcard_body_1_jobid_4386138239_ssid_15257593108_fmid_mw6pip~mn511hyg~i5-null-mw6pip~mn511hyg~i5-null-null&eid=mw6pip-mn511hyg-i5&otpToken=MTMwNjE2ZTQxMTJmY2ZjMWJkMmQwZmViNDExOWUzYjc4N2NmZDc0MDlkYTg4NjZkN2JkYTAyNmU0ODVlNTlmMGZlZDRkY2ViMThlM2NiZDk0MWE2YzA5NTM3YjJmOTY3Nzg5ZDJlY2YyOTg1ZGEyNWU0MWZkOThkYmYsMSwx
Elegant Enterprise Wide Solutions, Inc.; Senior Application Programmer - Remote Role; ; 3/24/26;Open; 3/24/26;; https://www.linkedin.com/jobs/view/4388992646/?trackingId=KUty30yoMdtz7IpaDY9Q4A%3D%3D&refId=qIQzn1buAagmNsMF19tDjw%3D%3D&midToken=AQE_3XQkBAKpjA&midSig=3fTDeUjaGAfYc1&trk=eml-email_job_alert_digest_01-primary_job_list-0-jobcard_body_5_jobid_4388992646_ssid_15257593108_fmid_mw6pip~mn511hyg~i5&trkEmail=eml-email_job_alert_digest_01-primary_job_list-0-jobcard_body_5_jobid_4388992646_ssid_15257593108_fmid_mw6pip~mn511hyg~i5-null-mw6pip~mn511hyg~i5-null-null&eid=mw6pip-mn511hyg-i5&otpToken=MTMwNjE2ZTQxMTJmY2ZjMWJkMmQwZmViNDExOWUzYjc4N2NmZDc0MDlkYTg4NjZkN2JkYTAyNmU0ODVlNTlmMGZlZDRkY2ViMThlM2NiZDk0MWE2YzA5NTM3YjJmOTY3Nzg5ZDJlY2YyOTg1ZGEyNWU0MWZkOThkYmYsMSwx
ServiceCentral Technologies, Inc.; Modern Software Developer; ; 3/24/26;Open; 3/24/26;; https://www.linkedin.com/jobs/view/4379280149/?trackingId=coB5a3Rj1XN3th5lWyJxxg%3D%3D&refId=rkBTk%2BXTFf3p6d9B%2BI3rJw%3D%3D&midToken=AQE_3XQkBAKpjA&midSig=2jA-pEU5UJfYc1&trk=eml-email_job_alert_digest_01-primary_job_list-0-jobcard_body_4_jobid_4379280149_ssid_14583149772_fmid_mw6pip~mn4wr62f~4y&trkEmail=eml-email_job_alert_digest_01-primary_job_list-0-jobcard_body_4_jobid_4379280149_ssid_14583149772_fmid_mw6pip~mn4wr62f~4y-null-mw6pip~mn4wr62f~4y-null-null&eid=mw6pip-mn4wr62f-4y&otpToken=MTMwNjE2ZTQxMTJmY2ZjMWJkMmQwZmViNDExOWUzYjc4OGNhZDU0NTk4YWU4OTYzN2JkYTAyNmU0ODVlNTlmMGZlZDRkY2ViMThkM2NmODY0ZWEwYWQ5ZDY4NzAxMGU1NGNkODhhNDFkMTBhNTJiMTRhYzcwYTM3ZTAsMSwx
United Consulting Hub; Software Engineer; ; 3/24/26;Open; 3/24/26;; https://www.linkedin.com/jobs/view/4389228334/?trackingId=Z9ZjUll%2F0Lwvjjud1P2LjA%3D%3D&refId=5%2B95bnu%2Fl%2FT%2BPsLLvmemHw%3D%3D&midToken=AQE_3XQkBAKpjA&midSig=0vCB6tnYCRfIc1&trk=eml-email_job_alert_digest_01-primary_job_list-0-jobcard_body_1_jobid_4389228334_ssid_15257593100_fmid_mw6pip~mn4sguth~4e&trkEmail=eml-email_job_alert_digest_01-primary_job_list-0-jobcard_body_1_jobid_4389228334_ssid_15257593100_fmid_mw6pip~mn4sguth~4e-null-mw6pip~mn4sguth~4e-null-null&eid=mw6pip-mn4sguth-4e&otpToken=MTMwNjE2ZTQxMTJmY2ZjMWJkMmQwZmViNDExOWUzYjc4OWM5ZDM0NDliYTg4ODZmN2JkYTAyNmU0ODVlNTlmMGZlZDRkY2ViMThlZWRiYzM3NGE3ZjhiMTBkNmQyZTgxODYxNGRlY2UwNGY4MmI4NDJkNGNlYTYxZWMsMSwx
S4 Analytics LLC; Software Engineer - Medical Devices; ; 3/24/26;Open; 3/24/26;; https://www.linkedin.com/jobs/view/4389215385/?trackingId=FZk4xD5tOrCUY8H3oOzneg%3D%3D&refId=5%2B95bnu%2Fl%2FT%2BPsLLvmemHw%3D%3D&midToken=AQE_3XQkBAKpjA&midSig=0vCB6tnYCRfIc1&trk=eml-email_job_alert_digest_01-primary_job_list-0-jobcard_body_2_jobid_4389215385_ssid_15257593100_fmid_mw6pip~mn4sguth~4e&trkEmail=eml-email_job_alert_digest_01-primary_job_list-0-jobcard_body_2_jobid_4389215385_ssid_15257593100_fmid_mw6pip~mn4sguth~4e-null-mw6pip~mn4sguth~4e-null-null&eid=mw6pip-mn4sguth-4e&otpToken=MTMwNjE2ZTQxMTJmY2ZjMWJkMmQwZmViNDExOWUzYjc4OWM5ZDM0NDliYTg4ODZmN2JkYTAyNmU0ODVlNTlmMGZlZDRkY2ViMThlZWRiYzM3NGE3ZjhiMTBkNmQyZTgxODYxNGRlY2UwNGY4MmI4NDJkNGNlYTYxZWMsMSwx
Resmed; Senior Software Engineer; ; 3/26/26; Rejected; 4/26/2026;; https://www.linkedin.com/jobs/view/4390612969/?trackingId=%2BJ2P3ak%2Fyun9q4azMB8EVg%3D%3D&refId=ThIVlU2Qjpie6qPqySJDMg%3D%3D&midToken=AQE_3XQkBAKpjA&midSig=3ecntz6IFIiIc1&trk=eml-email_job_alert_digest_01-primary_job_list-0-jobcard_body_0_jobid_4390612969_ssid_15257593108_fmid_mw6pip~mn7rmvfe~dp&trkEmail=eml-email_job_alert_digest_01-primary_job_list-0-jobcard_body_0_jobid_4390612969_ssid_15257593108_fmid_mw6pip~mn7rmvfe~dp-null-mw6pip~mn7rmvfe~dp-null-null&eid=mw6pip-mn7rmvfe-dp&otpToken=MTMwNjE2ZTQxMTJmY2ZjMWJkMmQwZmViNDExOWUzYjE4YmM5ZDI0ODk4YWQ4ODY4N2JkYTAyNmU0ODVlNTlmMGZlZDRkY2ViMThkNmRlYzgwNmFmZjZiNTEwMmEyOTU5YjVmODgzYzRmZDNjN2VmYTBjNmFhMzEyMWQsMSwx
Maximus; Senior Software Developer; 100-165k; 6/26/26; Rejected; 6/1/26;; https://www.linkedin.com/jobs/view/4390641616/?trackingId=5uV9UgF%2BdVQ4WtPDw3Chqw%3D%3D&refId=ThIVlU2Qjpie6qPqySJDMg%3D%3D&midToken=AQE_3XQkBAKpjA&midSig=3ecntz6IFIiIc1&trk=eml-email_job_alert_digest_01-primary_job_list-0-jobcard_body_5_jobid_4390641616_ssid_15257593108_fmid_mw6pip~mn7rmvfe~dp&trkEmail=eml-email_job_alert_digest_01-primary_job_list-0-jobcard_body_5_jobid_4390641616_ssid_15257593108_fmid_mw6pip~mn7rmvfe~dp-null-mw6pip~mn7rmvfe~dp-null-null&eid=mw6pip-mn7rmvfe-dp&otpToken=MTMwNjE2ZTQxMTJmY2ZjMWJkMmQwZmViNDExOWUzYjE4YmM5ZDI0ODk4YWQ4ODY4N2JkYTAyNmU0ODVlNTlmMGZlZDRkY2ViMThkNmRlYzgwNmFmZjZiNTEwMmEyOTU5YjVmODgzYzRmZDNjN2VmYTBjNmFhMzEyMWQsMSwx
Janea Systems; Senior Backend Engineer - .NET/C#; ;6/26/26; Rejected; 4/26/2026;; https://job-boards.greenhouse.io/embed/job_app?for=janeasystems&token=4425996004&utm_source=jobright
ACI Infotech; .Net Developer; 50-65/hr; 6/26/26;Open; 6/26/26;; https://www.ziprecruiter.com/jobs/a/b?lk=qZMBNXd1r1yBGfol_g8KSQ&tsid=111000153
Recruit XL; C# Developer - POS experience; 130-135k; 6/26/26;Open; 6/26/26;; https://www.ziprecruiter.com/jobs/a/b?lk=cwhU4HPw0bMEYUe-QKtU4w&tsid=111000153
Enterprise Recruiting Company; Senior C#/.Net Core Full Stack Engineer; 130-150k; 3/26/26;Open; 3/26/26;; https://www.ziprecruiter.com/jobs/a/b?lk=uPfUoP5o-au0HfZ7o73u_w&tsid=111000153
Bechtel; Senior Software Specialist; 76-124k; 3/30/26; Rejected; 4/26/2026;; https://www.glassdoor.com/job-listing/senior-software-specialist-bechtel-JV_IC1144394_KO0,26_KE27,34.htm?jl=1010080514773&utm_source=jobalert&utm_medium=email&utm_term=jaqjobscontrol&utm_content=ja-jobpos1-age1d-1010080514773&utm_campaign=jobAlertAlert&tgt=GD_JOB_VIEW&src=GD_JOB_AD&uido=7A57A36BECDA9E413E76BB41CD0D8A0B&ao=1136043&jrtk=5-yul1-0-1jkrlk6coi8qb800-fe83f44e46e90867&cs=1_b5e13723&s=224&t=JA&pos=101&ja=377506142&guid=0000019d372de890a57457823bd663b0&jobListingId=1010080514773&vt=e&cb=1774750146209&ctt=1774882504194&srs=EMAIL_JOB_ALERT&gdir=1
Ritam Soft; Backend .Net Developer; 50/hr; 6/30/2526;Open; 6/30/2526;; https://www.glassdoor.com/job-listing/backend-net-developer-ritam-soft-JV_KO0,21_KE22,32.htm?jl=1010077719904&utm_source=jobalert&utm_medium=email&utm_term=jaqjobscontrol&utm_content=ja-jobpos1-age4d-1010077719904&utm_campaign=jobAlertAlert&tgt=GD_JOB_VIEW&src=GD_JOB_AD&uido=7A57A36BECDA9E413E76BB41CD0D8A0B&ao=1136043&jrtk=5-yul1-0-1jkviuohrkuoo800-141a56b443433b3e&cs=1_d0877ce8&s=224&t=JA&pos=101&ja=399775333&guid=0000019d3f1ec6e089efce664dca4e8a&jobListingId=1010077719904&ea=1&vt=e&cb=1774881563486&ctt=1774881934815&srs=EMAIL_JOB_ALERT&gdir=1
MeridianLink; Software Engineer I; 77-121k; 3/31/26;Open; 3/31/26;; https://www.glassdoor.com/job-listing/software-engineer-i-meridianlink-JV_KO0,19_KE20,32.htm?jl=1010082834292&utm_source=jobalert&utm_medium=email&utm_term=jaqjobscontrol&utm_content=ja-jobpos1-agept-1010082834292&utm_campaign=jobAlertAlert&tgt=GD_JOB_VIEW&src=GD_JOB_AD&uido=7A57A36BECDA9E413E76BB41CD0D8A0B&ao=1136043&jrtk=5-yul1-0-1jl270jq8i9d0800-bc664f3dff0b787d&cs=1_0e8fdf8b&s=224&t=JA&pos=101&ja=399775333&guid=0000019d44458c8db0dd6d0a8865d090&jobListingId=1010082834292&vt=e&cb=1774969704532&ctt=1774971059686&srs=EMAIL_JOB_ALERT&gdir=1
Stelar Solutions; Software Engineer; 50-55/hr; 3/31/26;Open; 3/31/26;; https://www.glassdoor.com/job-listing/software-engineer-stellar-it-solutions-JV_KO0,17_KE18,38.htm?jl=1010082300469&utm_source=jobalert&utm_medium=email&utm_term=jaqjobscontrol&utm_content=ja-jobpos3-agept-1010082300469&utm_campaign=jobAlertAlert&tgt=GD_JOB_VIEW&src=GD_JOB_AD&uido=7A57A36BECDA9E413E76BB41CD0D8A0B&ao=1136043&jrtk=5-yul1-0-1jl270jq8i9d0800-7dbdab4ba8e35f1a&cs=1_97600f0e&s=224&t=JA&pos=103&ja=399775333&guid=0000019d44458c8db0dd6d0a8865d090&jobListingId=1010082300469&ea=1&vt=e&cb=1774969704535&ctt=1774971071885&srs=EMAIL_JOB_ALERT&gdir=1
Northeq; Developer II; ; 3/31/26;Open; 3/31/26;; https://www.glassdoor.com/job-listing/developer-ii-northteq-JV_KO0,12_KE13,21.htm?jl=1010081022288&utm_source=jobalert&utm_medium=email&utm_term=jaqjobscontrol&utm_content=ja-jobpos5-age2d-1010081022288&utm_campaign=jobAlertAlert&tgt=GD_JOB_VIEW&src=GD_JOB_AD&uido=7A57A36BECDA9E413E76BB41CD0D8A0B&ao=1136043&jrtk=5-yul1-0-1jl270jq8i9d0800-4a2b93ecfbe23644&cs=1_51339f59&s=224&t=JA&pos=105&ja=399775333&guid=0000019d44458c8db0dd6d0a8865d090&jobListingId=1010081022288&vt=e&cb=1774969704534&ctt=1774971078605&srs=EMAIL_JOB_ALERT&gdir=1
Stillman Advanced Strategies; Software Engineer for Professional Services; 120-130; 3/31/26;Open; 3/31/26;; https://www.glassdoor.com/job-listing/software-engineer-for-professional-services-talentarchitect-com-JV_KO0,43_KE44,63.htm?jl=1010083868372&utm_source=jobalert&utm_medium=email&utm_term=jaqjobscontrol&utm_content=ja-jobpos10-agejp-1010083868372&utm_campaign=jobAlertAlert&tgt=GD_JOB_VIEW&src=GD_JOB_AD&uido=7A57A36BECDA9E413E76BB41CD0D8A0B&ao=1136043&jrtk=5-yul1-0-1jl270jq8i9d0800-cf280c1d286dfc75&cs=1_878317f7&s=224&t=JA&pos=110&ja=399775333&guid=0000019d44458c8db0dd6d0a8865d090&jobListingId=1010083868372&ea=1&vt=e&cb=1774969704535&ctt=1774971102267&srs=EMAIL_JOB_ALERT&gdir=1
Softpulse; Software Developer; 3k/mo (Too Low!) ; 3/31/26;Open; 3/31/26;; https://www.glassdoor.com/job-listing/software-developer-softpulse-JV_KO0,18_KE19,28.htm?jl=1010082979822&utm_source=jobalert&utm_medium=email&utm_term=jaqjobscontrol&utm_content=ja-jobpos13-agept-1010082979822&utm_campaign=jobAlertAlert&tgt=GD_JOB_VIEW&src=GD_JOB_AD&uido=7A57A36BECDA9E413E76BB41CD0D8A0B&ao=1136043&jrtk=5-yul1-0-1jl270jq8i9d0800-af70ab5fe619f53a&cs=1_ba035d88&s=224&t=JA&pos=113&ja=399775333&guid=0000019d44458c8db0dd6d0a8865d090&jobListingId=1010082979822&ea=1&vt=e&cb=1774969704537&ctt=1774971116342&srs=EMAIL_JOB_ALERT&gdir=1
LMG Technology Services (Baton Rouge LA); Application Programmer (SR-5265074-AP); ;3/31/26;Open;3/31/26;; https://www.glassdoor.com/job-listing/application-programmer-sr-5265074-ap-lmg-technology-services-JV_KO0,36_KE37,60.htm?jl=1010079393118&utm_source=jobalert&utm_medium=email&utm_term=jaqjobscontrol&utm_content=ja-jobpos6-age4d-1010079393118&utm_campaign=jobAlertAlert&tgt=GD_JOB_VIEW&src=GD_JOB_AD&uido=7A57A36BECDA9E413E76BB41CD0D8A0B&ao=1136043&jrtk=5-yul1-0-1jl267epgjcmg806-23a01ec4607c0ab3&cs=1_579b32b1&s=224&t=JA&pos=106&ja=378462087&guid=0000019d4445830b967656b7ae0060fa&jobListingId=1010079393118&vt=e&cb=1774968880287&ctt=1774971154380&srs=EMAIL_JOB_ALERT&gdir=1
Synergy BIS; .NET Developer; 75-123k; 3/31/26;Open; 3/31/26;; https://www.glassdoor.com/job-listing/net-developer-synergy-bis-JV_KO0,13_KE14,25.htm?jl=1010083037787&utm_source=jobalert&utm_medium=email&utm_term=jaqjobscontrol&utm_content=ja-jobpos7-agept-1010083037787&utm_campaign=jobAlertAlert&tgt=GD_JOB_VIEW&src=GD_JOB_AD&uido=7A57A36BECDA9E413E76BB41CD0D8A0B&ao=1136043&jrtk=5-yul1-0-1jl267epgjcmg806-c89d81bee2a98b2d&cs=1_040c1c8a&s=224&t=JA&pos=107&ja=378462087&guid=0000019d4445830b967656b7ae0060fa&jobListingId=1010083037787&ea=1&vt=e&cb=1774968880289&ctt=1774971158292&srs=EMAIL_JOB_ALERT&gdir=1
Optum; Senior Automation Developer - Remote; 92-164k; 3/31/26;Open; 3/31/26;; https://www.glassdoor.com/job-listing/senior-automation-developer-remote-optum-JV_IC1162329_KO0,34_KE35,40.htm?jl=1010082300633&utm_source=jobalert&utm_medium=email&utm_term=jaqjobscontrol&utm_content=ja-jobpos9-agept-1010082300633&utm_campaign=jobAlertAlert&tgt=GD_JOB_VIEW&src=GD_JOB_AD&uido=7A57A36BECDA9E413E76BB41CD0D8A0B&ao=1136043&jrtk=5-yul1-0-1jl267epgjcmg806-d0f8499aab60d26e&cs=1_8b1b6ed5&s=224&t=JA&pos=109&ja=378462087&guid=0000019d4445830b967656b7ae0060fa&jobListingId=1010082300633&ea=1&vt=e&cb=1774968880290&ctt=1774971171546&srs=EMAIL_JOB_ALERT&gdir=1
Everbridge; Senior Software Engineer; ; 3/31/26;Open; 3/31/26;; https://www.linkedin.com/jobs/view/4392126589/?trackingId=IZ68qBJjAb8nOpjhom9mww%3D%3D&refId=Ys3mDwJT411k9Q%2BcQ8HeWQ%3D%3D&midToken=AQE_3XQkBAKpjA&midSig=2QmYMFMaCupsc1&trk=eml-email_job_alert_digest_01-primary_job_list-0-jobcard_body_0_jobid_4392126589_ssid_15257593108_fmid_mw6pip~mneo9gwf~h2&trkEmail=eml-email_job_alert_digest_01-primary_job_list-0-jobcard_body_0_jobid_4392126589_ssid_15257593108_fmid_mw6pip~mneo9gwf~h2-null-mw6pip~mneo9gwf~h2-null-null&eid=mw6pip-mneo9gwf-h2&otpToken=MTMwNjE2ZTQxMTJmY2ZjMWJkMmQwZmViNDExOWUzYmQ4OWNiZDA0NTlhYWM4ODYyN2JkYTAyNmU0ODVlNTlmMGZlZDRkY2ViMThjNGU1Y2I1ZWZlZjQ5OTZiNTIwNzU4ODg5MmFjZjVkNTY1ZDg3ZDQwZTJiNWE2ZGQsMSwx
Canopy; Senior Engineer; ; 3/31/26;Open; 3/31/26;; https://www.linkedin.com/jobs/view/4392996963/?trackingId=AAhvLVM7v7Ox4BdpDWwFwQ%3D%3D&refId=Ys3mDwJT411k9Q%2BcQ8HeWQ%3D%3D&midToken=AQE_3XQkBAKpjA&midSig=2QmYMFMaCupsc1&trk=eml-email_job_alert_digest_01-primary_job_list-0-jobcard_body_1_jobid_4392996963_ssid_15257593108_fmid_mw6pip~mneo9gwf~h2&trkEmail=eml-email_job_alert_digest_01-primary_job_list-0-jobcard_body_1_jobid_4392996963_ssid_15257593108_fmid_mw6pip~mneo9gwf~h2-null-mw6pip~mneo9gwf~h2-null-null&eid=mw6pip-mneo9gwf-h2&otpToken=MTMwNjE2ZTQxMTJmY2ZjMWJkMmQwZmViNDExOWUzYmQ4OWNiZDA0NTlhYWM4ODYyN2JkYTAyNmU0ODVlNTlmMGZlZDRkY2ViMThjNGU1Y2I1ZWZlZjQ5OTZiNTIwNzU4ODg5MmFjZjVkNTY1ZDg3ZDQwZTJiNWE2ZGQsMSwx
TherapyNotes; Senior Quality Assurance Engineer (Automation); 95-125k; 4/1/26;Open; 4/1/26;; https://www.glassdoor.com/job-listing/senior-quality-assurance-engineer-automation-therapynotes-com-JV_KO0,44_KE45,61.htm?jl=1010080017544&utm_source=jobalert&utm_medium=email&utm_term=jaqjobscontrol&utm_content=ja-jobpos3-age5d-1010080017544&utm_campaign=jobAlertAlert&tgt=GD_JOB_VIEW&src=GD_JOB_AD&uido=7A57A36BECDA9E413E76BB41CD0D8A0B&ao=1110586&jrtk=5-yul1-0-1jl4orelfl02p800-440e5932521c5770---6NYlbfkN0AfEq5j7saNRG5aU_mvVTuWOB9eeCeHIli2OtKfZJ_lUxm0eLsg_46YIWkIaXWDfuWFI-nY19jkY3MNpLdONQIjUKhDwTc8z7EVmYg3lZuZzwxyW8rsEjh9znS9uAKM2BHhisXXXruEW9X3g5s25tzr2T-3LjSWpBY9aW9HASAqNhVwchWXxR9MNmc5DkScmEHXCrBkMUQM4JssBRZtjJtvAUQIqPrRqtmqGMJsuW1P6aerchFH0dvVr7Z_BHZZqbLe6aQYwHKsgxSOA_eG6vNblzCK1fXxRD5nAvWJLVybKqrG-MxpXKouYaU-tCJUWikD2LppdY9yqAOyTxf61RjAnHLWL7GNj_pMzN4361kydX38WliwmcK_-qPioIHGyf7DVSJeJdPfyR98TKA64w2MGmVZynGlLYDvnrBoloHHGriX5XbwSY26-6CYY_hRk0cG_r_iw8TuTeLfn5tC3vTKFH25TXqEdLlFQ9EuHa_yKXjirdpBkOkulp0gNZL0SNK3OwBJFceXn-6HDs6FtixZKyP-JyWW2MEY_qr8mmGVq7_TdcFqpT07IqWVcIEyv38KFABZXoDtDC0aMai7sXM_mYXTFxWmXlF96IoGtlnyo8_kH1o31iNrYxhwVFcMRD-hL3MmF6eoVjczzufxIfHWjbfpWc0uo6VboAXW8BpSDVHHQGj9hi9MJwrw2twFRscos8Etw8991EthXMtWKCPEfRrxgKAUEJQfXrwUMkvwTjn0gppJOLk_MvtsW8dRDcE%3D&cs=1_afd598bf&s=224&t=JA&pos=103&cpc=FAE5E775D180B2FB&ja=399777329&guid=0000019d496c0d5189633299a8ceb3ed&jobListingId=1010080017544&ea=1&vt=e&cb=1775055519613&ctt=1775062031407&srs=EMAIL_JOB_ALERT&gdir=1
DirectFunds, LLC; Software Engineer; 85k+; 4/1/26;Open; 4/1/26;; https://www.glassdoor.com/job-listing/software-engineer-direcfunds-JV_KO0,17_KE18,28.htm?jl=1010082706380&utm_source=jobalert&utm_medium=email&utm_term=jaqjobscontrol&utm_content=ja-jobpos2-age1d-1010082706380&utm_campaign=jobAlertAlert&tgt=GD_JOB_VIEW&src=GD_JOB_AD&uido=7A57A36BECDA9E413E76BB41CD0D8A0B&ao=1136043&jrtk=5-yul1-0-1jl4o61812bph000-401e8916bf4b3b63&cs=1_13a13cf8&s=224&t=JA&pos=102&ja=399775333&guid=0000019d496bfd5ba6b5b1b3ee098949&jobListingId=1010082706380&ea=1&vt=e&cb=1775054816779&ctt=1775062051590&srs=EMAIL_JOB_ALERT&gdir=1
CaseGlide; Software Engineer - .NET / C#; 95-130k; 4/1/26;Open; 4/1/26;; https://www.glassdoor.com/job-listing/software-engineer-net-c-caseglide-JV_KO0,23_KE24,33.htm?jl=1010084804863&utm_source=jobalert&utm_medium=email&utm_term=jaqjobscontrol&utm_content=ja-jobpos1-agept-1010084804863&utm_campaign=jobAlertAlert&tgt=GD_JOB_VIEW&src=GD_JOB_AD&uido=7A57A36BECDA9E413E76BB41CD0D8A0B&ao=1136043&jrtk=5-yul1-0-1jl4nqgnml03s804-ce5b0d2df25fb5cb&cs=1_2a5cb8fa&s=224&t=JA&pos=101&ja=378462087&guid=0000019d496bf272ad5715a3face256b&jobListingId=1010084804863&ea=1&vt=e&cb=1775054439483&ctt=1775062112658&srs=EMAIL_JOB_ALERT&gdir=1
Beacon Hill Staffing Group; C# Developer; ; 4/1/26;Open; 4/1/26;; https://www.indeed.com/viewjob?jk=cf7757a496353fc3&tk=1jl3tio8i2l0a001&from=jobi2a&advn=172505541915166&adid=336695822&ad=-6NYlbfkN0AEoGMyuqqa4fuJ8ioA0yHILhRJp52EdX7fBgN-aGi6iG_TwnhJPFa0ulYjSpxlKhkRAUoeTg2XiQ5HVMj4s0TV1BQf7JrmPWWbjUDccDp2BvZZAxGSID_ap2_LfAz0zCbiGq2kcf1CzUvoULz2_7F_rM2kXsdxmYA2w3kT2__ecR-fASHToYxInoZmP8HvHLFNnX1gFWAzBEMcngV4OafHZHjhQ2Ve4SipPuCfHoAhrK6NbYc1D6Q50OgPg7jG8ZG0kLJBk1hd_y4qEqKKtWqREmrJ_Pxp1_Zv9h2Ub2HEkn2fizNMx70_Uargu5E_5NvyrG8mY_18umywxokfgQ35Nj2u4_szQiLT_3C2g-zbZy6hOonfeN2voxgBVTe9dsMoDELA1-BN7QXvAXvJvb-IgHJ3LW20ZEgfBK3xoMA-gr2N54BBZtmKIhhlYOai0t7_eO-uZdZCEHZj1TuzJ4N_rAOjevk-VaTY3h0Z_8lGrQOtkcSAa78WV-bXVSh5M28A1gV0YzaIGe0prUuHP7GLwtzLVKXlR6UtN-NA7sn8rBbhz1LjeUWgrzyjy1DA6KwPFEUqDda_EDay_2jmDNJ5qBhOPKsqu1h0RpDZGbZ4z4RMsv6mlhkc&sjdu=vUz3PJIdpGfygLQXVlxEDtrp31zrUKvX5DyE7UoHSnaOw8ANZwaIK2bzTnXrBDPklLt7gxUK-tZoFoA-RTYDpPuvKfFBp-zAWGFiBYqRFxdeAPs8LdQa73kOTeAAvJnX&acatk=1jl4vfdrggmbt802&pub=21d85ca573e478f5e659e48885c828920cace3277f6b99df&i2af=jobi2a_multijob-en-US_email&camk=PWNeRUN351gDnQzC7BGBhQ%3D%3D&jrtk=5-cmh1-1-1jl3t5jv5k9sg802-cf7757a496353fc3&xkcb=SoCm6_M3ljzE1FWvUZ0KbzkdCdPP&xpse=SoCg6_I3lk2yYNS5BB0PbzkdCdPP&xfps=99aa0339-350c-4e79-b73c-22e255cef356
Experian; Senior Backend .NET Software Developer (Remote); 116-208k; 4/1/26; Rejected; 5/1/2026;; https://jobright.ai/jobs/info/69cc8159366bb95ba54f0dbd?utm_source=1121&imp_id=3673496432511879909__instant_push__1775013606069_1664&utm_medium=email
Pathfinders Executive Search; Senior Software Engineer; 120-140k; 4/1/26;Open; 4/1/26;; https://jobright.ai/jobs/info/69cc4747891d7b11cfcab7d2?utm_source=1025&imp_id=3673496432511879909__digest_job_alert__1775006721887_8116&utm_medium=email
National Healthcare Solutions Group; Software Engineer; ; 4/1/26; Rejected; 5/1/2026;; https://jobright.ai/jobs/info/69cc43b4891d7b11cfcab5e7?utm_source=1025&imp_id=3673496432511879909__digest_job_alert__1775006721887_8116&utm_medium=email
ImagineX; Senior Backend Engineer; ; 4/1/26;Open; 4/1/26;; https://www.glassdoor.com/job-listing/senior-backend-engineer-imaginex-consulting-JV_KO0,23_KE24,43.htm?jl=1010084155858&utm_source=jobalert&utm_medium=email&utm_term=jaqjobscontrol&utm_content=ja-jobpos6-agejp-1010084155858&utm_campaign=jobAlertAlert&tgt=GD_JOB_VIEW&src=GD_JOB_AD&uido=7A57A36BECDA9E413E76BB41CD0D8A0B&ao=1136043&jrtk=5-yul1-0-1jl322d8elje6800-c9aecbad5c96cb06&cs=1_dad7a470&s=224&t=JA&pos=106&ja=380629936&guid=0000019d4557a766b77501603a56387c&jobListingId=1010084155858&ea=1&vt=e&cb=1774998074914&ctt=1775062822489&srs=EMAIL_JOB_ALERT&gdir=1
University of Tennessee Health Science Center; DASH Research Business Analyst (Level 1-4) - Department of Technology Solutions, UT Systems Administration; 60-110k; 4/1/26;Open; 4/1/26;; https://www.glassdoor.com/job-listing/dash-research-business-analyst-level-14-department-of-technology-solutions-ut-system-administration-university-of-tennessee-health-science-center-JV_IC1144394_KO0,99_KE100,145.htm?jl=1010077907709&utm_source=jobalert&utm_medium=email&utm_term=jaqjobscontrol&utm_content=ja-jobpos1-age6d-1010077907709&utm_campaign=jobAlertAlert&tgt=GD_JOB_VIEW&src=GD_JOB_AD&uido=7A57A36BECDA9E413E76BB41CD0D8A0B&ao=1136043&jrtk=5-yul1-0-1jl4t7cmejn13800-b067aa36bd9af641&cs=1_c3ce3233&s=224&t=JA&pos=101&ja=401049853&guid=0000019d49a25b078b2ccacbd79ccd28&jobListingId=1010077907709&vt=e&cb=1775060104099&ctt=1775061803896&srs=EMAIL_JOB_ALERT&gdir=1
Net3IT; IT Project Engineer; ; 4/1/26;Open; 4/1/26;; https://www.indeed.com/viewjob?cmp=Net3IT&t=IT+Engineer&jk=28b87d88739abdad&q=back+end+developer&xpse=SoBb67I3lc7ulGS6qx0LbzkdCdPP&xfps=e277a4f8-7068-4537-afb9-1dbe188fce78&xkcb=SoDP67M3lc7RuZgVW70NbzkdCdPP&vjs=3
Jack Henry; .Net C# Software Engineer; ; 4/1/26; Closed; 5/2/26; Rejection Email received; https://jobright.ai/jobs/info/69cc48f2cfdc6132f940b67f?utm_source=1121&imp_id=3673496432511879909__instant_push__1774995850475_2899&utm_medium=email
KinderSystems; Senior .NET Software Engineer; 110-130k; 4/1/26;Open; 4/1/26;; https://www.indeed.com/viewjob?jk=6ace165b622219a2&tk=1jkspfh86gh9a844&from=serp&vjs=3
NASCAR; Engineer, Event Software Development; ;4/1/26; Rejected; 5/1/2026;; https://nascar.wd1.myworkdayjobs.com/en-US/NASCAR/job/Daytona-Beach-FL/Engineer--Event-Software-Development_JR13987?workerSubType=1f1fe7942923017c3f7d4b49c700d701
NASCAR; Network Engineer; ; 4/1/26; Rejected; 5/1/2026;; https://nascar.wd1.myworkdayjobs.com/en-US/NASCAR/job/Daytona-Beach-FL/Network-Engineer_JR13862?workerSubType=1f1fe7942923017c3f7d4b49c700d701
Ascella Technologies, Inc; COBOL Developer (Mainframe Modernization); ; 4/1/26; Rejected; 5/1/2026;; https://www.indeed.com/viewjob?jk=2453160533297361&tk=1jkqagq1tg6hf881&from=serp&vjs=3
Tria Federal; AI .NET Developer; ; 4/6/26;Open; 4/6/26;; https://jobright.ai/jobs/info/69d0588ccfdc6132f943a85b?utm_source=1121&imp_id=3673496432511879909__instant_push__1775346281359_6065&utm_medium=email
Prudent Technologies and Consulting, Inc; C# Engineer (15+ Yrs Exp) _Remote (W2 Only); ;4/6/26;Open;4/6/26;; https://jobright.ai/jobs/info/69cea9fc398fb071abf877f7?utm_source=1121&imp_id=3673496432511879909__instant_push__1775424611456_7876&utm_medium=email
Centriworks; Senior Technical Support Analyst; 53-95k; 4/6/26;Open; 4/6/26;; https://www.glassdoor.com/job-listing/senior-technical-support-analyst-centriworks-JV_IC1144394_KO0,32_KE33,44.htm?jl=1010088756219&utm_source=jobalert&utm_medium=email&utm_content=ja-jobpos2-age3d-1010088756219&utm_campaign=jobAlertAlert&tgt=GD_JOB_VIEW&src=GD_JOB_AD&uido=7A57A36BECDA9E413E76BB41CD0D8A0B&ao=1136043&jrtk=5-yul1-0-1jlhov6b1l03s804-1745233f85b03c1a&cs=1_1e3fec2c&s=224&t=JA&pos=102&ja=401049853&guid=0000019d63621838a17991c0c0b3f269&jobListingId=1010088756219&ea=1&vt=e&cb=1775491849559&ctt=1775499091099&srs=EMAIL_JOB_ALERT&gdir=1
Meridian Cooperative; COBOL Developer; ; 4/6/26; Rejected; 5/1/2026;; https://jobright.ai/jobs/info/69d259f7cdb525785fbb9802?utm_source=1121&imp_id=3673496432511879909__instant_push__1775444076295_5818&utm_medium=email
Zetron; Full Stack Software Engineer - Blazor Focus; ;4/6/26;Open;4/6/26;; https://www.ziprecruiter.com/jobs/zetron-773a93a1/full-stack-software-engineer-blazor-focus-0bbf1dc84?enc_campaign_id=fd50a38a&lk=Xxn83IZdQpgIu7eIU4ruvQ&tsid=122220994
CES; Lead Software Engineer (Remote); ; 4/6/26;Open; 4/6/26;; https://jobright.ai/jobs/info/69d374dfcfdc6132f9451766?utm_source=1121&imp_id=3673496432511879909__instant_push__1775502371536_1182&utm_medium=email
Envestnet; Lead Software Engineer; 139-185k; 4/6/26;Open; 4/6/26;; https://jobright.ai/jobs/info/6944ccb850bbaf765056e037?utm_source=1121&imp_id=3673496432511879909__instant_push__1775403501451_410&utm_medium=email
Maximus; Back End Developer - Mid-Level - TS/SCI Clearance Required; 10-130k; 4/6/26; Rejected; 5/1/2026;; https://www.glassdoor.com/job-listing/back-end-developer-mid-level-ts-sci-clearance-required-maximus-JV_KO0,54_KE55,62.htm?jl=1010080410735&utm_source=jobalert&utm_medium=email&utm_content=ja-jobpos4-age9d-1010080410735&utm_campaign=jobAlertAlert&tgt=GD_JOB_VIEW&src=GD_JOB_AD&uido=7A57A36BECDA9E413E76BB41CD0D8A0B&ao=1110586&jrtk=5-yul1-0-1jli2g2etljej800-3b2ed390a6b9f085---6NYlbfkN0D8I3f6GXLl4AOe1XXqEe0trmVi4nr1JrUePosgNmeHMkq7L3uyFfou1NC4TxB9fDFBMJkLYNkKSEhx8GRt0u-6xAZ6QPD8rQPlgmCLZkm9MsrQWPkx_fv6nAIj1WMBbffmObK9Xl5nXyUKnJlTDMuCUICaDiCteDUqFYvXThByWrGMlsdW2bqJ-dCmWtYyDvLLcmA_wIzRsDg0dmd88IZ8mo72xJ-F47q8H9iLU76B-ilijK68o8tXiCxo4OqtmwgO_1_OvbPFDZ_JtfCgOGTMRrEa5dL31UQ-Bu4igppAilaG5g10aS0pSGTXaTm1GSSo59F63rMr_YQJLVDtw5NE1P_pPOEMlXCy0aoCQT_ii1fiV5g6CJf-ziTMT47xQxsIwsmaB0uiKY9Ys3OV72hJ_85RPvBxqbDyMwm8NEo50HlsjYeZi_MGMxb1D8o5T0XE6itfSro8J9MPC08snL6E7sZ__u52JHctIhYQOjvx6s4ViOUB0rWuLFmzaYGt9CqddSKMqf23rjgFUqY7_81Z3oN9vk9bF4puBRpEMYv0QqPmgR1pHsMInFctQCuwo3CMwPL-Tymf1J6hC_aaoSxJkypi1WecsdQVXZOccJzMON_Qa8Y91QolAZFOoJyyQRmvoEUgVm9TbOh6qmz5UVPQEWFrTyhVWLF5y5r3X1XWktRt4cf6CXKqZtCzYDG7vof-A-S8hlZOPrr8RfgDRk7U0EY8URM8Z7t-rUglH1UvKua8pcgFT-z3_YasLb2aNIXwgLxjBzboMybghkJ_dYHgRm8mX4vL9dZ47H0pjaKnzbhAT48rhvvFjwSTF1tt5HMF1aWDs87SXg%3D%3D&cs=1_aee030ce&s=224&t=JA&pos=104&cpc=AC285F3A3ECA6BB0&ja=393422649&guid=0000019d6406cfed837603181a76c1f6&jobListingId=1010080410735&vt=e&cb=1775501839878&ctt=1775501936808&srs=EMAIL_JOB_ALERT&gdir=1
Thunderyard Solutions; Mid-Level API Engineer, Veterans Affairs; 90-110k; 4/6/26;Open; 4/6/26;; https://jobright.ai/jobs/info/69d3e83854f00230c6d2c4da?utm_source=1121&imp_id=3673496432511879909__instant_push__1775502371536_1182&utm_medium=email
Netrist Solutions; Full Stack Developer - Mid Level; ; 4/6/26; Rejected; 5/1/2026;; https://www.glassdoor.com/job-listing/full-stack-developer-mid-level-netrist-JV_KO0,30_KE31,38.htm?jl=1010077875910&utm_source=jobalert&utm_medium=email&utm_content=ja-jobpos3-age11d-1010077875910&utm_campaign=jobAlertAlert&tgt=GD_JOB_VIEW&src=GD_JOB_AD&uido=7A57A36BECDA9E413E76BB41CD0D8A0B&ao=1136043&jrtk=5-yul1-0-1jlhjhvqf2h2c000-53c316481c41132b&cs=1_0a8bcde0&s=224&t=JA&pos=103&ja=378462087&guid=0000019d632b6a6ba0d9050079536e2a&jobListingId=1010077875910&vt=e&cb=1775486173275&ctt=1775499562256&srs=EMAIL_JOB_ALERT&gdir=1
Nexgen Technologies; Backend / API Developer (Azure); 95-120k; 4/6/26;Open; 4/6/26;; https://www.glassdoor.com/job-listing/backend-api-developer-azure-nexgen-technologies-JV_KO0,27_KE28,47.htm?jl=1010090233256&utm_source=jobalert&utm_medium=email&utm_content=ja-jobpos5-agept-1010090233256&utm_campaign=jobAlertAlert&tgt=GD_JOB_VIEW&src=GD_JOB_AD&uido=7A57A36BECDA9E413E76BB41CD0D8A0B&ao=1136043&jrtk=5-yul1-0-1jld4ae52gcva800-0740b375d0ed355a&cs=1_c2dfd867&s=224&t=JA&pos=105&ja=380629936&guid=0000019d59f18e668992e21b17062284&jobListingId=1010090233256&vt=e&cb=1775335979434&ctt=1775501800566&srs=EMAIL_JOB_ALERT&gdir=1
VLS Systems Inc.; Application Developer; 97-137k; 4/7/26;Open; 4/7/26;; https://www.indeed.com/viewjob?jk=036f8808eafcb977&tk=1jlj995pkptpc802&from=jobi2a&advn=392115683831400&adid=460010389&ad=-6NYlbfkN0CRqlxJmBMGGqj4jK7JHcJzWDVUtLmfm2pse8tuC3Hav6wcu6WkeBINMGje1qSs-xN2-UT73XEjwHjX7KixNNU8YQ_kIo_BaPUMI40pM-zTYYG_FkCHN3vKQ4ylfakwEZ4TZWPO7O7UScSAag_3afGDLJg_CW9BM1Eu8rG7EDCvW69U8b_7BlorUAlmD6qNwmZNCa92sZeTMDXzTiz0PLYdCMjM5DqfykCe5fa7s7dFVOqOpwZJ6hyTvGQyRsRI3lFYwuqo8cTsVmG2pv5_YId2YdhK3OrTcna28uKYBPp-8KJo2J_KDJfcj4zKRA5UzNQewhfV5c9WCI0mKq0hx_CFcfN3Q5xXas47a3nXib33kcFyJE74KhAzUu6gKxkZ9SMu6NMTBds5gzjUdI1fTaXDWIJur4y1WywqfEi2gerYr_udHq_nYU_K8koSleHafL1Yu6JktqnNGLNR-IpK-pwMlAy4Ul3nBFdpFW7C9EwpdM15Rj5YKEX95ZK6C-nyZe7qruZ37xkljqO0pcePnV7M3Gz1vvZO9kQkpb0j4VBu8OHFoz0XjYivKgGYFizeysbRuwB72lJqP5lKMjXGCZlck9334XNgOWoqvp0avgIt3E3CjctYLoGK&pub=21d85ca573e478f5e659e48885c828920cace3277f6b99df&i2af=jobi2a_multijob-en-US_email&camk=C3EPSzFlQw8G_zzZhMGjYA%3D%3D&jrtk=5-cmh1-1-1jlj994c4rivt803-036f8808eafcb977&xkcb=SoDs6_M3lza3va063x0fbzkdCdPP&xpse=SoD46_I3l0LpZ8SYER0PbzkdCdPP&xfps=1a06d568-52b8-4b81-b810-7d02e9780a85
Precision Systems; C#/Duck Creek Developer; ;4/7/26;Open;4/7/26;; https://www.indeed.com/viewjob?jk=e1dc761e8791c82b&tk=1jlj995pkptpc802&from=jobi2a&advn=9884781704172152&adid=459082054&ad=-6NYlbfkN0Clz_FvDW05OYcXZEfdSgGAs4NrBEY9FTKhI-t1tfWo-58rmEBigeFwryrEgMK5Wv1FfaaHDVx8GbT4-gan3r2X9dZyDH1rijAGtRh92VGOeE_J6Erq86VTToAn5QfOO12V5EnFdRF-TYB68SZrdzJDKKbUpPJjCkcFp_TD0dRfQ_3DYCUfkqXw1m71gEPJuLeV7_GCD2mnH1qex7E-qDKeY8GcEuWmQgm9EXUlEZrmLXiYH1dDHljXHBJPzm2CsRgl1V2Qfsp5VVNxuCoAHX0iopC-kJxJ4omjF2l2xRPX9FPGNpCH41KNasTMqn7We3KHkfjSDVzfF39TLBKliUxKpsGHzXmlOlGhGTVPY35gJ-RkhrBDPt1BBJfdN3O97EzlDiuiMHslRaMXQrRncks0AkvyyqmyVXkV0YC1c_g8aOj863vC7dXF2hKk_eqjSLpicDled-LXXxK1YzNMfxgxMTypSf8rc7RzRB6zeSCYOtIHc8Wy0v_X55NDnSsRrd132TLel8gl4pfTqXQ9maS4boxezVXWjAEUWDVDm1IYCXAul3ni40yLSHgjJK2e4VRYzY_5-dmohW61Uxg7ErAc-O371yoNCKgaU2bgsqjS87vNzi0CTOZn&pub=21d85ca573e478f5e659e48885c828920cace3277f6b99df&i2af=jobi2a_multijob-en-US_email&camk=UoKtGZLa3XLbvsYusF1Zng%3D%3D&jrtk=5-cmh1-1-1jlj994c4rivt803-e1dc761e8791c82b&xkcb=SoBV6_M3lza3vF063x0DbzkdCdPP&xpse=SoDk6_I3l0LmgQS6kZ0NbzkdCdPP&xfps=14795a76-777f-4914-8c2d-edf4836b6e4e
Insurity; Architect; 105-167k; 4/7/26;Open; 4/7/26;; https://www.indeed.com/viewjob?jk=71fa63e2bab4c4f7&tk=1jlj995pkptpc802&from=jobi2a&advn=4545443993450735&adid=458501175&ad=-6NYlbfkN0C2YNyQh3GFAwQ-dyuiZmvfa2S_250bNGRBUZFpswMPsSccQyJDLEPcvUtVbhbpd5jvMcS5MQFfG0d877FBEVLDeW_JtbwU4woy83vKdgy5gpFVK6XcqmYNWT9bEXkedmDScr3lhDV0aibpnFP0Sn2IAzZZTy5v8o6T1P0bpc4kvEKtUKnNyBwJ9r4ZN65aZMobq2SyYatq956r2aIZFdh1fm91BV-AUbNLHsR-6_EUsnclVxYophQfxhxTGm-yeEsnc16xYhR9fYCGGO4jPOomvIdFk1J99tiKk7TAV9NSHoMUOic9qLYw7WH4mSwm1S6sKK6Aep7pFPPypZlSPA4OZRA9II1UdfHPPktRIj3MuMkiW-svJWN1cqTH2vD8pE24RI-u2_F0kV8ZpnbR_qFRFaQvtQyHDyFWfppdANvk3DqhMEbOi7P_Gb12Cn284c2_t7c0OKNytaNkQ1pREZg53ytt52Hi1KwMIjiGyUeA-Dg_ABzzJ5n_0vQXzKMxfHieHmZreBPb-ZxBJH6bwLsQJimSrJ1X_HEb3UwzSMEdz88PLolKRtQJ6nbyK9Tot878aFshrYqz-dHgKPln4tz3HXEdz5zHCMFi6V6yFEiNUzTIUjDGsVGG&sjdu=8aKTnhAUxh5ENd4kai56sqSM1f1aHYVaLBGbwzgdtjFTWaqsxIzov5VIPb6ACBB19ZSKZOmkeAz4lw9gm-9hlzQ2b9Il319ZICwwVIqdchs&acatk=1jlk1qon1g6qn802&pub=21d85ca573e478f5e659e48885c828920cace3277f6b99df&i2af=jobi2a_multijob-en-US_email&camk=UoKtGZLa3XID6kRSnY-WXA%3D%3D&jrtk=5-cmh1-1-1jlj994c4rivt803-71fa63e2bab4c4f7&xkcb=SoA86_M3lza3vEU63x0RbzkdCdPP&xpse=SoCB6_I3l0LkzFyYER0PbzkdCdPP&xfps=682e1199-e2aa-4bae-9402-8c5280c60bf8
Blue Coding; .NET Engineer (B2); ; 4/7/26; Rejected; 04/10/26 ;; https://jobright.ai/jobs/info/69d4321b366bb95ba553b593?utm_source=1121&imp_id=3673496432511879909__instant_push__1775529121772_2639&utm_medium=email
Nestmed; Software Engineer, Backend; 220-280k; 4/7/26;Open; 4/7/26;; https://www.linkedin.com/jobs/view/4394705849/?trackingId=9t0itBXqRsCUS8Zo29X6ig%3D%3D&refId=CDciqSt%2BSjqj9XycZ%2FwZbQ%3D%3D&midToken=AQE_3XQkBAKpjA&midSig=1QUtyGNrMIyIc1&trk=eml-email_next_best_action_digest_01-4Fz%2FQWvjR%2B%2B98TgOn%2BbBdA%3D%3D-0-fTrsnPsB1D6NIqclt9rgAw%3D%3D&trkEmail=eml-email_next_best_action_digest_01-4Fz%2FQWvjR%2B%2B98TgOn%2BbBdA%3D%3D-0-fTrsnPsB1D6NIqclt9rgAw%3D%3D-null-mw6pip~mnnymiyq~fv-null-null&eid=mw6pip-mnnymiyq-fv&otpToken=MTMwNjE2ZTQxMTJmY2ZjMWJkMmQwZmViNDExOWUyYjE4ZGM4ZDQ0OTljYWI4YTYzN2JkYTAyNmU0ODVlNTlmMGZlZDRkY2ViMThkNGJjYzE0NTg5Y2I4NTMzYTc2ZjQ1NDkwNTZmMGNjYzNhMDJiMzcyNjgyMTk4YjAsMSwx
Double A Solutions; Software Engineer; ; 4/7/26; Rejected; 5/1/2026;; https://jobright.ai/jobs/info/69d44e7654f00230c6d2ff8f?utm_source=1121&imp_id=3673496432511879909__instant_push__1775521537541_2136&utm_medium=email
MCG Energy Solutions, LLC; Senior Application Software Developer; 115-135k; 4/7/26; Rejected; 4/10/26;; https://www.linkedin.com/jobs/view/4385906932/?trackingId=5jVSUzVrTGygvacfKWWW2A%3D%3D&refId=74ATFqIwSty0ohZylmu34w%3D%3D&eBP=NOT_ELIGIBLE_FOR_CHARGING&midToken=AQE_3XQkBAKpjA&midSig=0XZ_RSDVmQysc1&trk=eml-jobs_jymbii_digest-job_card-0-jobcard_body_4385906932&trkEmail=eml-jobs_jymbii_digest-job_card-0-jobcard_body_4385906932-null-mw6pip~mnnuc71v~j9-null-null&eid=mw6pip-mnnuc71v-j9&otpToken=MTMwNjE2ZTQxMTJmY2ZjMWJkMmQwZmViNDExOWUyYjE4ZWM3ZDI0OTlmYTk4ZDYzN2JkYTAyNmU0ODVlNTlmMGZlZDRkY2ViMThjNWUyYzQ2MDlhZGNhMzNjZmUwZWJlNzFkMzkxYTIwOTBiMTQ0NTgwNTIxNTBhYWQsMSwx
The Midtown Group; Senior Software Engineer (.NET); 55-65/hr; 4/7/26;Open; 4/7/26;; https://www.linkedin.com/jobs/view/4397335856/?trackingId=GgJjllbhRT2r9izDmNtwiQ%3D%3D&refId=RC2%2FdbR5Qrm%2FfRKdE1F35A%3D%3D&eBP=CwEAAAGdYGIWMK3EUXWnIU8PneWe_IXz_mgQQkNsQd_S9XgalEx14kVazjKsyYn46RH-W9r3mA1JcKmILi32RXZLdg53Aj3JApZzB1gi_0Azdh9fUtKAUHmjcQmuTdM0jXDeOYHv70ztinMktEHMiZC8a4qVUYlp220sdUNuCWcpBJ_lqZf6nu1oua2ow2xCVzaN8IL8f45JiFzDJtxRPb9-LQhf0iXh4wV9TaRSo89EKmFGx7iQhgYOoPCHoekBakslUxDAUZru9a53hyuRUFEsjakzUAruFCnvyNYrVmTKA16lxSWZO4QrsbivFNCkT5vQDy443Vr5-VQTUTM5ONPi8DcnAG2u9AsCfdHq9vrRB-01EX3rKQg4sT39aW_zb-yf01gy8PgnKFRZW3dHmYRR2DOXBCjK2_BxLHK5e-VC7wQ&midToken=AQE_3XQkBAKpjA&midSig=0XZ_RSDVmQysc1&trk=eml-jobs_jymbii_digest-job_card-0-jobcard_body_4397335856&trkEmail=eml-jobs_jymbii_digest-job_card-0-jobcard_body_4397335856-null-mw6pip~mnnuc71v~j9-null-null&eid=mw6pip-mnnuc71v-j9&otpToken=MTMwNjE2ZTQxMTJmY2ZjMWJkMmQwZmViNDExOWUyYjE4ZWM3ZDI0OTlmYTk4ZDYzN2JkYTAyNmU0ODVlNTlmMGZlZDRkY2ViMThjNWUyYzQ2MDlhZGNhMzNjZmUwZWJlNzFkMzkxYTIwOTBiMTQ0NTgwNTIxNTBhYWQsMSwx
Arrowhead Promotion & Fulfillment; Senior Backend Engineer; 135-165k; 4/7/26;Open; 4/7/26;; https://www.glassdoor.com/job-listing/senior-backend-engineer-arrowhead-promotion-fulfillment-JV_KO0,23_KE24,55.htm?jl=1010089789705&utm_source=jobalert&utm_medium=email&utm_content=ja-jobpos5-age3d-1010089789705&utm_campaign=jobAlertAlert&tgt=GD_JOB_VIEW&src=GD_JOB_AD&uido=7A57A36BECDA9E413E76BB41CD0D8A0B&ao=1136043&jrtk=5-yul1-0-1jlid8i3vm924809-140b35f1e91fd6f3&cs=1_5a053fa5&s=224&t=JA&pos=105&ja=380629936&guid=0000019d643dc9ab89caed51f38cdad9&jobListingId=1010089789705&vt=e&cb=1775513127358&ctt=1775569273422&srs=EMAIL_JOB_ALERT&gdir=1
Lumin Digital; Senior Software Implementation Engineer; 145-165k; 4/7/26;Open; 4/7/26;; https://www.glassdoor.com/job-listing/senior-software-implementation-engineer-lumin-digital-JV_KO0,39_KE40,53.htm?jl=1010088903954&utm_source=jobalert&utm_medium=email&utm_content=ja-jobpos7-age3d-1010088903954&utm_campaign=jobAlertAlert&tgt=GD_JOB_VIEW&src=GD_JOB_AD&uido=7A57A36BECDA9E413E76BB41CD0D8A0B&ao=1136043&jrtk=5-yul1-0-1jlid8i3vm924809-689158fd1dd31ef2&cs=1_d1c7fe55&s=224&t=JA&pos=107&ja=380629936&guid=0000019d643dc9ab89caed51f38cdad9&jobListingId=1010088903954&vt=e&cb=1775513127358&ctt=1775569281533&srs=EMAIL_JOB_ALERT&gdir=1
Teachstone Training; Senior Software Engineer (Measurement); 125-135k; 4/7/26; Rejected; 4/10/26;; https://www.glassdoor.com/job-listing/senior-software-engineer-measurement-teachstone-JV_KO0,36_KE37,47.htm?jl=1010090001904&utm_source=jobalert&utm_medium=email&utm_content=ja-jobpos13-age2d-1010090001904&utm_campaign=jobAlertAlert&tgt=GD_JOB_VIEW&src=GD_JOB_AD&uido=7A57A36BECDA9E413E76BB41CD0D8A0B&ao=1136043&jrtk=5-yul1-0-1jlid8i3vm924809-3b68a8f24d172baf&cs=1_68e5fba9&s=224&t=JA&pos=113&ja=380629936&guid=0000019d643dc9ab89caed51f38cdad9&jobListingId=1010090001904&vt=e&cb=1775513127359&ctt=1775569304230&srs=EMAIL_JOB_ALERT&gdir=1
One Call; Sr. Software Engineer; 120-192k; 4/7/26;Open; 4/7/26;; https://www.linkedin.com/jobs/view/4384600267/?trackingId=2e4GEXPguVgQXX1qyh6vTQ%3D%3D&refId=c7FO%2FYEnzilZWWpfaojHYg%3D%3D&midToken=AQE_3XQkBAKpjA&midSig=1QD994shQYysc1&trk=eml-email_job_alert_digest_01-primary_job_list-0-jobcard_body_0_jobid_4384600267_ssid_14583149764_fmid_mw6pip~mnnq1v8s~7p&trkEmail=eml-email_job_alert_digest_01-primary_job_list-0-jobcard_body_0_jobid_4384600267_ssid_14583149764_fmid_mw6pip~mnnq1v8s~7p-null-mw6pip~mnnq1v8s~7p-null-null&eid=mw6pip-mnnq1v8s-7p&otpToken=MTMwNjE2ZTQxMTJmY2ZjMWJkMmQwZmViNDExOWUyYjE4ZWNjZDE0MTkwYWM4YzYzN2JkYTAyNmU0ODVlNTlmMGZlZDRkY2ViMThkMGMyZDgwNmZjZGZjMDI5M2U5MmM2MTJlYmE0MTE2YTgzMmI4OTcxODNhN2Y4ZDgsMSwx
Eliassen Group; .NET Backend Engineer JN -032026-106153; ; 4/7/26;Open; 4/7/26;; https://www.dice.com/job-detail/062a8b2d-da74-45f6-92ea-e9191b87ef9d
Raas Infoteck LLC; Senior .NET Developer (Austin TX); ; 4/7/26;Open; 4/7/26;; https://www.dice.com/job-detail/0c61d353-1314-44bc-861e-46f1c8f4b97a
Tekpros Inc; Mainframe Developer; 45/hr+; 4/7/26;Open; 4/7/26;; https://www.indeed.com/viewjob?cmp=TEKPROS-INC&t=Developer&jk=6bd5ee516f738fed&q=c%23&xpse=SoBq67I3lydyf4ybd50LbzkdCdPP&xfps=38e2e894-c34a-4d39-b400-c2c2a8eca1b3&xkcb=SoC967M3lyaXTTyCj50LbzkdCdPP&vjs=3
Portless; Senior software Engineer; ; 4/7/26;Open; 4/7/26;; https://www.linkedin.com/jobs/view/4397782551/?trackingId=oJILwoa4fnbIZqQf9teE8Q%3D%3D&refId=KKlQ%2Fj1xV%2BzPKWDfK8FqnA%3D%3D&midToken=AQE_3XQkBAKpjA&midSig=0Of8gzk_7Yzcc1&trk=eml-email_job_alert_digest_01-primary_job_list-0-jobcard_body_0_jobid_4397782551_ssid_14583149772_fmid_mw6pip~mnoocg3s~96&trkEmail=eml-email_job_alert_digest_01-primary_job_list-0-jobcard_body_0_jobid_4397782551_ssid_14583149772_fmid_mw6pip~mnoocg3s~96-null-mw6pip~mnoocg3s~96-null-null&eid=mw6pip-mnoocg3s-96&otpToken=MTMwNjE2ZTQxMTJmY2ZjMWJkMmQwZmViNDExOWUyYjE4OWM3ZDc0MjkwYWQ4YTZiN2JkYTAyNmU0ODVlNTlmMGZlZDRkY2ViMThjZGNlZGUwN2JmZTk5MDNiMzI2YzRlMTUyMTY4ZDZjMTAyMjkwZTIyODJhMzNlNzQsMSwx
Artech; Contract; ; 4/8/26;Open; 4/8/26;; https://www.artech.com/contact-us/
Cribl; Sr. Software Engineer, Search Federation; 175-210k; 4/8/26; Rejected; 5/31/26; Rejection Received; https://jobright.ai/jobs/info/69d5857ccdb525785fbd1868?utm_source=1121&imp_id=3673496432511879909__instant_push__1775601346090_1901&utm_medium=email
Clay; Technical Partnerships Engineer; ; 4/8/26; Rejected; 5/1/2026;; https://jobright.ai/jobs/info/69d57d20366bb95ba55458d0?utm_source=1121&imp_id=3673496432511879909__instant_push__1775601346090_1901&utm_medium=email
Cotiviti; Senior Integration Solutions Engineer; 122-155k; 4/8/26;Open; 4/8/26;; https://jobright.ai/jobs/info/69d57c32cdb525785fbd15ab?utm_source=1121&imp_id=3673496432511879909__instant_push__1775601346090_1901&utm_medium=email
HealthEdge; Software Developer; 115-132k; 4/8/26;Open; 4/8/26;; https://jobright.ai/jobs/info/69d56051891d7b11cfd0161c?utm_source=1121&imp_id=3673496432511879909__instant_push__1775606689652_8455&utm_medium=email
Gainwell Technologies; Sr. Web Developer (ASP.NET/C#); 75-95k; 4/8/26;Open; 4/8/26;; https://jobright.ai/jobs/info/69d58c00891d7b11cfd02d89?utm_source=1121&imp_id=3673496432511879909__instant_push__1775606689652_8455&utm_medium=email
Northrop Grumman; Principal Engineer Software/Senior Principal Engineer Software (Melbourne FL); 98-184k; 4/8/26;Open; 4/8/26;; https://www.glassdoor.com/job-listing/principal-engineer-software-senior-principal-engineer-software-northrop-grumman-JV_IC1154286_KO0,62_KE63,79.htm?jl=1010085147980&utm_source=jobalert&utm_medium=email&utm_content=ja-jobpos2-age6d-1010085147980&utm_campaign=jobAlertAlert&tgt=GD_JOB_VIEW&src=GD_JOB_AD&uido=7A57A36BECDA9E413E76BB41CD0D8A0B&ao=1110586&jrtk=5-yul1-0-1jll6kga121js001-e7039da74509dc85---6NYlbfkN0CwZXc5kaVZcDIejlzrQt6xuDzFCT1LgXJr1Wz7yprErp63zeW0i6ZxRfdfcwhWFM8aktSdKa9Copw11gQCcRfsfj9uqaWJ8BUiO2q-3ofTb3vw4TAvFFkMZTAQqGHRf2Q8I-V9KnWY5eVBsDvoq1iH7kskYJYcH93rGmGg6NYc6GcoRSM9rZHHTTYmRDuaSTxPDrLLwpTLQlqpp0Lgj6XRi_MzVr0M2zfYcojp6_UlWFzfQVRGiHpSwawHBcVW9M-r5lP12HVdG3qqPL5_wJmOSXyk62ElI65u6_X8taT4t316Bk_RTk7PM7dz773-OHwMtHKyNEZXidQ5uXmr42UD2fOVVrHU1SA9elkq9ZX2-v0zyjYDfFeIqvm64Cpy7NVBH3NUzFNP-k52zdn_ySZ6tJOC7bPXV1AIc4jE2vXw9-SsiEGwdL4mwbuppvTUL42XK8iQrxG6-DGtMHhFV_tNULqHYn9KLKt9a1ZxtZFJMVMyiz0ZkkV9OUbugiK1x0rgCDEGMQKQ1V5u-vsA6u6jZ58D_LS1yFExEEAPvqfu2zdMI5hXaFoonblHKHcfOB4ajX3hRxN2DN5rAgSycbXZPnNRpGCQ0p0pMWKrEeYa7P2QECPvXobDQlyq1G11KDK4cM6XXsd7M1fnhZH_TanjMbI9S5HvfU1wDy3vqhlBgx8Vf7jIVKTlXVJPKD95aSh1HOfvsAl7ezv_1TBSb_M4_6HawC_WnaaScfXHMP7A12wd9I3jHxY-oJzMosEi0GoIRijpNTZSHr29cmyjOAm2BjAj2QJiOFAh4g0aTgzI-TBLh-IFZ7IMJrf4DkLbAdOpAco66R0uzmALZmPWmE4CYySPuxRK5nDrvbComAaooclTrSbBioeo1Ug4oiDG_MkRaQ-v1VPDyuPpkR3hq7z515nGiyGrjZwwh_4Nx0kjEmCj8BHi_gU1HKENcsKL-3IpySkZct8ls1tbe_asbu8P6b-ndOApOSuSdCN1Xw2GMD-kNgC-LDpWMHAJVVKwDNnh73Mxj17963HWvn_hzDIcIOpe8t7uZVuLap6J5l0WhtQQ6SsHLEgUP1U0j3qzP_RWd32fyEBRYDCsJcVRVW3-zTsG7pDynRBrL8X0jrBv8qo0vg2AHlh5dAwXuEaT4uxugj1k1gDq8G5bAupu6km1a-kR896nks65p6bizSlUgfpQ9VqRmLHuqgYDLrJARsc5gDcM32kk-TSSDvuiUGMSNzbrfKMR6HcZnyxGj8ZZy_FOxQJDgkHPj7Num0fiMB_i2k2K-lSoqCFubm46VX5GpICyh3hLb51ib3GDjzLpMR7pn98qV3q9CTg8gV749Zb9W4N_zyGVm_PHZgLo6ne8-Avxpa-5wmruW8QqHC8H0cw-BR6tskzV4JWCpBepmA2AFypvqBCGgwohx9odY78ajCvSGjZmdRIIx00zbeecT8EPLZy1STQnNqFkHOQXq9FFTIEaJ_yc6zkCsEYlXyo3alQdO01zVRSYcGzN0XAslsEFRDTVIpSuYawHgj_X1WGn8ADA5JEPjp1FOLNCLfJ78r74C66YNCDTK5nJruCwJvXjCh1ZHcyZMmcIyYm67zFaAD12fPY2jsT1K2Xp5qW7_qwNv1QWK2aWb_XlrnD3Hg%3D%3D&cs=1_a4655104&s=224&t=JA&pos=102&cpc=451933188B21919D&ja=402221199&guid=0000019d69d1f2a2864c312528c9b3d6&jobListingId=1010085147980&vt=e&cb=1775606841976&ctt=1775669734416&srs=EMAIL_JOB_ALERT&gdir=1
Vyne; Staff Software Engineer; ; 4/8/26; Rejected; 5/1/2026;; https://jobright.ai/jobs/info/69d5d71acfdc6132f9466658?utm_source=1121&imp_id=3673496432511879909__instant_push__1775622653409_4124&utm_medium=email
Vyne; Staff Software Engineer in Test; ; 4/8/26; Rejected; 5/1/2026;; https://jobright.ai/jobs/info/69d5d71acfdc6132f9466658?utm_source=1121&imp_id=3673496432511879909__instant_push__1775622653409_4124&utm_medium=email
Vyne; Senior Software Engineer; ; 4/8/26;Open; 4/8/26;; https://jobright.ai/jobs/info/69d5d71acfdc6132f9466658?utm_source=1121&imp_id=3673496432511879909__instant_push__1775622653409_4124&utm_medium=email
Vyne; Senior Software Engineer in Test; ; 4/8/26;Open; 4/8/26;; https://jobright.ai/jobs/info/69d5d71acfdc6132f9466658?utm_source=1121&imp_id=3673496432511879909__instant_push__1775622653409_4124&utm_medium=email
KeyLogic; HYBRID Software Engineer; 79-113k; 4/8/26; Rejected; 4/10/26; Received message at Indeed.com requesting that I go to this url:  https://phg.tbe.taleo.net/phg02/ats/careers/v2/viewRequisition?org=KEYLOGIC&cws=37&rid=2718 and apply directly there; https://www.glassdoor.com/job-listing/hybrid-software-engineer-keylogic-systems-JV_IC1144404_KO0,24_KE25,41.htm?jl=1010092818723&utm_source=jobalert&utm_medium=email&utm_content=ja-jobpos3-agept-1010092818723&utm_campaign=jobAlertAlert&tgt=GD_JOB_VIEW&src=GD_JOB_AD&uido=7A57A36BECDA9E413E76BB41CD0D8A0B&ao=1136043&jrtk=5-yul1-0-1jlmj204gj71o803-28f2b4ccd62b0816&cs=1_5c30b32b&s=224&t=JA&pos=103&ja=395961090&guid=0000019d6d0a07cdb1697c8aa6afa753&jobListingId=1010092818723&ea=1&vt=e&cb=1775653422369&ctt=1775669482261&srs=EMAIL_JOB_ALERT&gdir=1
U-Haul; Software Developer; 60-90k; 4/8/26; Rejected; 4/10/26;; https://www.glassdoor.com/job-listing/software-developer-u-haul-JV_KO0,18_KE19,25.htm?jl=1010093465640&utm_source=jobalert&utm_medium=email&utm_content=ja-jobpos6-agept-1010093465640&utm_campaign=jobAlertAlert&tgt=GD_JOB_VIEW&src=GD_JOB_AD&uido=7A57A36BECDA9E413E76BB41CD0D8A0B&ao=1136043&jrtk=5-yul1-0-1jlmpvlgqkgr1800-15443da2e755bd82&cs=1_ada31654&s=224&t=JA&pos=106&ja=378462087&guid=0000019d6d786c8f81a695ef3bfac319&jobListingId=1010093465640&vt=e&cb=1775660685158&ctt=1775669370513&srs=EMAIL_JOB_ALERT&gdir=1
Greenway Health; Associate Software Engineer; ; 4/8/26;Open; 4/8/26;; https://www.glassdoor.com/job-listing/associate-software-engineer-greenway-health-JV_KO0,27_KE28,43.htm?jl=1010091538268&utm_source=jobalert&utm_medium=email&utm_content=ja-jobpos5-age1d-1010091538268&utm_campaign=jobAlertAlert&tgt=GD_JOB_VIEW&src=GD_JOB_AD&uido=7A57A36BECDA9E413E76BB41CD0D8A0B&ao=1136043&jrtk=5-yul1-0-1jlmpvlgqkgr1800-6095e7629fd96c57&cs=1_60e29e5a&s=224&t=JA&pos=105&ja=378462087&guid=0000019d6d786c8f81a695ef3bfac319&jobListingId=1010091538268&ea=1&vt=e&cb=1775660685160&ctt=1775669366663&srs=EMAIL_JOB_ALERT&gdir=1
Precision System Design; Senior .NET Developer {AWS}; ; 4/8/26;Open; 4/8/26;; https://www.glassdoor.com/job-listing/senior-net-developer-aws-precision-systems-JV_KO0,24_KE25,42.htm?jl=1010094167659&utm_source=jobalert&utm_medium=email&utm_content=ja-jobpos1-agejp-1010094167659&utm_campaign=jobAlertAlert&tgt=GD_JOB_VIEW&src=GD_JOB_AD&uido=7A57A36BECDA9E413E76BB41CD0D8A0B&ao=1110586&jrtk=5-yul1-0-1jlmqqtq5kgrv800-6730eb0295d410ed---6NYlbfkN0Clz_FvDW05OYcXZEfdSgGAs4NrBEY9FTKhI-t1tfWo-4dIRMgprg_R3PskW9hjV73lnW0v4FOTilR-oAlXj93L4w2s6A-t6-7YQ1ctZoZdY_0v315BI8E5jYa6m5jS2iTPq2NydG9wYtGVT03WAeIkPV2XQUIF0hMfqbd7agJzyrXsTlrX4L5ojEfM_SLjOHr5lZNEl0_2eTUz113UqZI6do8Og6BWwNYm-gkkYbtaO_wErottQVRaVruT1WPcjn725dWC5vDHMCII86WTPdwy4gjpo-5DdaKLA3fTf5A-AvLWSCo47guvtL6OvBUdvMEZL5fYqS_eZiKUKm-Xc9UTAsKRP-dR-xGOvgdQRbRDGN5sPZHIdTDcJsHI0vQTBYkzi8yXqBdgiCG74CRQUFkvcyn4LAW97mGSSnWNnjcScir5csYEwjimF8Ik0gMSo2tHDmEPaD9aUd0GqNjpg-c_YFCvl1dpRIt6jif4uQrVI1VjtEKoDLItzRbIroyFApwFUlz6hl9KN8mXXQtTWADioSp3P6CN9Egx5pUi9G4VX4vwqDqo9XjViccEznwBaIMex_3QgIvByf9aX4-Nxc_c1iYPMFO4yuN6_4hZaSOseonMBPK7ZKLwUQXbJ7lrFTRtnJqZ2tf2AO2WA6MUrRh7DEwT8KgzyMciD7u5lRSB2Ys64nJF47H08FM07nKm_jUDR29wjZjc7RNXdZ_Zim13l1oW0aRNEAaV7UpxA7FsJpL2269rLJK4nf_T0FFSJbyoFj9tYLLeRubTpGhYFYQT4BtnqrZ_pj96hTD-jk3wQNQZH4Ue_GUU&cs=1_7ad94953&s=224&t=JA&pos=101&cpc=723ADC3DFE402989&ja=399775333&guid=0000019d6d787ce9860300cf6035c2db&jobListingId=1010094167659&ea=1&vt=e&cb=1775661578430&ctt=1775669295844&srs=EMAIL_JOB_ALERT&gdir=1
ORNL; Full Stack Software Developer II; ; 4/8/26;Open; 4/8/26;; https://www.linkedin.com/jobs/view/4386741365/?trackingId=kdtH%2BEr9zNGciAlxDT6XAQ%3D%3D&refId=9dqUTRJEYUzB2p18rkLT0A%3D%3D&midToken=AQE_3XQkBAKpjA&midSig=3rndH1nkspAYc1&trk=eml-email_job_alert_digest_01-primary_job_list-0-jobcard_body_1_jobid_4386741365_ssid_14999231100_fmid_mw6pip~mnq82m28~8x&trkEmail=eml-email_job_alert_digest_01-primary_job_list-0-jobcard_body_1_jobid_4386741365_ssid_14999231100_fmid_mw6pip~mnq82m28~8x-null-mw6pip~mnq82m28~8x-null-null&eid=mw6pip-mnq82m28-8x&otpToken=MTMwNjE2ZTQxMTJmY2ZjMWJkMmQwZmViNDExOWUyYjI4OWNkZDU0ODkxYTY4YzZiN2JkYTAyNmU0ODVlNTlmMGZlZDRkY2ViMThiMmRlYzg2N2FmZmZiNTM2MjAxNzg1YWFhMzE0YTU5NjM5ZDU2MDE2ZjI1MmYxMjgsMSwx
Sprezzatura; Developer; ; 4/8/26;Open; 4/8/26;; https://jobright.ai/jobs/info/69bb87a806c1ba00c54dfe43?utm_source=1121&imp_id=3673496432511879909__instant_push__1775664285133_5798&utm_medium=email
Ensora Health; Software Engineer, .NET/C# (AI-Augmented Development); ; 4/8/26; Rejected; 5/1/2026;; https://jobright.ai/jobs/info/69d5f9cb366bb95ba554a725?utm_source=1121&imp_id=3673496432511879909__instant_push__1775664285133_5798&utm_medium=email
Pageflex; Senior Software Developer; 110-145k; 4/7/26;Open; 4/7/26;; https://www.ziprecruiter.com/jobs/a/b?lk=RaznEAVxTE_sUhhSzWRNvA&tsid=111000153
Ingenuity, Inc; .NET Programmer (Pelham AL); ; 4/8/26;Open; 4/8/26;; https://www.ziprecruiter.com/jobs/a/b?lk=8LxVMncwBuPUg8bBBHftLg&tsid=111000153;;;
Info Origin Inc; .Net Developer; 55-56/hr; 4/8/26;Open; 4/8/26;; https://www.ziprecruiter.com/jobs/a/b?lk=0LGCMku8QiDUb5gRabTfvg&tsid=111000153;;;
Mindlance; .Net Developer II (Job #26-09949); 46-77/hr; 4/8/26;Open; 4/8/26;; https://jobright.ai/jobs/info/69d5261d706f771673ba0cef?utm_source=1132&utm_id=69d5261d706f771673ba0cef&tob=true&banner=false&utm_medium=feed;;;
Syms Strategic Group, LLC (SSG); Senior .NET Developer (Onsite - Orlando); 51-65/hr; 4/8/26;Open; 4/8/26;" Apply process states ""100% U.S. based remote position"""; https://www.ziprecruiter.com/jobs/a/b?lk=j-m4xwXVwyUSLs07atQvsQ&tsid=111000153;;;
Citi; .NET Developer - Applications Development (Jacksonville FL); 97-145k; 4/8/26;Open; 4/8/26;; https://www.glassdoor.com/job-listing/net-developer-applications-development-citi-JV_IC1154093_KO0,38_KE39,43.htm?jl=1010086632452&utm_source=jobalert&utm_medium=email&utm_content=ja-jobpos3-age6d-1010086632452&utm_campaign=jobAlertAlert&tgt=GD_JOB_VIEW&src=GD_JOB_AD&uido=7A57A36BECDA9E413E76BB41CD0D8A0B&ao=1110586&jrtk=5-yul1-0-1jlkhgjbnh74j800-1f45b36a62e2af77---6NYlbfkN0B7UYL49yWBrrOlEWIsfJu1HwdoffaEv3MPqVgUrdyA2qxVh7raSAZXW7OKfZem_yQlO6bzle5MGA0N_jG3pE2_5yi36A4crR7ptLmQ5JIee7pXD6tuv4lxwd1FVz-P6IvJdzG0yi2LQOWT4skK5RO5a6xTJ0md1Wg4ynDR2taZKNo7QlQksiHuSIGU7dEd5Z3FrnV-6gSeJe_FmYHBFxl4obqH7sVz2MNNTvTOqNg0w-H1Fapm_vdm-Wb4Wl5IZuHGFqbcv5_U3ID7eaDcteYbW6UwkiMN0o95REWYEhoJmZh9ScWMV4CW48mXH1aEY64s5VKi6KsTl2A3MD7E95JXG7SJy7-l4OlBm1E_AwLWpg39zv-AflXMuD1lMVVgZGTFKdgRCNAaGXaEHfSqoujXTWkMW_fa3Q78Ns3LPdhDMF-wAKhv3cSS8T4QbWeVmwWWzaspZI_0RbU5GCwT6nnUQayFVyjyoMVwgBXfoDw3KDIwuFxL6mPN9EdbO2VSK3ZaYlaGaODWMgsR8IrsUZSY0oQpW1e50cuUPUwleKFUD_1q2mybeZ0hdsEzXQ3LpqJdbMkdfgDJTiHx1YqDfWcSOI30Nc3JTwGn-F_uP2ezXx6CAMBF058iDseGcO4bCvN04ejiYbfUJ9iXYmqBMEK9ZH1R0i6eXZGQ9EACJwnYM9CsQxQdWKCu_IyECKtkKps-Q6QlhXlPJHglzg-EJ7p_Xv55iGjfvzw1OiJ5o9xgiLAuqr5BlPATcHBfThywPpPQ7QcA5mCXSWFjtbpiUxYqNULSchyQP4YUiwRrLNjCTf_5VIVdjyoGiIkSQQHR1XQc6HlVoNdWmdFXA1AXcoiAXFWXF7AwuflJUMnMBMkDhCjgN9QyNocqkhAk6G0uze4abwO0M4maD3qfSFpQMmkcG2J6WxBOmpKFHxDWSeqkOM47CvX0hsNEjyl3EuQkt7I%3D&cs=1_96aae7c2&s=224&t=JA&pos=103&cpc=1CBFC3E34E2A31FF&ja=401273461&guid=0000019d68bfff89ae28a5a2159d9512&jobListingId=1010086632452&vt=e&cb=1775584693988&ctt=1775670740843&srs=EMAIL_JOB_ALERT&gdir=1;;;
OpenLoop; Senior Software Engineer; ; 4/8/26;Open; 4/8/26;; https://www.linkedin.com/jobs/view/4375797331/?trackingId=QbllVB32IpRLmVHKzkhnPw%3D%3D&refId=LZuDMonL28RG4BbgWzPQyQ%3D%3D&midToken=AQE_3XQkBAKpjA&midSig=2V5eqhHDSeAYc1&trk=eml-email_job_alert_digest_01-primary_job_list-0-jobcard_body_4_jobid_4375797331_ssid_15257593108_fmid_mw6pip~mnqccxwg~j8&trkEmail=eml-email_job_alert_digest_01-primary_job_list-0-jobcard_body_4_jobid_4375797331_ssid_15257593108_fmid_mw6pip~mnqccxwg~j8-null-mw6pip~mnqccxwg~j8-null-null&eid=mw6pip-mnqccxwg-j8&otpToken=MTMwNjE2ZTQxMTJmY2ZjMWJkMmQwZmViNDExOWUyYjI4OGNlZDY0MTljYWI4ZjZkN2JkYTAyNmU0ODVlNTlmMGZlZDRkY2ViMThkM2RmZGQwZTg3ZWJhMjY5ZjFkY2ZmMjFhYjgwM2E2YzA4Yzc0NDg0Y2ZiNjA5MmQsMSwx;;;
McGraw Hill; Sr Software Engineer; ; 4/8/26; Rejected; 5/8/2026;; https://www.linkedin.com/jobs/view/4384087860/?trackingId=b10fK0leJKhMb5bZxhzgpA%3D%3D&refId=LZuDMonL28RG4BbgWzPQyQ%3D%3D&midToken=AQE_3XQkBAKpjA&midSig=2V5eqhHDSeAYc1&trk=eml-email_job_alert_digest_01-primary_job_list-0-jobcard_body_3_jobid_4384087860_ssid_15257593108_fmid_mw6pip~mnqccxwg~j8&trkEmail=eml-email_job_alert_digest_01-primary_job_list-0-jobcard_body_3_jobid_4384087860_ssid_15257593108_fmid_mw6pip~mnqccxwg~j8-null-mw6pip~mnqccxwg~j8-null-null&eid=mw6pip-mnqccxwg-j8&otpToken=MTMwNjE2ZTQxMTJmY2ZjMWJkMmQwZmViNDExOWUyYjI4OGNlZDY0MTljYWI4ZjZkN2JkYTAyNmU0ODVlNTlmMGZlZDRkY2ViMThkM2RmZGQwZTg3ZWJhMjY5ZjFkY2ZmMjFhYjgwM2E2YzA4Yzc0NDg0Y2ZiNjA5MmQsMSwx;;;
DataAnnotation; Application Developer; ; 4/8/26;Open; 4/8/26;; chrome-extension://chphlpgkkbolifaimnlloiipkdnihall/onetab.html;;;
Cadence; Software Engineer; 135-165; 4/8/26; Rejected; 5/8/2026;; https://www.linkedin.com/jobs/view/4397791889/?trackingId=Pnri3iBUC0a7%2Bzl%2BybQOxw%3D%3D&refId=UAorTMewem3WQfen%2Fckq%2Fw%3D%3D&midToken=AQE_3XQkBAKpjA&midSig=3JCsdBNJZAzIc1&trk=eml-email_job_alert_digest_01-primary_job_list-0-jobcard_body_1_jobid_4397791889_ssid_15257593100_fmid_mw6pip~mnp17edg~e4&trkEmail=eml-email_job_alert_digest_01-primary_job_list-0-jobcard_body_1_jobid_4397791889_ssid_15257593100_fmid_mw6pip~mnp17edg~e4-null-mw6pip~mnp17edg~e4-null-null&eid=mw6pip-mnp17edg-e4&otpToken=MTMwNjE2ZTQxMTJmY2ZjMWJkMmQwZmViNDExOWUyYjE4NmNmZDI0ODliYWI4YjYzN2JkYTAyNmU0ODVlNTlmMGZlZDRkY2ViMThkMGZlYzY1YmZlZjc4MTYxOGJmZTY3ZTM3N2RiNTQ5MDEyZGM1ZTExMjI0ZDU2NTAsMSwx;;;
Cotiviti; Senior Software Engineer RCA R&D - Legacy Applications; ; 4/8/26;Open; 4/8/26;; https://jobright.ai/jobs/info/69d495c054f00230c6d32d98?utm_source=1025&imp_id=3673496432511879909__digest_job_alert__1775592134621_9850&utm_medium=email;;;
AdvanceNet Health Solutions, Inc; .NET Engineer; ; 4/8/26;Open; 4/8/26;; https://jobright.ai/jobs/info/69d528cecfdc6132f946016b?utm_source=1025&imp_id=3673496432511879909__digest_job_alert__1775592134621_9850&utm_medium=email;;;
Changeis; Senior .NET Software Engineer (ASP.NET Core/C#/AWS); ;4/8/26;Open;4/8/26;; https://www.indeed.com/viewjob?jk=e4408e238c9485f6&tk=1jlkt2pqpg2us84r&from=serp&vjs=3;;;
Emory Healthcare; Full Stack Developer III; 52-65/hr; 4/8/26;Open; 4/8/26;; https://www.indeed.com/viewjob?jk=b284e668faea1bdb&tk=1jlksn4a5g5jb830&from=serp&vjs=3;;;
Calibre Systems, Inc; Senior Web Developer / Engineer; ; 4/8/26;Open; 4/8/26;; https://www.indeed.com/viewjob?jk=bc54f94cb73d6d72&tk=1jlksn4a5g5jb830&from=serp&vjs=3;;;
AAA Northeast; Dynamics CRM Technical Architect; 147-180k; 4/8/26;Open; 4/8/26;; https://www.indeed.com/viewjob?jk=99e0e85027858b1d&tk=1jlksn4a5g5jb830&from=serp&vjs=3;;;
SAIC; Senior Systems Engineer; 160-200k; 4/8/26;Open; 4/8/26;; https://www.dice.com/job-detail/735a837a-a0be-46fb-9790-61c0bd696ea7;;;
Vibefoundry.ai; Software Engineer; ;4/8/26;Open;4/8/26;; https://www.linkedin.com/jobs/view/4397314273/?trackingId=kQatJhujRJqV0uy9FPQlrA%3D%3D&refId=wa1XsPg0RM%2BCwCfBcjgZlw%3D%3D&eBP=BUDGET_EXHAUSTED_JOB&midToken=AQE_3XQkBAKpjA&midSig=0DrrZgg_jszIc1&trk=eml-jobs_jymbii_digest-job_card-0-jobcard_body_4397314273&trkEmail=eml-jobs_jymbii_digest-job_card-0-jobcard_body_4397314273-null-mw6pip~mnp5hq57~k3-null-null&eid=mw6pip-mnp5hq57-k3&otpToken=MTMwNjE2ZTQxMTJmY2ZjMWJkMmQwZmViNDExOWUyYjE4NmM2ZDQ0ODk5YTg4YzY5N2JkYTAyNmU0ODVlNTlmMGZlZDRkY2ViMThjYmQzZDQ0ZmE3ZDA4YTZiZjcwZmQ0NzZhM2U5NmE4YzdmYWJjYTI1NjFlYjY3MjIsMSwx;;;
RK Infotech LLC; Software Engineer; 70-110k; 4/8/26;Open; 4/8/26;; https://www.linkedin.com/jobs/view/4374000978/?trackingId=6O81FuP%2FQ%2FeoOGSqPA1NKQ%3D%3D&refId=aPlE9xhZRBiSLoJn6xJRBA%3D%3D&eBP=CwEAAAGdYhMtotkU2-Q_c8OlVyoO1Tbv1dARK2LG2NOKoCDf4RTdepTcsLoiP98YL6i9zFuk2QjTJrshZu0XdRaUO-RQBqVHSpaQUGYWHtMVTsecXXaBrr8oBux1Gf6yO7ltGevP_6tXK2atYydCQrE-eHsV33sJQ_9eggyOUI21fKdRVTHyIaYZtjE243ej8M5ANHJYPTa_JmVKWtNL_jRpkT7DwBT6w4ak0O7c45ofhF1r-BXBzAVSMuAeAr-kXNgnFf4t8-z9jdocY9C9mlTueJFqa6_s5qb7h2S7vjJjRFN6PrxUjBWKWSesko3r8c3jeT6wFxdrCMJ0u7Dbe-DiTd-jzH9ka_ns2SbKHPOFVBK_PZ-nFCO9ogBgS7FlAZ77oo8lLN2WWBoUxW438nnGcpxC-gCvWUE-L-WLeSvbISo&midToken=AQE_3XQkBAKpjA&midSig=0DrrZgg_jszIc1&trk=eml-jobs_jymbii_digest-job_card-0-jobcard_body_4374000978&trkEmail=eml-jobs_jymbii_digest-job_card-0-jobcard_body_4374000978-null-mw6pip~mnp5hq57~k3-null-null&eid=mw6pip-mnp5hq57-k3&otpToken=MTMwNjE2ZTQxMTJmY2ZjMWJkMmQwZmViNDExOWUyYjE4NmM2ZDQ0ODk5YTg4YzY5N2JkYTAyNmU0ODVlNTlmMGZlZDRkY2ViMThjYmQzZDQ0ZmE3ZDA4YTZiZjcwZmQ0NzZhM2U5NmE4YzdmYWJjYTI1NjFlYjY3MjIsMSwx;;;
Wily Fox Technologies; Software Enginer (Remote - U.S. based) ; 60-70/hr; 4/10/26;Open; 4/10/26;; https://www.indeed.com/viewjob?jk=8188677a509e9d6e&tk=1jlr0o1grnqi7801&from=jobi2a&advn=2483208184040850&adid=460293011&ad=-6NYlbfkN0AJXj6mDuD1v3Pabq33xVH6uIWD2p5WgfRqnku-4e2Ey0FjwPfa_ZuxDjQGyDS3_Ke-ZW0XPOic0jlcAJMID7eD3h_27CU1PcSXYFFuSLyJUWz0IO_Gp7s-_qyZvmVKhe2wnuESQlRGpmwU5fmCBpPjhYs6XGTZlBn9-72IvU7M84nmVwTjOYTn5s5G8C8S6itHc9zWgKs15Zv0c1FOSIAACGqFdQPNOuvZyEnQ8Dz_YfZbWytlf9bURTek5FkEIi7CSTKV-tT1EJxXfK60jYu3io8yzL97pNkDkhAVRhPDG2ZYXHt7LpS_ce3GtSli1LjzePnkN1aNZO6Awhb_bGBSRD8xvHd9WNKo8uz6zhZwHdJ71V_89pc3APa6PyqA1gFBxBoeWLrBisInIsUK_n2lCigI_PY_57SZL56YsO0EM89GOI8x0aT6g0JPasKT-vomPgThLuZh1_SgPnsoE1xuSwf1HSPF1qznvO-bIh7l2fSzJvZ4UF4QlUBZtjv1Z49cuBqaQa0Q4MkmAt1Fb-nItHPK5w-Uy9p2U5XhdccIMgB36uSvrHeLBxUcM8lto0dQdBv2neYr5B1vay5rIH1wZZc75He0EAV8nxLirDGzUsXX6_9G3rEq&pub=21d85ca573e478f5e659e48885c828920cace3277f6b99df&i2af=jobi2a_multijob-en-US_email&camk=C3EPSzFlQw8WJh7ZSAGYoA%3D%3D&jrtk=5-cmh1-1-1jlr0o09biot7801-8188677a509e9d6e&xkcb=SoA36_M3l7Jq1A2mhB0AbzkdCdPP&xpse=SoCd6_I3l8TiFdyvop0ObzkdCdPP&xfps=17a07255-a50c-42c9-b186-5501a58b3f72;;;
Alkami Technology; Software Engineer; ; 4/10/26;Open; 4/10/26;; https://www.linkedin.com/jobs/view/4387211670/?trackingId=AAQWbgClEUZ8W72DWlEohA%3D%3D&refId=Vx7jzVY%2FbxUqDivhgiOXxQ%3D%3D&midToken=AQE_3XQkBAKpjA&midSig=17cYvqYEvtDsc1&trk=eml-email_job_alert_digest_01-primary_job_list-0-jobcard_body_4_jobid_4387211670_ssid_15257593100_fmid_mw6pip~mnsyo0lv~j4&trkEmail=eml-email_job_alert_digest_01-primary_job_list-0-jobcard_body_4_jobid_4387211670_ssid_15257593100_fmid_mw6pip~mnsyo0lv~j4-null-mw6pip~mnsyo0lv~j4-null-null&eid=mw6pip-mnsyo0lv-j4&otpToken=MTMwNjE2ZTQxMTJmY2ZjMWJkMmQwZmViNDExOWUyYmM4ZGM2ZDk0NzlkYWQ4YzYyN2JkYTAyNmU0ODVlNTlmMGZlZDRkY2ViMThkN2U0Yzg2YzgxZGRiOTJmMmJlMTBmMTdmZTNmNGJjZjZmZjNjMGJkODE0YzM5ZjMsMSwx;;;
Indeed; Software Engineer II; 100-210k; 4/10/26; Rejected; 5/29/26;; https://www.glassdoor.com/job-listing/software-engineer-ii-indeed-JV_KO0,20_KE21,27.htm?jl=1010089934187&utm_source=jobalert&utm_medium=email&utm_content=ja-jobpos6-age6d-1010089934187&utm_campaign=jobAlertAlert&tgt=GD_JOB_VIEW&src=GD_JOB_AD&uido=7A57A36BECDA9E413E76BB41CD0D8A0B&ao=1136043&jrtk=5-yul1-0-1jlrt8jitk3fr800-b762c12c0e5b6a70&cs=1_5da7f766&s=224&t=JA&pos=106&ja=378462087&guid=0000019d77c4b55b990965d64b3ade90&jobListingId=1010089934187&ea=1&vt=e&cb=1775831895923&ctt=1775849427317&srs=EMAIL_JOB_ALERT&gdir=1;;; Rejection Received
Pell Software, LLC; .NET Software Engineer; 90-120k; 4/10/26;Open; 4/10/26;; https://www.glassdoor.com/job-listing/net-software-engineer-pell-software-JV_KO0,21_KE22,35.htm?jl=1010095810727&utm_source=jobalert&utm_medium=email&utm_content=ja-jobpos4-agept-1010095810727&utm_campaign=jobAlertAlert&tgt=GD_JOB_VIEW&src=GD_JOB_AD&uido=7A57A36BECDA9E413E76BB41CD0D8A0B&ao=1136043&jrtk=5-yul1-0-1jlrtib0iljeq800-263b23c621bd6ca6&cs=1_ba73346d&s=224&t=JA&pos=104&ja=399775333&guid=0000019d77c4ba20878c49e4f81bf4a4&jobListingId=1010095810727&ea=1&vt=e&cb=1775832214775&ctt=1775849461967&srs=EMAIL_JOB_ALERT&gdir=1;;;
RSVP Communications, Inc; Contract .NET Full Stack Remote Developer (C#, SQL Server, REST APIs); 50-75/hr; 4/10/26;Open; 4/10/26;; https://www.glassdoor.com/job-listing/contract-net-full-stack-remote-developer-c-sql-server-rest-apis-rsvp-communications-JV_KO0,63_KE64,83.htm?jl=1010094460352&utm_source=jobalert&utm_medium=email&utm_content=ja-jobpos8-age1d-1010094460352&utm_campaign=jobAlertAlert&tgt=GD_JOB_VIEW&src=GD_JOB_AD&uido=7A57A36BECDA9E413E76BB41CD0D8A0B&ao=1136043&jrtk=5-yul1-0-1jlrtib0iljeq800-6c6c7a9ea6b2e318&cs=1_f9c130bd&s=224&t=JA&pos=108&ja=399775333&guid=0000019d77c4ba20878c49e4f81bf4a4&jobListingId=1010094460352&ea=1&vt=e&cb=1775832214775&ctt=1775849483286&srs=EMAIL_JOB_ALERT&gdir=1;;;
Sonsoft Inc; Net Developer; 45-60/hr; 4/10/26;Open; 4/10/26;; https://www.ziprecruiter.com/jobs/v2/eyJsaXN0aW5nX2tleSI6IlNka3RtTTljRUEwQk83aE05T0lXZkEiLCJtYXRjaF9pZCI6IjAxOWQ3ODA5LTE5ZjUtNzM4OC05ZmI3LTU3MDNhOTM5Y2MxMCIsImJpZF90cmFja2luZ19kYXRhIjoiQUFFajBveWk1REIxUGlPXzF4SWpVZXhWU3hlUmdRWHlzNERKZUtRSnlLNVBnREpzZUI5c2Nmak9MSU1mV0tvaWNSUzE4VjhtIiwic291cmNlX3BsYWNlbWVudF9pZCI6NDMwMjR9?tsid=111000153;;;
Global Channel Management, Inc; .Net Developer; 60/hr; 4/10/26;Open; 4/10/26;; https://www.ziprecruiter.com/jobs/v2/eyJsaXN0aW5nX2tleSI6IkRGMlZTZkNlWURxcW9VQ2VDekVTRWciLCJtYXRjaF9pZCI6IjAxOWQ3ODA5LTE5ZjUtNzM5MS04MzI5LWM5YjNlZWMwMjJhOCIsImJpZF90cmFja2luZ19kYXRhIjoiQUFGUXdKSmpFNkRmRG1PUnFRSVQ1WDVENDFoNjB0cVp0TEFyTm92QUZJcGxZRXljWDdsVDUwTmh2RWpfb3RzQzV2bU85RFZhIiwic291cmNlX3BsYWNlbWVudF9pZCI6NDMwMjR9?tsid=111000153;;;
MeeBoss; Software Engineer; 90-110k; 4/10/26;Open; 4/10/26;; https://www.linkedin.com/jobs/view/4399482806/?trackingId=t%2BNHex0iNC5b6aF0%2FCUMKA%3D%3D&refId=OFYwTsax1kjh4QnLcAnUog%3D%3D&midToken=AQE_3XQkBAKpjA&midSig=0CjLYVdEhqDIc1&trk=eml-email_job_alert_digest_01-primary_job_list-0-jobcard_body_0_jobid_4399482806_ssid_14583149764_fmid_mw6pip~mnt2ybki~y7&trkEmail=eml-email_job_alert_digest_01-primary_job_list-0-jobcard_body_0_jobid_4399482806_ssid_14583149764_fmid_mw6pip~mnt2ybki~y7-null-mw6pip~mnt2ybki~y7-null-null&eid=mw6pip-mnt2ybki-y7&otpToken=MTMwNjE2ZTQxMTJmY2ZjMWJkMmQwZmViNDExOWUyYmM4Y2M4ZDQ0NzljYWQ4ZDZmN2JkYTAyNmU0ODVlNTlmMGZlZDRkY2ViMThmNWJjZTc1YzhkZjdiZDIxNWViNmExZTZmZTU2MTU3ZTU5YTNkY2IwMzA5NjQ5ZGIsMSwx;;;
S.S. White Technologies; Software Developer; 75-100k; 4/10/26;Open; 4/10/26;; https://www.glassdoor.com/job-listing/software-developer-ss-white-technologies-JV_IC1154421_KO0,18_KE19,40.htm?jl=1010089897256&utm_source=jobalert&utm_medium=email&utm_content=ja-jobpos9-age6d-1010089897256&utm_campaign=jobAlertAlert&tgt=GD_JOB_VIEW&src=GD_JOB_AD&uido=7A57A36BECDA9E413E76BB41CD0D8A0B&ao=1110586&jrtk=5-yul1-0-1jls6sj8il6gs800-bfc5afc6a7d71a4d---6NYlbfkN0ARkzdzHqkw_6-cT3_y4956ZYkvt2s3_qwJ5gvFu1SaT_lLOJ9eAO-zoy-lE84zOZ6EX0yf5RlRB9xTVod58-ITu7HArEDiUS-JrLdkduKD3IC3wM9HmeLXSU2ZFb9wmG4suuuB-CWngMwTxzPcSffbtcWkNEs1pKeeQyKFQbkuZZjr4PFFl-JCzUNHBSOKAaA5Bqjj9e2HS0pov7iY2CncmyNRttUPDTW_t1FGQoEII07Ip3v-8X04ygFyGcrxX1XFTtAW1OeUTeTroIQjSqnQQv_IevjvnnoH47IpTErN8H-cXoOGipZDrB7anIwsUOxpKJP0CN5CkhEDSZUMzd58VdlKTWJ2WZ7GVm1ZnMz0QbitQXxlhWHd9P14P-bCtDxkaXve-BULRyj0mfjcSbXkvxpYStk86a1SA_jmglzb9SWjd_zlJmno0ol85JvLO3nI40wH2x9SeZ2rvuooJkeom9kKRMTBwswuWwRG6E0ceIwZj8qwUWJzaWZMH_Q6U1Qw4m-aKaaJEv6gxqk8sGGte7rd0_pXS4FPkOI44FFLE61nbO5MkjTdkKr4OCNVTnLZntndaCkcjxcV1rlXP8N7KPOCARX-9cMXzMTshYsm1K6iekzOwX_C1tPInfew8jMkzpwHv33ZSw27TMBdu85VvPzNYR4L0eppkBj8enWNn1bttX5Cf55FMGu8xIKIna1rh_o7B2G4onsi9_q96DOQig99NAfCUarvuun0rz72Wwcyzaf0aLRYBhdE7-DyrTDsbTI21XZTE1iKlOA9rYs9JdObaw6i3R2fdTtkcWzdHb_mxQkdCKoc_UpjjJWyq_U%3D&cs=1_c515e70a&s=224&t=JA&pos=109&cpc=9908D8D4413DBB8A&ja=401273461&guid=0000019d7832cb7488e92f415e40d5e8&jobListingId=1010089897256&ea=1&vt=e&cb=1775841988262&ctt=1775849789659&srs=EMAIL_JOB_ALERT&gdir=1;;;
Cat5 Resources; Software Developer; ; 4/10/26;Open; 4/10/26;; https://www.linkedin.com/jobs/view/4399852598/?trackingId=VGA%2F6V7cGQoe9Ul6AlTZDw%3D%3D&refId=9CTnB1DOTAXOK7tKRdqhbw%3D%3D&midToken=AQE_3XQkBAKpjA&midSig=3CwOzrPJXcDIc1&trk=eml-email_job_alert_digest_01-primary_job_list-0-jobcard_body_1_jobid_4399852598_ssid_14583149772_fmid_mw6pip~mnt78ntp~o8&trkEmail=eml-email_job_alert_digest_01-primary_job_list-0-jobcard_body_1_jobid_4399852598_ssid_14583149772_fmid_mw6pip~mnt78ntp~o8-null-mw6pip~mnt78ntp~o8-null-null&eid=mw6pip-mnt78ntp-o8&otpToken=MTMwNjE2ZTQxMTJmY2ZjMWJkMmQwZmViNDExOWUyYmM4YmNkZDI0OTkwYWU4NzZhN2JkYTAyNmU0ODVlNTlmMGZlZDRkY2ViMThmOGNhYzg2Y2JiZDE5ZDM2MDk4N2U3NzdkZGM5ZmUzMDYzZDhiMzQzMzFkMWNjNjcsMSwx;;;
LaSalle Network; .NET Developer (WinForms); ; 4/10/26;Open; 4/10/26;; https://www.linkedin.com/jobs/view/4399470128/?trackingId=fqSWUb9AZA541iUuawIeHw%3D%3D&refId=9CTnB1DOTAXOK7tKRdqhbw%3D%3D&midToken=AQE_3XQkBAKpjA&midSig=3CwOzrPJXcDIc1&trk=eml-email_job_alert_digest_01-primary_job_list-0-jobcard_body_3_jobid_4399470128_ssid_14583149772_fmid_mw6pip~mnt78ntp~o8&trkEmail=eml-email_job_alert_digest_01-primary_job_list-0-jobcard_body_3_jobid_4399470128_ssid_14583149772_fmid_mw6pip~mnt78ntp~o8-null-mw6pip~mnt78ntp~o8-null-null&eid=mw6pip-mnt78ntp-o8&otpToken=MTMwNjE2ZTQxMTJmY2ZjMWJkMmQwZmViNDExOWUyYmM4YmNkZDI0OTkwYWU4NzZhN2JkYTAyNmU0ODVlNTlmMGZlZDRkY2ViMThmOGNhYzg2Y2JiZDE5ZDM2MDk4N2U3NzdkZGM5ZmUzMDYzZDhiMzQzMzFkMWNjNjcsMSwx;;;
Neos Consulting Group; Sr. .NET Application Programmer; ; 4/10/26;Open; 4/10/26;; https://www.linkedin.com/jobs/view/4395433764/?trackingId=vEtEvlMijduIWg4TADERxQ%3D%3D&refId=TPiiUrInwy99nvDMvtLFbg%3D%3D&midToken=AQE_3XQkBAKpjA&midSig=1X7VKPfXQsCIc1&trk=eml-email_job_alert_digest_01-primary_job_list-0-jobcard_body_0_jobid_4395433764_ssid_14583149772_fmid_mw6pip~mns0dg1b~h8&trkEmail=eml-email_job_alert_digest_01-primary_job_list-0-jobcard_body_0_jobid_4395433764_ssid_14583149772_fmid_mw6pip~mns0dg1b~h8-null-mw6pip~mns0dg1b~h8-null-null&eid=mw6pip-mns0dg1b-h8&otpToken=MTMwNjE2ZTQxMTJmY2ZjMWJkMmQwZmViNDExOWUyYjM4OGNmZDM0MTlkYTg4YzZiN2JkYTAyNmU0ODVlNTlmMGZlZDRkY2ViMThjZGU0ZGQ2Yzk4Y2Y5YjAyZjBhY2M1ZDg4OTMzMjI1MWRhZDdhM2MyMjY4MTE2ODQsMSwx;;;
Confidential; Software Engineer; 55-65/hr; 4/10/26;Open; 4/10/26;; https://www.linkedin.com/jobs/view/4398531673/?trackingId=X0XNvYzZHYTI87MpZn5W%2Bw%3D%3D&refId=TPiiUrInwy99nvDMvtLFbg%3D%3D&midToken=AQE_3XQkBAKpjA&midSig=1X7VKPfXQsCIc1&trk=eml-email_job_alert_digest_01-primary_job_list-0-jobcard_body_4_jobid_4398531673_ssid_14583149772_fmid_mw6pip~mns0dg1b~h8&trkEmail=eml-email_job_alert_digest_01-primary_job_list-0-jobcard_body_4_jobid_4398531673_ssid_14583149772_fmid_mw6pip~mns0dg1b~h8-null-mw6pip~mns0dg1b~h8-null-null&eid=mw6pip-mns0dg1b-h8&otpToken=MTMwNjE2ZTQxMTJmY2ZjMWJkMmQwZmViNDExOWUyYjM4OGNmZDM0MTlkYTg4YzZiN2JkYTAyNmU0ODVlNTlmMGZlZDRkY2ViMThjZGU0ZGQ2Yzk4Y2Y5YjAyZjBhY2M1ZDg4OTMzMjI1MWRhZDdhM2MyMjY4MTE2ODQsMSwx;;;
Pure Talent Consulting; Software Engineer; ; 4/10/26;Open; 4/10/26;; https://www.linkedin.com/jobs/view/4395472615/?trackingId=FoD27mMZDqze1VV9d4Novg%3D%3D&refId=TPiiUrInwy99nvDMvtLFbg%3D%3D&midToken=AQE_3XQkBAKpjA&midSig=1X7VKPfXQsCIc1&trk=eml-email_job_alert_digest_01-primary_job_list-0-jobcard_body_5_jobid_4395472615_ssid_14583149772_fmid_mw6pip~mns0dg1b~h8&trkEmail=eml-email_job_alert_digest_01-primary_job_list-0-jobcard_body_5_jobid_4395472615_ssid_14583149772_fmid_mw6pip~mns0dg1b~h8-null-mw6pip~mns0dg1b~h8-null-null&eid=mw6pip-mns0dg1b-h8&otpToken=MTMwNjE2ZTQxMTJmY2ZjMWJkMmQwZmViNDExOWUyYjM4OGNmZDM0MTlkYTg4YzZiN2JkYTAyNmU0ODVlNTlmMGZlZDRkY2ViMThjZGU0ZGQ2Yzk4Y2Y5YjAyZjBhY2M1ZDg4OTMzMjI1MWRhZDdhM2MyMjY4MTE2ODQsMSwx;;;
SyaRose Technology Services, Inc; .net Developer; 45-60/hr; 4/10/26;Open; 4/10/26;; https://www.ziprecruiter.com/jobs/v2/eyJsaXN0aW5nX2tleSI6Ilg4SkxzOHZJcmFhY0ozOFAwZFpQa0EiLCJtYXRjaF9pZCI6IjAxOWQ3NDRkLWIzZGMtN2ViYi1hMDM3LTAyNDljYjdlOTA2NCIsImJpZF90cmFja2luZ19kYXRhIjoiQUFGTGhCMjdRb1Y2STJQQWhXM1pmR0d2WjFKLVhzR08yazcwMlIwb3QxRWxMTGswR3k3amtFUTZzcmpUNW9laWhseU5oelp6Iiwic291cmNlX3BsYWNlbWVudF9pZCI6NDMwMjR9?tsid=111000153;;;
WiredPeople; Senior .NET Developer; 51-64/hr; 4/10/26;Open; 4/10/26;; https://www.ziprecruiter.com/jobs/v2/eyJsaXN0aW5nX2tleSI6IldKUW93QWszYVN4SXR4TkE1MHNfSkEiLCJtYXRjaF9pZCI6IjAxOWQ3NDRkLWIzZGMtN2ViZC1iNjkzLTQyNTZkZDQ2MjBmOCIsImJpZF90cmFja2luZ19kYXRhIjoiQUFIeWVZS3VFS0diWnl6NThLa0pDYlhvSTVlMlVQalp6aGZxdV9lRjhyTmpNeUFLZ2FJd0dYWUdlbUczQ1psb0M2c053WlUiLCJzb3VyY2VfcGxhY2VtZW50X2lkIjo0MzAyNH0=?tsid=111000153;;;
Vitaver & Associates, Inc; Lead .Net Developer (Remote); 56-73/hr; 4/10/26;Open; 4/10/26;; https://www.ziprecruiter.com/jobs/v2/eyJsaXN0aW5nX2tleSI6IlV3OThDWlBHeS1LX3NUY21kSGF6RUEiLCJtYXRjaF9pZCI6IjAxOWQ3NDRkLWIzZGMtN2ViNC1hODhjLTMyMzFlZWQyN2FkNCIsImJpZF90cmFja2luZ19kYXRhIjoiQUFIdWNra0RzWXRwZW5DX0x4QkRJT2RrWE5KVFc2MjVob3JoOW1fYjcyQzY1S1lIVDZteDNDRXBYOUpncnRmWXlJemhteklJIiwic291cmNlX3BsYWNlbWVudF9pZCI6NDMwMjR9?tsid=111000153;;;
Droisys; NET Developer; 46-61/hr; 4/10/26;Open; 4/10/26;; https://www.ziprecruiter.com/jobs/v2/eyJsaXN0aW5nX2tleSI6IlRrT3hORFQzQ3QyR0NYN0dVdjhrR1EiLCJtYXRjaF9pZCI6IjAxOWQ3NDRkLWIzZGMtN2VjOC1hNTY4LTQ5YmNhOTAzMzIxMCIsImJpZF90cmFja2luZ19kYXRhIjoiQUFHSEZobjZXMjlDNElCNmRBYk9DVm1JREpxcURjRDNKRzNKWlhHZE5ZVkI2SlpCQnBfSUJxdnJtNU1yb21KZWs0M1BrdDQwIiwic291cmNlX3BsYWNlbWVudF9pZCI6NDMwMjR9?tsid=111000153;;;
Procom Services; 208297 / .NET Developer; ;4/10/26;Open;4/10/26;; https://www.ziprecruiter.com/jobs/v2/eyJsaXN0aW5nX2tleSI6Ik53TkJTOGV2WHNvazNKWE1ZZnhZdGciLCJtYXRjaF9pZCI6IjAxOWQ3NDRkLWIzZGMtN2VjZC04ZDI1LWM5MzFjYmY1NTIzMSIsImJpZF90cmFja2luZ19kYXRhIjoiQUFISk9DN2dVZEpNaV9UN1NxLURmYW9RY2cyaV9mczR2TUtaaHFQR1F4SVZDLXV4YXo1UTEtZG9DNUluM1J1TXM2bW0wTF9MIiwic291cmNlX3BsYWNlbWVudF9pZCI6NDMwMjR9?tsid=111000153;;;
Arete Technologies Inc.; .Net Application Developer; ; 4/13/26;Open; 4/13/26;; https://jobs.smartrecruiters.com/AreteTechnologiesInc/743999653423150--net-application-develeoper?utm_source=ziprecruiter;;;
Lumen; Sr. Software Engineer 341799; 82-110k; 4/13/26; Rejected; 5/13/2026;; https://www.glassdoor.com/job-listing/sr-software-engineer-lumen-technologies-JV_KO0,20_KE21,39.htm?jl=1010094545635&utm_source=jobalert&utm_medium=email&utm_content=ja-jobpos11-agept-1010094545635&utm_campaign=jobAlertAlert&tgt=GD_JOB_VIEW&src=GD_JOB_AD&uido=7A57A36BECDA9E413E76BB41CD0D8A0B&ao=1136043&jrtk=5-yul1-0-1jlpso1t1gbnd800-bceddb1a8f25fd27&cs=1_5b870e56&s=224&t=JA&pos=111&ja=396299206&guid=0000019d73b14b67a730bc047b6bbae7&jobListingId=1010094545635&vt=e&cb=1775764244710&ctt=1775848607169&srs=EMAIL_JOB_ALERT&gdir=1;;;
Verint; Sr. Engineer, Software; ; 4/13/26;Open; 4/13/26;; https://www.glassdoor.com/job-listing/sr-engineer-software-verint-systems-JV_KO0,20_KE21,35.htm?jl=1010095567316&utm_source=jobalert&utm_medium=email&utm_content=ja-jobpos12-agejp-1010095567316&utm_campaign=jobAlertAlert&tgt=GD_JOB_VIEW&src=GD_JOB_AD&uido=7A57A36BECDA9E413E76BB41CD0D8A0B&ao=1136043&jrtk=5-yul1-0-1jlpso1t1gbnd800-b6dcaf8ffd85fd5d&cs=1_5f850d05&s=224&t=JA&pos=112&ja=396299206&guid=0000019d73b14b67a730bc047b6bbae7&jobListingId=1010095567316&vt=e&cb=1775764244711&ctt=1775848609571&srs=EMAIL_JOB_ALERT&gdir=1;;;
FEI Systems; Senior Full Stack Developer (Remote); 100-120k; 4/13/26;Open; 4/13/26;; https://jobright.ai/jobs/info/69d80f17869c7e25d859385e?utm_source=1121&imp_id=3673496432511879909__instant_push__1775768175063_8135&utm_medium=email;;;
System Automation Corporation; Solution Developer; 90135k; 4/13/26;Open; 4/13/26;; https://jobright.ai/jobs/info/69a9e2011f59c56275e2a06f?utm_source=1121&imp_id=3673496432511879909__instant_push__1775768175063_8135&utm_medium=email;;;
Amer Technology, Inc.; Senior application Developer (.Net); ; 4/13/26; Rejected; 5/13/2026;; https://jobright.ai/jobs/info/69d7d2b3869c7e25d859172c?utm_source=1121&imp_id=3673496432511879909__instant_push__1775768175063_2857&utm_medium=email;;;
Global Tax Network; Senior Software Developer III; 115-140k ; 4/13/26;Open; 4/13/26;; https://www.glassdoor.com/job-listing/senior-software-developer-iii-global-tax-network-JV_KO0,29_KE30,48.htm?jl=1010093338505&utm_source=jobalert&utm_medium=email&utm_content=ja-jobpos2-age1d-1010093338505&utm_campaign=jobAlertAlert&tgt=GD_JOB_VIEW&src=GD_JOB_AD&uido=7A57A36BECDA9E413E76BB41CD0D8A0B&ao=1136043&jrtk=5-yul1-0-1jlq1caukiuei806-4a0eee380bdedd6c&cs=1_28df6f52&s=224&t=JA&pos=102&ja=380629936&guid=0000019d73b185f5846a277321f1f6a7&jobListingId=1010093338505&vt=e&cb=1775769103600&ctt=1775848762535&srs=EMAIL_JOB_ALERT&gdir=1;;;
Deltek; Senior Software Developer; 72-127k; 4/13/26;Open; 4/13/26;; https://www.glassdoor.com/job-listing/senior-software-developer-deltek-JV_KO0,25_KE26,32.htm?jl=1010095642803&utm_source=jobalert&utm_medium=email&utm_content=ja-jobpos10-agejp-1010095642803&utm_campaign=jobAlertAlert&tgt=GD_JOB_VIEW&src=GD_JOB_AD&uido=7A57A36BECDA9E413E76BB41CD0D8A0B&ao=1136043&jrtk=5-yul1-0-1jlq1caukiuei806-6027a1302e06da80&cs=1_981db845&s=224&t=JA&pos=110&ja=380629936&guid=0000019d73b185f5846a277321f1f6a7&jobListingId=1010095642803&vt=e&cb=1775769103601&ctt=1775848787363&srs=EMAIL_JOB_ALERT&gdir=1;;;
Kforce Technology Staffing (Armonk, NY); Full Stack Developer; 45-48/hr; 4/16/26;Open; 4/16/26;; https://www.dice.com/job-detail/a5fc2b0c-70a2-4abf-ac71-0af455c631c1;;;
Cotiviti; Staff Engineer I; 140-170k; 4/13/26; Rejected; 5/13/2026;; https://www.indeed.com/viewjob?jk=a79a67c3cdfacc48&tk=1jlq0i4gvg3h2800&from=serp&vjs=3;;;
FinOps Blueprint; Senior .NET Developer (Platform Modernization & Support); 60-85/hr; 4/13/26;Open; 4/13/26;; https://www.indeed.com/viewjob?jk=880dd40b384da0e7&q=C%23+Developer&l=Knoxville%2C+TN&tk=1jlpjsc5bmt19800&from=ja&alid=5f7346a0a81aa31a03e86f8a&xpse=SoDy67I3l8IZD_y-9B0LbzkdCdPP&xfps=1134150d-ae71-4e6d-a05f-89e70d3a4fe7&utm_campaign=job_alerts&utm_medium=email&utm_source=jobseeker_emails&rgtk=1jlpjsc5bmt19800&xkcb=SoDC67M3l5gGIvTPnB0CbzkdCdPP;;;
Clara IT Systems; Dotnet Developer; ; 4/13/26;Open; 4/13/26;; https://jobright.ai/jobs/info/69d7ef86f4ea471a51fe28ac?utm_source=1025&imp_id=3673496432511879909__digest_job_alert__1775759795087_4949&utm_medium=email;;;
Lantana Consulting Group; Senior Software Engineer; 135-155k; 4/13/26; Rejected; 5/13/2026;; https://jobright.ai/jobs/info/69d7ef86f4ea471a51fe28ac?utm_source=1025&imp_id=3673496432511879909__digest_job_alert__1775759795087_4949&utm_medium=email;;;
CES; Senior AI Native Backend Developer - #3071; ; 4/13/26;Open; 4/13/26;; https://jobright.ai/jobs/info/69d783b9e63cea7a8b672322?utm_source=1025&imp_id=3673496432511879909__digest_job_alert__1775759795087_4949&utm_medium=email;;;
Municipal Credit Union; Senior Software Developer; 106-150k; 4/13/26;Open; 4/13/26;; https://jobright.ai/jobs/info/69d7e4fe869c7e25d859216d?utm_source=1025&imp_id=3673496432511879909__digest_job_alert__1775759795087_4949&utm_medium=email;;;
Pilot/Flying J; Developer II, Enterprise Applications; ; 4/13/26;Open; 4/13/26;; https://www.glassdoor.com/job-listing/developer-ii-enterprise-applications-pilot-company-JV_IC1144394_KO0,36_KE37,50.htm?jl=1010088330395&cs=1_661e4cde&s=350&t=REC_JOBS&pos=104&src=GD_JOB_AD&guid=0000019d88c5c42f942f54221475e7e9&uido=7A57A36BECDA9E413E76BB41CD0D8A0B&jobListingId=1010088330395&ao=1136043&vt=e&jrtk=5-yul1-1-1jm4cbh39gmu880a-0b971b044b4315d7&cb=1776116156247&ctt=1776116213105;;;
Confidential; Senior Application Programmer; 85-118; 4/14/26; Rejected; 5/13/2026;; https://www.indeed.com/viewjob?jk=1014082a33b9dad2&tk=1jm59us7km6es801&from=jobi2a&advn=2715527931820608&adid=445691966&ad=-6NYlbfkN0BFtEjsA8KW36VO-I2kY-FiiF7awyMg5DKM8alybE-Ds9wvbboCrwOFKvrzpbVQLZl4AqbX0rJRSyUTtsMQp3UBCu7jGWocDOiDw4wMWCeGKIKMQj6MLYBSY4FbL__3Yrl_VucxEA26yl4166xtoUHWNXUuhTiRK3vll1OjoBKnV5P5AiU8xZTv3xBUbi-Au_d_9zEOeyiYMaE6-Bww5D9rAImoXHUq20WiLjXgTJDdIZ7uTfZULpYYngv1PzeOfQcsjiROTOfrePkvSWbbkgg2IFnKYn-PNr8cW-ciYaoLKfyWLQ6axCoIB2fZk13cPk__rqXIvJjTZwSsD_TtjAhIVJoEOFp84F6uxeesBMh1Qwpyw-uNRo0v9vpY3003shA42e1_BfQoWjO7H-NfcEPfGz8wP-E0wyQn30zMuHAFOZLiV_zj_UIP4McTPfKQcw6mW1QjJcVu_g70rK9jlvRyry3KkT5s6oDTMbEoQYMH3p4GBG5PjWBHoW2GOm-ErZDnhx1O45GuShcLfc9Xgi6mXtQUL-SZmzxvA2Qf22kPQIqsJyXzktFSqfC50UGR14An5xP0jMuy20nwKxpVaNt8awy-PAmQjCBc-00053HkyU1ZfNMHmHo8&pub=21d85ca573e478f5e659e48885c828920cace3277f6b99df&i2af=jobi2a_multijob-en-US_email&camk=ethIe0s0heeLA9uU8hjzGw%3D%3D&jrtk=5-cmh1-1-1jm59uq8do717805-1014082a33b9dad2&xkcb=SoD86_M3kFb0Si0ZVR0IbzkdCdPP&xpse=SoAi6_I3kF2hSKSCIB0MbzkdCdPP&xfps=f4fb337b-73b4-4eec-9bf1-255a911a25b2;;;
Availity; Software Engineer IV; ; 4/14/26; Rejected; 5/13/2026;; https://www.glassdoor.com/job-listing/software-engineer-iv-availity-JV_KO0,20_KE21,29.htm?jl=1010099025377&utm_source=jobalert&utm_medium=email&utm_content=ja-jobpos5-agept-1010099025377&utm_campaign=jobAlertAlert&tgt=GD_JOB_VIEW&src=GD_JOB_AD&uido=7A57A36BECDA9E413E76BB41CD0D8A0B&ao=1136043&jrtk=5-yul1-0-1jm4ksak8kgp7807-14c2185fb556c64e&cs=1_4f35cfb3&s=224&t=JA&pos=105&ja=388890994&guid=0000019d88eef2089df36feca4ffb25d&jobListingId=1010099025377&vt=e&cb=1776125094745&ctt=1776169842575&srs=EMAIL_JOB_ALERT&gdir=1;;;
Baylor Genetics; Sr Software Engineer; ; 4/14/26;Open; 4/14/26;; https://www.linkedin.com/jobs/view/4401016171/?trackingId=zsp1DwEuWBU2lCICWI5asw%3D%3D&refId=RI6oWFvr53Uiy%2Bt116RufQ%3D%3D&midToken=AQE_3XQkBAKpjA&midSig=10nROPaqSsIcc1&trk=eml-email_job_alert_digest_01-primary_job_list-0-jobcard_body_0_jobid_4401016171_ssid_15257593108_fmid_mw6pip~mnxq4uj6~2d&trkEmail=eml-email_job_alert_digest_01-primary_job_list-0-jobcard_body_0_jobid_4401016171_ssid_15257593108_fmid_mw6pip~mnxq4uj6~2d-null-mw6pip~mnxq4uj6~2d-null-null&eid=mw6pip-mnxq4uj6-2d&otpToken=MTMwNjE2ZTQxMTJmY2ZjMWJkMmQwZmViNDExOWUxYjU4ZWM4ZDg0OTljYWY4ZTZjN2JkYTAyNmU0ODVlNTlmMGZlZDRkY2ViMThmOWYzZGE3MDk5ZWRhMDM5ZjhlYjgxNTBiYzBmOWZiN2RjYWI2Yjc3YWM3OWNkNDcsMSwx;;;
CData Software; Software Engineer III; ; 4/14/26; Rejected; 5/14/2026;; https://www.linkedin.com/jobs/view/4401016171/?trackingId=zsp1DwEuWBU2lCICWI5asw%3D%3D&refId=RI6oWFvr53Uiy%2Bt116RufQ%3D%3D&midToken=AQE_3XQkBAKpjA&midSig=10nROPaqSsIcc1&trk=eml-email_job_alert_digest_01-primary_job_list-0-jobcard_body_0_jobid_4401016171_ssid_15257593108_fmid_mw6pip~mnxq4uj6~2d&trkEmail=eml-email_job_alert_digest_01-primary_job_list-0-jobcard_body_0_jobid_4401016171_ssid_15257593108_fmid_mw6pip~mnxq4uj6~2d-null-mw6pip~mnxq4uj6~2d-null-null&eid=mw6pip-mnxq4uj6-2d&otpToken=MTMwNjE2ZTQxMTJmY2ZjMWJkMmQwZmViNDExOWUxYjU4ZWM4ZDg0OTljYWY4ZTZjN2JkYTAyNmU0ODVlNTlmMGZlZDRkY2ViMThmOWYzZGE3MDk5ZWRhMDM5ZjhlYjgxNTBiYzBmOWZiN2RjYWI2Yjc3YWM3OWNkNDcsMSwx;;;
Rex.zone; Software Engineering Jobs; 30-50/hr; 4/14/26;Open; 4/14/26;; https://www.linkedin.com/jobs/view/4388386805/?trackingId=Ov69IzKzWIjosVh3XFQU1w%3D%3D&refId=5Cm%2F0ntb7HHmnnUypuJMag%3D%3D&midToken=AQE_3XQkBAKpjA&midSig=2gWYP5INeIHYc1&trk=eml-email_job_alert_digest_01-primary_job_list-0-jobcard_body_3_jobid_4388386805_ssid_14583149764_fmid_mw6pip~mnxhk7k0~99&trkEmail=eml-email_job_alert_digest_01-primary_job_list-0-jobcard_body_3_jobid_4388386805_ssid_14583149764_fmid_mw6pip~mnxhk7k0~99-null-mw6pip~mnxhk7k0~99-null-null&eid=mw6pip-mnxhk7k0-99&otpToken=MTMwNjE2ZTQxMTJmY2ZjMWJkMmQwZmViNDExOWUxYjU4ZmNjZDU0MTlkYTY4ZDZiN2JkYTAyNmU0ODVlNTlmMGZlZDRkY2ViMThlZmQ4ZDM2M2FkYzk5OTIyMGIwMmZjMWE1YzQ5MTY1OTc4YWZiMjJjNmE0MGY4ZDYsMSwx;;;
Wellbe Senior Medical; Software Engineer; 90-125k; 4/14/26;Open; 4/14/26;; https://www.indeed.com/viewjob?jk=b86e50f9594a2dce&tk=1jm0v8lvng3h584s&from=serp&vjs=3;;;
Mutual of Omaha; Software Engineer (Mainframe); 115-130k; 4/14/26;Open; 4/14/26;; https://www.indeed.com/viewjob?jk=53bdb378938e8608&tk=1jm0v8lvng3h584s&from=serp&vjs=3;;;
Yo IT Consulting; C# Developer - Remote; ; 4/14/26;Open; 4/14/26;; https://www.glassdoor.com/job-listing/c-developer-remote-yo-it-consulting-JV_KO0,18_KE19,35.htm?jl=1010098581158&utm_source=jobalert&utm_medium=email&utm_content=ja-jobpos8-agept-1010098581158&utm_campaign=jobAlertAlert&tgt=GD_JOB_VIEW&src=GD_JOB_AD&uido=7A57A36BECDA9E413E76BB41CD0D8A0B&ao=1136043&jrtk=5-yul1-0-1jm4ib2tbjn1b80c-36c0c1c064f8c56c&cs=1_14f67496&s=224&t=JA&pos=108&ja=402221199&guid=0000019d88b8634bba7bcb9899aa02de&jobListingId=1010098581158&ea=1&vt=e&cb=1776122432719&ctt=1776124996540&srs=EMAIL_JOB_ALERT&gdir=1;;;
Knoxville Utilities Board (KUB); Business Analyst; 52-94k; 4/14/26;Open; 4/14/26;; https://www.glassdoor.com/Job/index.htm?utm_source=jobsForYou&utm_medium=email&utm_term=jfytspvar2&utm_content=jobs-for-you-jobsForYou-jobpos2-age5d-1010094337017&utm_campaign=jobsForYou&src=GD_JOB_AD&uido=7A57A36BECDA9E413E76BB41CD0D8A0B&ao=1136043&jrtk=5-yul1-1-1jm619fpsk3e0804-fa0c8c04e816ea2d&cs=1_d4caecf9&s=362&t=REC_JOBS&pos=102&guid=0000019d84742b38aa76b471de77159d&jobListingId=1010094337017&rdforyou=true&vt=e&cb=1776171663968&gdir=1;;;
Premier Staffing Partners; Full Stack Software Developer - .NET; 50-65/hr; 4/14/26;Open; 4/14/26;; https://www.indeed.com/viewjob?jk=c9f2e717e9f78607&q=C%23+Developer&l=Knoxville%2C+TN&tk=1jm6e3j0v2h44000&from=ja&advn=4544295491369246&adid=420254836&ad=-6NYlbfkN0CyyT-f4oNMZz8hL4LR6EcDrl5vB12i7SyJpvAxFYk5EXt1c1v4wP1uHbDArtG7vmwti4oBuXKQB-l4tsCCYaUX-aNF9zVjv8AdFfGNoznGkDL07vYYNKPPj7n9fDrv09mntTr1A9FFEI1hqw1yDTi0Afi5qwmrLXeT7AsJap9KHfrkBnDhXEq9oQc9xjsrjJ-QWZ0SefGe8viQ2C9UZOSgkiEHf8Fqpw66mD5HU7qqsuwzhIbcKR-krbxolv_Lgo6F_PlyyIOdt7dygN5FwCvI_rnncwbneU7faC80o1RL9588oUkIq6LRNA--R0s9u0ELxOkZV185r6A7tVjEyRgJiP4USCid-FXn7YGQJsgLjG7Crxnpf6stRAZvrjGu8nXAFxZy1XgqBpiAb3mHWSbTY9FDYIs2CXIsKJpypuSVs7SIdN63yD_tIEvSWYeQ0kj1tGRkn9A_Z8Yz01RUMp9BdNOOL3QdJtlNaliR-3mznEWtFvQxwmYuSSq6KZS2jXDDc6_9JtW9MZdzhg6O2KynQA6RvkguxEa3ySYigJyj7X7pw5-QlLRrJnJkFYF0iLGDdPZ_1Ws63BpystIAJkUxHp-EaacU9bQ%3D&alid=5f7346a0a81aa31a03e86f8a&pub=21d85ca573e478f5e659e48885c828920cace3277f6b99df&camk=4HOcmqOLYrB-Hq-JC3Bruw%3D%3D&xkcb=SoAb6_M3kGUBojWnMx0TbzkdCdPP&xpse=SoAY6_I3kG66JhgRHb0PbzkdCdPP&xfps=6727281b-5a34-41a7-ae54-3b002c31cb3a&utm_campaign=job_alerts&utm_medium=email&utm_source=jobseeker_emails;;;
ProTech Solutions, Inc; Network/Server Engineer; 65-75/hr; 4/14/26; Rejected; 5/14/2026;; https://www.indeed.com/viewjob?jk=3ceeae5e631fa5ea&tk=1jm6jq04libko801&from=jobi2a&advn=7245905907864258&adid=460511585&ad=-6NYlbfkN0Dmv5qYPuM71RCMc7AE4gm0Y8iISZ3g9ah2em726xhmV26-9ru545T-x5wncx4_ZHTWZK0g_FvzDGDJ1nssd98Zr5nkR0sa4oTo55Z9AYqw3_rGgtRdJLJb4WH6ECteUzT73aY5JuAvxHi1yysjYLw7fpDnx9hrSvxZ-5XM_tM2JdBHNixjl7A_VcthdGX2aamYiQ3msBJF-BU8VIopS6qSTfHBxyBjyVHEoZjDyJT4yt8-8oy7h2XjXfaWFitdPRDSYpj4NxofdWvU749p9vqIEtdtsdukvIsh2RCZiWVxOX6jPbtKDcDtvmT3QAwp2o-pFWU_W74AInZXlfYG9MTP91O8cigKGv0meCdzfb5DvQ-HZDQkJ2kCeCJJTrTVfDlOoXCNxo9K8SDF4sOQiPpvRwmoEHjZ6sf0KaUj0vDRFVzRJvZmStqdlsebZiPPzQk2kX55BBDT3Xl6ApEqA_TfRBQn8qFCecEqBt1g6cr-tp20fu8-9kq-kHde-05tNYV1YdrSis4pIgnmu5yRbgh3ea47lPlOJSTX_1sA2ZbhVniLnjZV3faY&pub=21d85ca573e478f5e659e48885c828920cace3277f6b99df&i2af=jobi2a_jobsourcer-en-US_email&camk=C3EPSzFlQw9wCRegj2HW1A%3D%3D&xkcb=SoBb6_M3kGvn7r0CC50CbzkdCdPP&xpse=SoCX6_I3kG7XcRSESJ0NbzkdCdPP&xfps=7f4f1cde-d3f6-44f9-ae24-218e25abe826;;;
LLH (Live Life Healthy) Healthcare; .Net Developer (requisition Id 1034); 105-120k ; 4/14/26;Open; 4/14/26;; https://jobright.ai/jobs/info/69de92d6aba61f14173162d6?utm_source=1025&imp_id=3673496432511879909__digest_job_alert__1776196326522_5298&utm_medium=email;;;
SAIC; Senior Full Stack .Net Developer; 80-120k; 4/14/26; Rejected; 5/14/2026;; https://jobright.ai/jobs/info/69de5c2318cf504166e2c9a2?utm_source=1025&imp_id=3673496432511879909__digest_job_alert__1776196326522_5298&utm_medium=email;;;
OEC; Senior .NET Software Engineer; ; 4/14/26; Rejected; 5/14/2026;; https://jobright.ai/jobs/info/69de853d36823d1b4258170e?utm_source=1025&imp_id=3673496432511879909__digest_job_alert__1776196326522_5298&utm_medium=email;;;
Bitwarden; Senior Full Stack Software Engineer; 140-200k; 4/14/26;Open; 4/14/26;; https://jobright.ai/jobs/info/69d58183cdb525785fbd1754?utm_source=1025&imp_id=3673496432511879909__digest_job_alert__1776196326522_5298&utm_medium=email;;;
AWL; Software Engineer (.Net/C#); 80k; 4/14/26; Rejected; 5/14/2026;; https://www.glassdoor.com/job-listing/software-engineer-net-c-all-web-leads-JV_KO0,23_KE24,37.htm?jl=1010100551248&utm_source=jobalert&utm_medium=email&utm_content=ja-jobpos1-agejp-1010100551248&utm_campaign=jobAlertAlert&tgt=GD_JOB_VIEW&src=GD_JOB_AD&uido=7A57A36BECDA9E413E76BB41CD0D8A0B&ao=1110586&jrtk=5-yul1-0-1jm6pln52kuqf800-85fbce7b0387aea7---6NYlbfkN0DOd9g0qWGiDZ4dyaZEMgwUkD6iKHbfO5Yr-acgA8psSfcuurKik9bPJAuApLPrTQvK1xnuDVVI7nAc7MBjg0jJfqfDOLCJhVfeKTppw28l5_p1KDn1o5KBGXdB4r00FJENC7aADsKeIDfjXp123jwSPAuHuRVTC5-i2zx0YLojd51fftHFBEQZPJmk5hNAOjOmdK_aGvNZF-J24hofOTC3RlriLz_JO7l8KuS-MFLTIp6d1-CG76_WqggWUuaKD6tvwGuGHM3K3dVg6AwqZwCpjLiyOSSPSY21TYF3DbBZUkhBl1dksFbeTuzvIlsLlRUF1jkkz1xasHuGVowZhEwD2n_drJB78of4ESUzBdVfMoRHIi29t79YDk6BLXp95O1RKfwlAwZ9gXbnN3zjjz34z-Rctk1T1KqZnmyOqYzt_2b5sjcioSBORiHPNUBTpAT6Iy-H6hP_AMbOIJrvJBtqSqTd4LQJBlKrCA9Pfx1f1fgPgLJ3Gzin5ZgCEknHWXdDQT1IaSla18M80pziN2CllzbfUux2X5mZHljDd4qem3vXm-cHkme9m8BzC4VD0t4FCZI45XcyFkDDxzSLNHXMd7YQYg0QyTL9pljwwE2cUi-Q2ggqRfGL1hIjuLO2sHptqPBdEZBH1YoslhcYiJ4xse4t2qAlmYmspRBaIGYhpfxmAVqd0hA9G9KowpC8kc7HOR3Wuca27Xbh53GH4V-E4cUnhWkfGvOJ2C0ZTL9TSmu-ziWtYnZRJ1reIo-3KgJl0ibgNpky6VCs6lWGLp9m0A9wdOgGQ0o%3D&cs=1_c06f4083&s=224&t=JA&pos=101&cpc=9908D8D4413DBB8A&ja=396299206&guid=0000019d8d70843ea0d1084f5a134ef6&jobListingId=1010100551248&ea=1&vt=e&cb=1776197230083&ctt=1776199099767&srs=EMAIL_JOB_ALERT&gdir=1;;;
Phillips; Remote Support Engineer (580040); 41-74/hr; 4/14/26; Rejected; 5/15/2026;; https://www.glassdoor.com/job-listing/remote-support-engineer-philips-JV_KO0,23_KE24,31.htm?jl=1010100399538&utm_source=jobalert&utm_medium=email&utm_content=ja-jobpos3-agejp-1010100399538&utm_campaign=jobAlertAlert&tgt=GD_JOB_VIEW&src=GD_JOB_AD&uido=7A57A36BECDA9E413E76BB41CD0D8A0B&ao=1136043&jrtk=5-yul1-0-1jm6pln52kuqf800-8ef5cbe4d071d917&cs=1_fe48f729&s=224&t=JA&pos=103&ja=396299206&guid=0000019d8d70843ea0d1084f5a134ef6&jobListingId=1010100399538&vt=e&cb=1776197230076&ctt=1776199107030&srs=EMAIL_JOB_ALERT&gdir=1;;;
Ethos Life; Software Engineer; 96-169k; 4/14/26; Rejected; 5/15/2026;; https://www.glassdoor.com/job-listing/software-engineer-ethos-life-JV_KO0,17_KE18,28.htm?jl=1010099433091&utm_source=jobalert&utm_medium=email&utm_content=ja-jobpos6-agept-1010099433091&utm_campaign=jobAlertAlert&tgt=GD_JOB_VIEW&src=GD_JOB_AD&uido=7A57A36BECDA9E413E76BB41CD0D8A0B&ao=1136043&jrtk=5-yul1-0-1jm6pln52kuqf800-49480def49a2bcd0&cs=1_e1c5919b&s=224&t=JA&pos=106&ja=396299206&guid=0000019d8d70843ea0d1084f5a134ef6&jobListingId=1010099433091&vt=e&cb=1776197230077&ctt=1776199127651&srs=EMAIL_JOB_ALERT&gdir=1;;;
VSP Vision; Senior Systems Engineer; 84-142k; 4/14/26; Rejected; 5/15/2026;; https://www.glassdoor.com/job-listing/senior-systems-engineer-vsp-global-JV_KO0,23_KE24,34.htm?jl=1010099716237&utm_source=jobalert&utm_medium=email&utm_content=ja-jobpos7-agept-1010099716237&utm_campaign=jobAlertAlert&tgt=GD_JOB_VIEW&src=GD_JOB_AD&uido=7A57A36BECDA9E413E76BB41CD0D8A0B&ao=1136043&jrtk=5-yul1-0-1jm6pln52kuqf800-3af010bb421ab675&cs=1_117ddec5&s=224&t=JA&pos=107&ja=396299206&guid=0000019d8d70843ea0d1084f5a134ef6&jobListingId=1010099716237&vt=e&cb=1776197230078&ctt=1776199135449&srs=EMAIL_JOB_ALERT&gdir=1;;;
Merative; Technical Support Engineer I; 54-80k; 4/14/26;Open; 4/14/26;; https://www.glassdoor.com/job-listing/technical-support-engineer-i-merative-JV_KO0,28_KE29,37.htm?jl=1010100308107&utm_source=jobalert&utm_medium=email&utm_content=ja-jobpos9-agejp-1010100308107&utm_campaign=jobAlertAlert&tgt=GD_JOB_VIEW&src=GD_JOB_AD&uido=7A57A36BECDA9E413E76BB41CD0D8A0B&ao=1136043&jrtk=5-yul1-0-1jm6pln52kuqf800-c68f237dcb10e27e&cs=1_3c2de314&s=224&t=JA&pos=109&ja=396299206&guid=0000019d8d70843ea0d1084f5a134ef6&jobListingId=1010100308107&vt=e&cb=1776197230080&ctt=1776199149883&srs=EMAIL_JOB_ALERT&gdir=1;;;
Hexagon (Cabinet Vision); Application Engineer II, Division Production Software (2739); ; 4/14/26; Rejected; 5/14/2026;; https://www.glassdoor.com/job-listing/application-engineer-ii-division-production-software-hexagon-manufacturing-intelligence-JV_KO0,52_KE53,87.htm?jl=1010099688906&utm_source=jobalert&utm_medium=email&utm_content=ja-jobpos10-agept-1010099688906&utm_campaign=jobAlertAlert&tgt=GD_JOB_VIEW&src=GD_JOB_AD&uido=7A57A36BECDA9E413E76BB41CD0D8A0B&ao=1136043&jrtk=5-yul1-0-1jm6pln52kuqf800-b588a8941d0963c8&cs=1_1a94a38c&s=224&t=JA&pos=110&ja=396299206&guid=0000019d8d70843ea0d1084f5a134ef6&jobListingId=1010099688906&vt=e&cb=1776197230080&ctt=1776199157439&srs=EMAIL_JOB_ALERT&gdir=1;;;
Verisma Systems; Sr. Software Engineer; 130-140k; 4/14/26;Open; 4/14/26;; https://www.glassdoor.com/job-listing/sr-software-engineer-verisma-JV_KO0,20_KE21,28.htm?jl=1010099875480&utm_source=jobalert&utm_medium=email&utm_content=ja-jobpos3-agept-1010099875480&utm_campaign=jobAlertAlert&tgt=GD_JOB_VIEW&src=GD_JOB_AD&uido=7A57A36BECDA9E413E76BB41CD0D8A0B&ao=1136043&jrtk=5-yul1-0-1jm66mqejh71r80a-5cadff351f893e1a&cs=1_85622266&s=224&t=JA&pos=103&ja=378462087&guid=0000019d8c5e36e5a161fe6cf25ab645&jobListingId=1010099875480&vt=e&cb=1776177343256&ctt=1776178957634&srs=EMAIL_JOB_ALERT&gdir=1;;;
Arcaris Health Group; Software Developer; ; 4/14/26;Open; 4/14/26;; https://www.glassdoor.com/job-listing/software-developer-arcaris-health-group-JV_KO0,18_KE19,39.htm?jl=1010100224599&utm_source=jobalert&utm_medium=email&utm_content=ja-jobpos7-agejp-1010100224599&utm_campaign=jobAlertAlert&tgt=GD_JOB_VIEW&src=GD_JOB_AD&uido=7A57A36BECDA9E413E76BB41CD0D8A0B&ao=1136043&jrtk=5-yul1-0-1jm66mqejh71r80a-3ba9be8d01c27996&cs=1_4e0fd062&s=224&t=JA&pos=107&ja=378462087&guid=0000019d8c5e36e5a161fe6cf25ab645&jobListingId=1010100224599&ea=1&vt=e&cb=1776177343258&ctt=1776178968239&srs=EMAIL_JOB_ALERT&gdir=1;;;
Edge Global LLC; .NET Azure Lead / Senior Developer; ; 04/15/26;Open; 04/15/26;; ;;; Received e-mail job description,  Replied that I am interested and attached resume.
Hirevue; Senior Software Engineer;  ; 4/15/26; Closed; 6/9/26;; https://www.linkedin.com/jobs/view/4391733592/?trackingId=23DYrAR3QIO9YW9O4OXFEg%3D%3D&refId=xk2xWCn5Ttuf%2BF8A4xAJHg%3D%3D&midToken=AQE_3XQkBAKpjA&midSig=3y7W3_wM-BJIc1&trk=eml-email_jobs_viewed_job_reminder_01-job_card-0-jobcard_body_4391733592&trkEmail=eml-email_jobs_viewed_job_reminder_01-job_card-0-jobcard_body_4391733592-null-mw6pip~mnz9bq0g~m1-null-null&eid=mw6pip-mnz9bq0g-m1&otpToken=MTMwNjE2ZTQxMTJmY2ZjMWJkMmQwZmViNDExOWUxYjY4ZmM3ZDU0OTlkYTk4ZTZkN2JkYTAyNmU0ODVlNTlmMGZlZDRkY2ViMThlZWUxZmE2MTllZTJjNjYwYjdkZDdmOGQ4YTVhYTZiNjlhY2U0ZThmNWMyOGU0ZGUsMSwx;;; Position Closed
Dayforce; Software Developer III; 92-165/yr; 4/15/26;Open; 4/15/26;; https://www.linkedin.com/jobs/view/4382795909/?trackingId=trghHzhbRhihMdb%2FSn6Kqw%3D%3D&refId=T99O0zbwT7OEKj0XE61ZtA%3D%3D&midToken=AQE_3XQkBAKpjA&midSig=3y7W3_wM-BJIc1&trk=eml-email_jobs_viewed_job_reminder_01-job_card-0-jobcard_body_4382795909&trkEmail=eml-email_jobs_viewed_job_reminder_01-job_card-0-jobcard_body_4382795909-null-mw6pip~mnz9bq0g~m1-null-null&eid=mw6pip-mnz9bq0g-m1&otpToken=MTMwNjE2ZTQxMTJmY2ZjMWJkMmQwZmViNDExOWUxYjY4ZmM3ZDU0OTlkYTk4ZTZkN2JkYTAyNmU0ODVlNTlmMGZlZDRkY2ViMThlZWUxZmE2MTllZTJjNjYwYjdkZDdmOGQ4YTVhYTZiNjlhY2U0ZThmNWMyOGU0ZGUsMSwx;;;
Revecore; Software Engineer, Enterprise Engineering; ;4/16/26; Rejected; 5/15/2026;; https://www.glassdoor.com/job-listing/software-engineer-enterprise-engineering-revecore-JV_KO0,40_KE41,49.htm?jl=1010100635040&utm_source=jobalert&utm_medium=email&utm_content=ja-jobpos8-agejp-1010100635040&utm_campaign=jobAlertAlert&tgt=GD_JOB_VIEW&src=GD_JOB_AD&uido=7A57A36BECDA9E413E76BB41CD0D8A0B&ao=1136043&jrtk=5-yul1-0-1jm6tj9igiufv800-bc43453a6c3919a6&cs=1_f120ca2a&s=224&t=JA&pos=108&ja=380629936&guid=0000019d8d70ad909d9b187e7e80ef49&jobListingId=1010100635040&vt=e&cb=1776201344908&ctt=1776271913832&srs=EMAIL_JOB_ALERT&gdir=1;;;
Tidal Financial Group; Software Engineer; ; 4/16/26;Open; 4/16/26;; https://www.indeed.com/viewjob?jk=541eccd320066cf3&tk=1jm765ss9gc4h87j&from=serp&vjs=3;;;
Ivy Rehab Network; Senior Technical Solution Lead; ; 4/16/26;Open; 4/16/26;; https://www.indeed.com/viewjob?jk=e81448bd44eaab2b&tk=1jm76as8420rb0kn&from=serp&vjs=3;;;
Redwood Logistics; Senior Software Engineer (AI Enablement); 130-150k; 4/16/26;Open; 4/16/26;; https://www.indeed.com/viewjob?jk=48c5c7e7de56c6fb&tk=1jm769b4cg8us802&from=serp&vjs=3;;;
Teecom; Sr. Software Developer; 150-190k; 4/16/26;Open; 4/16/26;; https://www.indeed.com/viewjob?jk=819c39ff710ce1b1&tk=1jm765ss9gc4h87j&from=serp&vjs=3;;;
Walt Disney Company; Sr. Software Engineer; 95-144k; 4/16/26; Rejected; 5/16/2026;; https://www.glassdoor.com/Job/index.htm?utm_source=jobsForYou&utm_medium=email&utm_term=jfytspvar2&utm_content=jobs-for-you-jobsForYou-jobpos1-age22d-1010075178902&utm_campaign=jobsForYou&src=GD_JOB_AD&uido=7A57A36BECDA9E413E76BB41CD0D8A0B&ao=1110586&jrtk=5-yul1-1-1jm8b8oaniucq800-bfc36a00447fabda---6NYlbfkN0DAFTyt7pbDCC2JPO79CSdi1dIb81yjczP5qsKcZIxgiSx9pTtqkYYdWRNbz8s1sRykh5L_-m1aEp_CEUi0aFiKtE0nVrH6TlxsDFEEHVaisdOf9yQAMrHBcwgTC_bK1ip0w9adHMox2HofLMS9ktNCc5OBj3mWy9KOfRe49W2f9IbLZIDmj_y2lDw97sBMkAdM_usNFi62JiUNSvQ_TnhUW4DLZ1dYC0sa8d7-IypehGVJfnw04ZDlyKlC8ytu0Gi2wtBkLgChF1m-gE5MLBC73-8ZJvVxjh8Pmy8aOsSkeJk_Ou8wiZXdFyryEKvebLZ5MhOS8Y2wIhNpvkfPqpzvOcyBbKYeYSV5qLdzY4EIGXpfgWApQKog30IkIsQpJZBG0bZZ4E-WySjfJ1QhufPWrNyRQ1Re9zOuQN9TGCewGUrZo5rJr2Op3O8qSVNbN3uEs4NKjlSa6TDynSBlxwOl4SxBQ6AFPBIQWUy1CcMEw8G8gR-X8mDCBau5M01mkDVvlktOFu8yQBT2-qOY07L2uQklpJFH5xMEcSz0b2QgVm5BSKa3EJV94xIPZ2Eb5OfgEC70wjlF7TQXKQBXNP3apV0G2FkmOBvnYHH4VxxrT95jVDLDqtQl3iUrmvfMUWvf31Bx1L50K2U_5wIMX4HRZyp0PLK8rMsadziY7QD2_VMPmRiweN-TKXO7QNvTqVy2bgBG_C8wiUk4__LvE5TyaYaNGP1D8E-_beridV5y2DyVP5EpotBf_ARNH9H8hbtqKuVazBFCkwP73RI8fKnPbrTKL0qI2UbpQER5_9cUuxGzWZftBtBVZikmazNkhBfFtWPZuEAVI8H-J9ZEvZ-BODyloGz_n17ANSayS9r8PKc8H3dtuyLQuuNMN4Qzm7YOfDuXysd4k-g_kHZIknsy&cs=1_ef825404&s=362&t=REC_JOBS&pos=101&cpc=451933188B21919D&guid=0000019d89a11eb8860b6a9d13825c2f&jobListingId=1010075178902&rdforyou=true&vt=e&cb=1776249234420&gdir=1;;;
Tandym Group; API Developer; Up to 57/hr; 4/16/26;Open; 4/16/26;; https://www.indeed.com/viewjob?jk=02f35acf27175fd5&tk=1jm7s83opkgud801&from=jobi2a&advn=7821221104656551&adid=442836001&ad=-6NYlbfkN0B-PqtJkJBxcFK4No1YgA2WlSENonneqf6KVAvcQVzPTnlSeWcXq5XRazgHanAtg3l96amCrRSC4ywNowj0Lxq8oqiGUg28AWojmCq-hqfsGB8uvWtfC3SaPcc40kvhjP7xRKaA_vI72HhE8mJfOkRVpMNnsy3T86WF1EnBoA1tgBT9XQ76liz6tG_XR0Onw5mMBoXT0bVd0T8qv-vS5kjOi0kKwAyB9Zmmwk5fn0oOZsBZRoAtWXTYvOBRiEFQmB35GjhhhEPYltdMJ8SqlQYRZ1wKxEnyVizefQjEK7o0G5TiBNm8GK-2TGGieJovF0qD67_icUl3rut7ze9GuxEIcnAQpD7YG5LXUsRlPE9MHxshpus5BAOSQZNhcQnuA4bw69TftJrGjL04Kwov-W5HsJJVOC7Pol6b_fH6K30LlSlUubhoRQfp6-c1l1SvG5N8hvbrOqIn1N1M9CzPIo2VcG1tJo8rOiTN6K2Incp7oCas2Myo1KMH3cXtfntCnAHjUE5bjCYR-n7314zsvctdfkbC9lj7oTATcigtOrY1Ge8wvOEgevwiH5sZpCKhvT3nXFtvDxS_7uv90RXaw1-dnXfS5nQDBj3cJY2WL0ZKAw%3D%3D&sjdu=vUz3PJIdpGfygLQXVlxEDn62u999uQX9H4IRIP9QZzDeFj-rOCnODg848y0D_AnaAtJW7fISHR7GHr3Wv_zWsDkUaJssX9igLFF6Ee77MZgLvml3UtjSRg5yTZ21HKHI&acatk=1jm9222rug2mp802&pub=21d85ca573e478f5e659e48885c828920cace3277f6b99df&i2af=jobi2a_multijob-en-US_email&camk=ethIe0s0heeOWOfD7f4eSA%3D%3D&jrtk=5-cmh1-1-1jm7s82idkm0q800-02f35acf27175fd5&xkcb=SoAi6_M3kHwqWvgXDj0IbzkdCdPP&xpse=SoA46_I3kJMHgKSQ1h0PbzkdCdPP&xfps=2ef88eb6-a199-492b-ae4b-801b40f80e5d;;;
Advantage Technical; Software Developer Manager; 120-150k; 4/16/26;Open; 4/16/26;; https://www.glassdoor.com/job-listing/software-development-manager-advantage-technical-JV_IC1144394_KO0,28_KE29,48.htm?jl=1010100653561&utm_source=jobalert&utm_medium=email&utm_content=ja-jobpos2-agejp-1010100653561&utm_campaign=jobAlertAlert&tgt=GD_JOB_VIEW&src=GD_JOB_AD&uido=7A57A36BECDA9E413E76BB41CD0D8A0B&ao=1110586&jrtk=5-yul1-0-1jm7d1kinkgp7800-16ace95c37affca5---6NYlbfkN0CQRQ3eiV4YWjrRS1ho7HVQ9JO8v6Fb3eU0yDOJbdOiEoQlZRW4hQj1tajLaE5hzsv3Aa4vcYgr1vuVZ0rVXYltvkQfjDUiFx8U5ZQw3nQHWEKoh9sp-On76AePGU_sGIlrbdOSjEqcm4fY-fAY6fRnccrrOcfHYwJzWy4IODbbwqdi5taTSPv4BpXg2v8PcO-udtGUJ-w-l6mV2AXgBcdp0tJBMRyLWUQIXY7TmutVUvemeUYMx7czkVcRzF9hQe8blVAPsXhMJZeL2mY-sgXe4wX2xfGfRfc6RsYX6weu68gFL9Xgqaidob4XdfEouetCmQzDLqx2NUfv565GGEhZ4UUgSv8hXksp7TPePRyT_jOoJ1ajXNq-E4Cbq6DvQGBsTI8GcOKqNy7sGHLaqLDvZen3TmsPkLgfbYKQhN78hGFnP50zbEelX12FEkIa0rzLoacXAUb-BimfTCSzhLo-li0FcU_VjctfzaEcQHZYOGHWPu-c-R6YDGt0eLe0U6Wi94S4Nrbw6nmqZHarU-7Xf6F-UW9HtPJswazmydhuIZ9zZIu41xmO5Qr3HKzjPt4q_hnEhpp3TPHK9KinmBynFuimmnfzB5Yn4SAaAo4icws20LIILbciNWtIu45HIb4p5ivDeBcQc3ZK_0sfaH8faHwJONZAGv3ugs5eMsFRYSS5Vwf6gu7RZlTXexHRje8ifT6s5NL3U9gV77g1sK0-AoH8yaEbOQj2sNsOhconqs6T2RUrnJb9Qd6Qg_NKE4I%3D&cs=1_727d0ab9&s=255&t=JA&pos=101&cpc=AC285F3A3ECA6BB0&ja=377506142&guid=0000019d8eb9fb89a5334dd0bfee1fa9&jobListingId=1010100653561&ea=1&vt=e&cb=1776217543457&ctt=1776272655873&srs=EMAIL_JOB_ALERT&gdir=1;;;
BakerRipley; Systems Analyst (1436); ; 4/16/26; Rejected; 5/16/2026;; https://jobright.ai/jobs/info/69ded12de34484770f1a4fa5?utm_source=1121&imp_id=3673496432511879909__instant_push__1776212918352_6010&utm_medium=email;;;
StackandCo; .Net Developer (Contract); ;4/16/26;Open;4/16/26;; https://www.ziprecruiter.com/jobs/v2/eyJsaXN0aW5nX2tleSI6Ill4dGpKZFVBdk1RZjFjNGhJMVpodmciLCJtYXRjaF9pZCI6IjAxOWQ4ZTVmLWExZmYtNzdlZi1hN2JjLTE4ODZkZTY0MzBkYiIsImJpZF90cmFja2luZ19kYXRhIjoiQUFINlJPOHpielV1WkZQU3o3ZTFEUXRCSEF5X3hGTUEzM3BZOGpQaHRKN3JfZnplR1RrWWpna3R3NW5nb09RLUpidWx5eEVVIiwic291cmNlX3BsYWNlbWVudF9pZCI6NDMwMjR9?tsid=111000153;;;
The University of Tennessee (Martin); IT Software Developer (Level 1-4) Department of Technology Solutions - UT System Administration; 65-115k; 4/20/26; rejected; 5/29/26;; https://www.ziprecruiter.com/jobs/v2/eyJsaXN0aW5nX2tleSI6ImJ0dkNWVDVTd0lIZjlxb09BNWFlZ1EiLCJtYXRjaF9pZCI6IjAxOWRhYjRjLWMyMzEtN2Q1Zi1hNzg0LWYyNzY2ZTRmMzUwNCIsImJpZF90cmFja2luZ19kYXRhIjoiQUFFRXp6Y3NhS1ZHVVhZa1M0MDBiZktOcUVHRkRzTzY2ZWhWbHQzc0NLYnV6Q1NFVmtFcEJ2Uml2NzFqc0Ntc1A4b0ZJejF1Iiwic291cmNlX3BsYWNlbWVudF9pZCI6NDMwMjR9?tsid=111000153;;; Rejection Received
Jobot (Berwick PA-Remote); Senior EAM Application Developer; 100-145k; 4/20/26; Rejected; 5/16/2026;; https://jobot.com/details/senior-eam-application-developer/e70d01a501?utm_source=DigestAlert&utm_campaign=A&utm_medium=SimilarCandidate_JobTitle;;;
Sean E. Merryman Placements; Sr. Enterprise Engineer / POS Modernization 100% Remote; ; 4/20/26; Rejected; 5/16/2026;; https://www.indeed.com/viewjob?jk=29e15c8bfaf949d7&tk=1jmkofk6hgeku804&from=jobi2a&advn=141715238018225&adid=460594105&ad=-6NYlbfkN0BulUYP0VXvka74vK-gchix3kDHo4BwjONfZ3bhUXFKQIbdftTUsFV2Zg3L0q25leSJc1SWcHt6OMq0tD1rkfBxYUv78KxuY5BoRRh4DBHDpUa5yWoq_B7b9fEoAF3OD9qqeyOZe0XF_JY87Q0wTavGJ2dOnuD8X0oXnB_MfQhx0npV4rLpPBrZdN20XO69fEbB74cyEveaTobpjsWrCDi9fMdmjm6_JrcsVY6jekUdlMUewCkT1YBgNRUDTx1UqS_tRg4eqWvGQC8CS2iW6Q5xVUhh5LYuoNq92Q1I2hMZtShlp86PqIOil3J42ZGJU242CE0Fi9IS3OQzQCEgmp0_aTGpL1N3lj4fRay5Zp2Io3JRbU3pzVThBBhKjHAqrk0gVOa5xDKSPoqusIKbj3bLea5l5_WxeNeH5_QbNAmv_oZoHMoY447Dym84jMeiDHg36VUr48AQRaWkY2N8RfUrAJeAiqMH9SKW6sqAVNJwFosfoNii1bSW_3f0_GrA4zlCTcZYbA1SDaDPX9ACKixe06CHW21PBMRubHlAPxR2xdAcC4o8LnxIJif1Yvj4D4gEgvnCj7_5ACDG4cvLjvslISbtk1WbzcUiSsKBqBtUHYAs73Uta_Ie&pub=21d85ca573e478f5e659e48885c828920cace3277f6b99df&i2af=jobi2a_multijob-en-US_email&camk=C3EPSzFlQw_fgeVPJt2I-g%3D%3D&jrtk=5-cmh1-1-1jmkofj3elib1800-29e15c8bfaf949d7&xkcb=SoA56_M3kU4xVNhVET0AbzkdCdPP&xpse=SoB56_I3kVk_-ZS5GJ0PbzkdCdPP&xfps=d4150ba3-718e-42b3-a8ad-a2d24ad073da;;;
Archon Resources; Sr. Full Stack Developer; ; 4/20/26;Open; 4/20/26;; https://www.indeed.com/viewjob?jk=63704a1c4a369efe&tk=1jmkofk6hgeku804&from=jobi2a&advn=5965942598672180&adid=407493937&ad=-6NYlbfkN0CqdZ97vGshOX2TiKXPUn-kKkK7Us8zZILUnvDYRr5Hn8268VsDnvA7fU0B_qb5qQcxkWFRgKUFY4T6cJ-4EIpMtoeXBnmWfy3Vf5JGM64MfU-dOFLfRMZmuJ0te9HVMvgaLeDW393ahr3meGguzHn5M5UUAlspRTbMvBkLhAQbBNfsqnLdrhNjNFlo_IfYiXXx6ObAccAI_XeqNFXljzkZR8w80CvWfXvC3KRIpbbExQecciRpSs3QCkv7ElFWqTCMZtrme22vvc4wcexe5dui7m09qUecpGGIEdpWim9GZ6MtuuSqlQL94tERn6icOoU2HLb2QQ-6ms-6Wwt4KhHH2reM3omowhVwz28f7WwL_Ds3yTFR9FyNMnuDhBHvktL5yMA4cHVYWa5dyQ4PYlVvX7IQiEpRJ7tC-Cti0jMkXwfm8dqVJQiQD8c70gjFw2fooI99fGA8nqyozJ5U8wWfwXk1q1T5fAtdB1Y8o58xrAhYa3MVEL7Rw0oxuxXAIMk4nfViobWeHKAMzENq8qt2h-gvQ7DEH80F5vaYdpFjo2m1kZJkO0j5O3auosAkxAbudkLOGnOa94W_1fRAXYbWARNWffgGt3mSUvbaUNMLzVz4Zq_mEnFj&sjdu=78Or3tMDsmon1rR4b4SEKoQMgM5hS8RZKPqNrSVIxLT9bZFVQ09ipzv7MTRk_xcS_OsUwKzIFtKhzXSD2Ibp9DQ2b9Il319ZICwwVIqdchs&acatk=1jmlmcibog0us802&pub=21d85ca573e478f5e659e48885c828920cace3277f6b99df&i2af=jobi2a_multijob-en-US_email&camk=H-lBaXMUocI3Z-J9B6UYzg%3D%3D&jrtk=5-cmh1-1-1jmkofj3elib1800-63704a1c4a369efe&xkcb=SoDQ6_M3kU4xVMBVET0IbzkdCdPP&xpse=SoDY6_I3kVk9kJSUVJ0PbzkdCdPP&xfps=e9cb61ce-fb5e-4123-951f-3d6c768d5e60;;;
Avesis; UI & Integrations Developer (JR1345); 79-132k; 4/20/26; Rejected; 5/16/2026;; https://jobright.ai/jobs/info/69e58dfc9b6eb37e26f7d249?utm_source=1121&imp_id=3673496432511879909__instant_push__1776656670005_9136&utm_medium=email;;;
FujiFilm Healthcare Americas Corporation; Senior Software Engineer, DP; ; 4/20/26;Open; 4/20/26;; https://www.linkedin.com/jobs/view/4391758847/?trackingId=n%2FdUC51VzipGdI0dHZPkcQ%3D%3D&refId=yOwdv78BQqk9uqF7Ozkgzg%3D%3D&midToken=AQE_3XQkBAKpjA&midSig=0iXTxDBMRsQIc1&trk=eml-email_job_alert_digest_01-primary_job_list-0-jobcard_body_2_jobid_4391758847_ssid_15257593108_fmid_mw6pip~mo6ary7u~3g&trkEmail=eml-email_job_alert_digest_01-primary_job_list-0-jobcard_body_2_jobid_4391758847_ssid_15257593108_fmid_mw6pip~mo6ary7u~3g-null-mw6pip~mo6ary7u~3g-null-null&eid=mw6pip-mo6ary7u-3g&otpToken=MTMwNjE2ZTQxMTJmY2ZjMWJkMmQwZmViNDExOWUxYjI4Y2NiZDI0OTlhYTg4ZjYzN2JkYTAyNmU0ODVlNTlmMGZlZDRkY2ViMThkOWU1ZGQ1NDg1YTJhNTY4OGFlN2VjZmFmNWZmYTY2ZDZiN2EyYzkwYjU0NmEzMzUsMSwx;;;
Mastercraft Boat Company LLC; Senior Software Developer; 51-68/hr; 4/20/26;Open; 4/20/26;; https://www.ziprecruiter.com/jobs/v2/eyJsaXN0aW5nX2tleSI6ImdTTnJzaW5hMDV3MG5LZEhlTDNHYVEiLCJtYXRjaF9pZCI6IjAxOWRhNzZiLTc2NWMtN2I1Ni1iZWE4LTUzOGI0ODA4ODFkOSIsImJpZF90cmFja2luZ19kYXRhIjoiQUFHTG9jYnRNRjFQal9aNnY1WVVOTVZSSllPRkdIdi1wdnZXU3hTZVFFX2w5RERUcTBwZlBDMzJBVDNtbktNWkRmeS1tZ0REIiwic291cmNlX3BsYWNlbWVudF9pZCI6NDMwMjR9?tsid=111000153;;;
Crossing Hurdles; Backend Engineer (.NET/C#) | Remote; 60-120/hr; 4/20/26;Open; 4/20/26;; https://www.linkedin.com/jobs/view/4403019143/?trackingId=&refId=&midToken=AQE_3XQkBAKpjA&midSig=17e-LAKYUwQsc1&trk=eml-email_jobs_application_rejected_01-similar_jobs-0-similar_job&trkEmail=eml-email_jobs_application_rejected_01-similar_jobs-0-similar_job-null-mw6pip~mo5zhjzo~eo-null-null&eid=mw6pip-mo5zhjzo-eo&otpToken=MTMwNjE2ZTQxMTJmY2ZjMWJkMmQwZmViNDExOWUxYjI4ZWM4ZDM0MzliYTk4NzZmN2JkYTAyNmU0ODVlNTlmMGZlZDRkY2ViMThlM2RlYzc1ZTg4ZWM4NzE5YjcxNzhiZmJiNGNhMzdiODU1Y2FiODEyNzU5ZGEzM2EsMSwx;;;
Parallon; Staff Data Engineer; ; 4/20/26;Open; 4/20/26;; https://www.indeed.com/viewjob?jk=949b4340017103f5&tk=1jmj3cuvag29683q&from=serp&vjs=3;;;
Micro1; C# Developer; 50-120/hr; 4/20/26; Rejected; 5/1/2026;; https://jobs.micro1.ai/post/69d83070-37aa-407b-abec-5c06edfaaac0?referralCode=463495f6-7cc6-49ed-8e8f-5ef2a1cc3fd7&utm_source=referral&utm_medium=share&utm_campaign=job_referral;;;
Amer Technology, Inc; Senior Software Developer; ; 4/20/26;Open; 4/20/26;; https://www.dice.com/job-detail/68b91a1c-b65c-4e89-88f2-d7c73d1edc9d;;;
HCL America Inc.; Senior .Net Developer; ; 4/20/26;Open; 4/20/26;; https://www.dice.com/job-detail/cebeab41-39ac-484c-941c-53c5915e202f;;;
FedEx Freight; Full Stack Developer III; 83-160k; 4/20/26;Open; 4/20/26;; https://www.indeed.com/viewjob?jk=42f6cd14aa456df4&tk=1jmgu9h52gkv583v&from=serp&vjs=3;;;
AIA Contract Documents; Senior Software Engineer; 120-150k; 4/22/26;Open; 4/22/26;; https://www.linkedin.com/jobs/view/4404906967/?trackingId=4bN23Gq9l%2BjCQUDx6gxvLg%3D%3D&refId=Eh9PsraXx9hmJU6MPu%2FzDA%3D%3D&midToken=AQE_3XQkBAKpjA&midSig=2tUCMxwLzkUsc1&trk=eml-email_job_alert_digest_01-primary_job_list-0-jobcard_body_0_jobid_4404906967_ssid_15257593108_fmid_mw6pip~moa88jp4~fo&trkEmail=eml-email_job_alert_digest_01-primary_job_list-0-jobcard_body_0_jobid_4404906967_ssid_15257593108_fmid_mw6pip~moa88jp4~fo-null-mw6pip~moa88jp4~fo-null-null&eid=mw6pip-moa88jp4-fo&otpToken=MTMwNjE2ZTQxMTJmY2ZjMWJkMmQwZmViNDExOWUxYmM4OGNjZDg0ODkxYWM4ZTZiN2JkYTAyNmU0ODVlNTlmMGZlZDRkY2ViMThlZWRjZGIwNDk5ZjA5MTE2ZmZlNzQyOTM3ZDJjYmU3ZTMxZjM1YmFmZGIzMDFjYTAsMSwx;;;
Pathfinders Executive Search; Senior Software Engineer; 120-140k; 4/22/26;Open; 4/22/26;; https://www.linkedin.com/jobs/view/4401971896/?refId=Eh9PsraXx9hmJU6MPu%2FzDA%3D%3D&trackingId=Bk8U9sVEmc9nKho8FwVbMA%3D%3D;;;
Coinstar; Senior Software Development Engineer; 137-172k; 4/22/26;Open; 4/22/26;; https://www.linkedin.com/jobs/view/4404885791/?trackingId=9JngrCeq1asrMPPaoGfZ9A%3D%3D&refId=Eh9PsraXx9hmJU6MPu%2FzDA%3D%3D&midToken=AQE_3XQkBAKpjA&midSig=2tUCMxwLzkUsc1&trk=eml-email_job_alert_digest_01-primary_job_list-0-jobcard_body_4_jobid_4404885791_ssid_15257593108_fmid_mw6pip~moa88jp4~fo&trkEmail=eml-email_job_alert_digest_01-primary_job_list-0-jobcard_body_4_jobid_4404885791_ssid_15257593108_fmid_mw6pip~moa88jp4~fo-null-mw6pip~moa88jp4~fo-null-null&eid=mw6pip-moa88jp4-fo&otpToken=MTMwNjE2ZTQxMTJmY2ZjMWJkMmQwZmViNDExOWUxYmM4OGNjZDg0ODkxYWM4ZTZiN2JkYTAyNmU0ODVlNTlmMGZlZDRkY2ViMThlZWRjZGIwNDk5ZjA5MTE2ZmZlNzQyOTM3ZDJjYmU3ZTMxZjM1YmFmZGIzMDFjYTAsMSwx;;;
Networking for Future; Web Back End Developer; 130145k; 4/22/26;Open; 4/22/26;; https://www.glassdoor.com/job-listing/web-back-end-developer-nff-JV_KO0,22_KE23,26.htm?jl=1010108971056&utm_source=jobalert&utm_medium=email&utm_content=ja-jobpos6-agept-1010108971056&utm_campaign=jobAlertAlert&tgt=GD_JOB_VIEW&src=GD_JOB_AD&uido=7A57A36BECDA9E413E76BB41CD0D8A0B&ao=1136043&jrtk=5-yul1-0-1jmqs41oujn3i800-e65cb1d88bc817fc&cs=1_53576802&s=224&t=JA&pos=106&ja=399775333&guid=0000019db5917613b55590fb98e1f5f9&jobListingId=1010108971056&vt=e&cb=1776870885400&ctt=1776874152401&srs=EMAIL_JOB_ALERT&gdir=1;;;
Allstate; Software Engineer (C#/.Net); 91-154k; 4/22/26; Rejected; 5/22/2026;; https://jobright.ai/jobs/info/69e8ef464b0fa35a7076a315?utm_source=1121&imp_id=3673496432511879909__instant_push__1776874176097_9008&utm_medium=email;;;
Apetan Consulting LLC (The College of NJ); .NET Developer / Lead / Architect / Remote; ; 4/22/26;Open; 4/22/26;; https://jobright.ai/jobs/info/69e7cd857820c036924d8441?utm_source=1121&imp_id=3673496432511879909__instant_push__1776874176097_9565&utm_medium=email;;;
LingaTech; Senior Dotnet Developer; ; 4/22/26;Open; 4/22/26;; https://jobright.ai/jobs/info/69e67c71e0cd471b2f126005?utm_source=1121&imp_id=3673496432511879909__instant_push__1776874176097_9565&utm_medium=email;;;
Inovalon; Software Development Engineer L3 for Multiple Positions; 117-127; 4/22/26; Rejected; 5/22/2026;; https://jobright.ai/jobs/info/69e7fa6d7820c036924d964a?utm_source=1121&imp_id=3673496432511879909__instant_push__1776874176097_9565&utm_medium=email;;;
Adeptus Solutions, Inc; Senior Software Developer; 113-170k; 4/22/26;Open; 4/22/26;; https://www.glassdoor.com/job-listing/senior-software-developer-adeptus-solutions-JV_KO0,25_KE26,43.htm?jl=1010104455027&utm_source=jobalert&utm_medium=email&utm_content=ja-jobpos2-age5d-1010104455027&utm_campaign=jobAlertAlert&tgt=GD_JOB_VIEW&src=GD_JOB_AD&uido=7A57A36BECDA9E413E76BB41CD0D8A0B&ao=1110586&jrtk=5-yul1-0-1jmqrislrk3cg800-db3ce0b194d4e131---6NYlbfkN0D1CoX2LzUAfmKaEpqhj_FR2w4q_1kq9y3McznTTMs4ZoSfGMrDGQeYHWtn_GMZ4zxVTgdDdQP-1WxhDCbLvyjW9ThbKtg_5Z7zLr_LCLeE7hO53f_S-8slPqSt_2Ws465e4C47Z2IjyejZiwV5l3CVDv98gGFBml-06XJFn7yafL4JISFW8ySt3mqnwlUGgzFKixBuwC3HEjVxBO-7Zbc488-w27BU2vsT3G5aMB1U91TnWSktJyDFS5I4mJY26yVCwctbZbfCGPMowxBrPLlw1RuepwifzLLKaKnAexKBLk5u3vmjuDlxvyB5OTib_LtOTl22iDqJ3iAwe9WjKEW5W9zHxMDDxefzAs2DScqzFjRiuz-sI_52Qmsbjdpim1q99BVeUNhJfnzE6qkNnz6guPaDTkQs2uyR8N2UYiFphRYuVkvKSw5FMs3IgH2oDaHzE7Uczk8vDmcIPGuDmM0wCwlHzeu9NtRqOAs4Ws82O-AEJIW2YmX5RsbbiSIQTwdQmMCgJILEDeB5DBGksNKN3wiBBR8jK0B_2rjFMaix6KUzZ5FCB9ySnUDamar81UKwPUqYemvFA0rT0M5vowZqUYXVrPuckvL4hi5ErAm_jt8eQNJdu_0I-EcaChmIbJPQCGhyEozX0hayZRUPwNzOxo5Zj5ev3EMuA6ECbrENkLEvNTsrKe5B3DuvrQfUYxcZe103zUb2LOFdWDv6FZglB1_7MgRjH_SmH7CxN3eC9yw24myJwB7xQqL_zCsjzxl8p-Gmbn59iZO3z-IRD1m5IRnLF-N2SWZ-KQ9PE63Km447WSAlLeki&cs=1_4186b9ff&s=224&t=JA&pos=102&cpc=3BA4CE39D5B5DEF5&ja=378462087&guid=0000019db59168cf99a9e0c366eb3892&jobListingId=1010104455027&ea=1&vt=e&cb=1776870323182&ctt=1776874266237&srs=EMAIL_JOB_ALERT&gdir=1;;;
FocusPointSAP; Senior .NET Software Engineer; 70-90k; 4/22/26;Open; 4/22/26;; https://www.glassdoor.com/job-listing/senior-net-software-engineer-focuspointsap-JV_KO0,28_KE29,42.htm?jl=1010108378328&utm_source=jobalert&utm_medium=email&utm_content=ja-jobpos3-agejp-1010108378328&utm_campaign=jobAlertAlert&tgt=GD_JOB_VIEW&src=GD_JOB_AD&uido=7A57A36BECDA9E413E76BB41CD0D8A0B&ao=1110586&jrtk=5-yul1-0-1jmpdckbgi955800-c2dae0c975f62c07---6NYlbfkN0DNndf2AENBWMtynjMulGrpgyo4xoT0AUnWvQ3N3NIs4eV93rTiKLhjQ5pSOjYezAp2rSOapqBWvTaIw1oJK8A16enKVs5wE4TKWagMc2Rv5mPGIL6bn8quFFK9J5uzXRwc3RtcsOTGZkuCm24w-SpmJ7dj_mutYRVptGK6fzdOCYQb9GlIAuncDrbj8g7ape9Jh_L31Ncf5qRp39pigHxa2fe1YqToJF1s_Svf53UsAuyH1FGoeupBr2dWaXfeGOyzLIzH_DCdZOF5eXl4eXj4cXwttZjvrxqt6D3DrUeih6W9lUCAx2QrXR3pIFcwORFUZgtbP-71EUN9Qy7t63Gd_UMEOAHEBSM1lZEO9275jXDuBvyc1vm9SPHcXDcVAB_u21FePRON9HHpwTiVMVgMaTMiZDwIzKUhKHSdaW25rEbrsYggh2Qgweqf69soYcZxLu5zP2i7a3uoW7dEueSGcNX2ytPGut3UXL1kEin_I3ALuZ9tXid5uLpKEtWwmyEvBTEE3QtSj_2cj1z1kLo1jwmTrt5kDgCIN3k1l9Q8b7VVS2bC_onc2HwND-IV7NhibcZX9PJGUYXUMha9nWnzs15Hl3zyByUjiuh6IVfBw85vGN4nhqX7S_PVtufqTL41O2ehvg1KcrN9iMFSl_yo3Y4M112MEyrK9cA5i1PJhxbyoI9Xl_8mcM7mGgbUavZ25vUVIQGKWQprQlcxBx6Wsn_XubNqC942akOx9R1x7RrKOi7ObSOMmHmX9i8kwMJrGx4HG-_Hu91TJ_JDdtBm&cs=1_d788f188&s=224&t=JA&pos=103&ja=377506142&guid=0000019db2c688829c0575134c2fd0fa&jobListingId=1010108378328&ea=1&vt=e&cb=1776821884294&ctt=1776874718489&srs=EMAIL_JOB_ALERT&gdir=1;;;
Kelvion; IT - Help Desk Analyst; 49-67k; 4/22/26;Open; 4/22/26;; https://www.glassdoor.com/job-listing/it-help-desk-analyst-kelvion-products-JV_IC1144394_KO0,20_KE21,37.htm?jl=1010108326245&utm_source=jobalert&utm_medium=email&utm_content=ja-jobpos2-agept-1010108326245&utm_campaign=jobAlertAlert&tgt=GD_JOB_VIEW&src=GD_JOB_AD&uido=7A57A36BECDA9E413E76BB41CD0D8A0B&ao=1136043&jrtk=5-yul1-0-1jmr2lvkknae1800-54cb86c035880a3e&cs=1_83d819d8&s=224&t=JA&pos=102&ja=401049853&guid=0000019db5c8193e941bfb7f76583450&jobListingId=1010108326245&ea=1&vt=e&cb=1776877765238&ctt=1776879661713&srs=EMAIL_JOB_ALERT&gdir=1;;;
Inspira Financial; Software Engineer II (NET Backend) (Remote); 91-111k; 4/22/26;Open; 4/22/26;; https://jobright.ai/jobs/info/69d1e1af366bb95ba5529f9b?utm_source=1121&imp_id=3673496432511879909__instant_push__1776815342741_2876&utm_medium=email;;;
Alignment Health; Remote Senior Software Engineer; ; 4/22/26; Rejected; 5/22/2026;; https://www.linkedin.com/jobs/view/4375991752/?trackingId=jQUItJhGSJWWg%2Bxlcj31Lw%3D%3D&refId=pmo4hOgqTwqnonDVKLjSeg%3D%3D&midToken=AQE_3XQkBAKpjA&midSig=2ChOmwqX4kTIc1&trk=eml-email_jobs_viewed_job_reminder_01-job_card-0-jobcard_body_4375991752&trkEmail=eml-email_jobs_viewed_job_reminder_01-job_card-0-jobcard_body_4375991752-null-mw6pip~mo99xz8p~gh-null-null&eid=mw6pip-mo99xz8p-gh&otpToken=MTMwNjE2ZTQxMTJmY2ZjMWJkMmQwZmViNDExOWUxYmM4ZWNiZDI0OTlkYWM4NjYyN2JkYTAyNmU0ODVlNTlmMGZlZDRkY2ViMThmMGVjYzQ1OTgyZjg5YzYxODM1NWY5MjNhZTRjNjA1YjlkZjNjOGM5NzZlYTFiNTEsMSwx;;;
Clover Health; Senior Software Engineer; 195-220k; 4/2/26;Open; 4/2/26;; https://www.linkedin.com/jobs/view/4387975998/?trackingId=TgsJTCqbQoCHasyic83%2F5w%3D%3D&refId=1qGAtjWSQXGn9eWjgl77fw%3D%3D&midToken=AQE_3XQkBAKpjA&midSig=2ChOmwqX4kTIc1&trk=eml-email_jobs_viewed_job_reminder_01-job_card-0-jobcard_body_4387975998&trkEmail=eml-email_jobs_viewed_job_reminder_01-job_card-0-jobcard_body_4387975998-null-mw6pip~mo99xz8p~gh-null-null&eid=mw6pip-mo99xz8p-gh&otpToken=MTMwNjE2ZTQxMTJmY2ZjMWJkMmQwZmViNDExOWUxYmM4ZWNiZDI0OTlkYWM4NjYyN2JkYTAyNmU0ODVlNTlmMGZlZDRkY2ViMThmMGVjYzQ1OTgyZjg5YzYxODM1NWY5MjNhZTRjNjA1YjlkZjNjOGM5NzZlYTFiNTEsMSwx;;;
ClassPass (PlayList); Senior Software Engineer (Remote); 151-200k; 4/22/26;Open; 4/22/26;; https://www.linkedin.com/jobs/view/4402180403/?trackingId=Hx1jds3aRpmYil%2BBLmJYwA%3D%3D&refId=1mgl60jCRCCfQ1QrhAC4UA%3D%3D&midToken=AQE_3XQkBAKpjA&midSig=2ChOmwqX4kTIc1&trk=eml-email_jobs_viewed_job_reminder_01-job_card-0-jobcard_body_4402180403&trkEmail=eml-email_jobs_viewed_job_reminder_01-job_card-0-jobcard_body_4402180403-null-mw6pip~mo99xz8p~gh-null-null&eid=mw6pip-mo99xz8p-gh&otpToken=MTMwNjE2ZTQxMTJmY2ZjMWJkMmQwZmViNDExOWUxYmM4ZWNiZDI0OTlkYWM4NjYyN2JkYTAyNmU0ODVlNTlmMGZlZDRkY2ViMThmMGVjYzQ1OTgyZjg5YzYxODM1NWY5MjNhZTRjNjA1YjlkZjNjOGM5NzZlYTFiNTEsMSwx;;;
Beacon Hill; Senior .NET Software Engineer; 80-85/hr; 4/22/26;Open; 4/22/26;; https://www.dice.com/job-detail/32bca51d-87d9-4171-96e6-e5665df36724;;;
New Era Technology; Backend Solution Architect; ; 4/22/26;Open; 4/22/26;; https://www.dice.com/job-detail/e6b1c01f-f5eb-47e4-9f31-255c5d05e33c;;;
RRS Enterprises Inc.; Backend Developer; 121-165k; 4/22/26; Rejected; 5/22/2026;; https://www.indeed.com/viewjob?cmp=RRS-Enterprises&t=Back+End+Developer&jk=f2a485abe60aa346&q=c%23&xpse=SoCL67I3kWffl4SYlJ0LbzkdCdPP&xfps=4dd96541-0a6d-4808-8983-954140f0e029&xkcb=SoBr67M3kWfBR6ybSR0LbzkdCdPP&vjs=3;;;
DriveTime Automotive Group; Software Engineer - Remote; 88-124k; 4/23/26; Rejected; 5/22/2026;; https://www.glassdoor.com/job-listing/software-engineer-remote-drivetime-sales-and-finance-company-JV_IC1133917_KO0,24_KE25,60.htm?jl=1010109983810&utm_source=jobalert&utm_medium=email&utm_content=ja-jobpos12-agept-1010109983810&utm_campaign=jobAlertAlert&tgt=GD_JOB_VIEW&src=GD_JOB_AD&uido=7A57A36BECDA9E413E76BB41CD0D8A0B&ao=1136043&jrtk=5-yul1-0-1jmtcif4fh728800-0db7b883c1d7aa42&cs=1_44df5496&s=224&t=JA&pos=112&ja=399775333&guid=0000019dbab822209218e6828325f79c&jobListingId=1010109983810&ea=1&vt=e&cb=1776955243875&ctt=1776959488930&srs=EMAIL_JOB_ALERT&gdir=1;;;
The Home Depot; Software Engineer (Remote); 50-130k; 4/23/26;Open; 4/23/26;; https://www.glassdoor.com/job-listing/software-engineer-remote-home-depot-thd-JV_IC1139761_KO0,24_KE25,39.htm?jl=1010109714725&utm_source=jobalert&utm_medium=email&utm_content=ja-jobpos3-agept-1010109714725&utm_campaign=jobAlertAlert&tgt=GD_JOB_VIEW&src=GD_JOB_AD&uido=7A57A36BECDA9E413E76BB41CD0D8A0B&ao=1136043&jrtk=5-yul1-0-1jmtc8fc9kuoi800-3bf59f0f38ec1c05&cs=1_b0c53192&s=224&t=JA&pos=103&ja=378462087&guid=0000019dbab812058f2ab0d8077c3a00&jobListingId=1010109714725&vt=e&cb=1776954916535&ctt=1776959554785&srs=EMAIL_JOB_ALERT&gdir=1;;;
Aliance Energy Services; Applications Developer I; ; 4/23/26;Open; 4/23/26;; https://www.glassdoor.com/job-listing/applications-developer-i-alliance-energy-services-JV_KO0,24_KE25,49.htm?jl=1010108458927&utm_source=jobalert&utm_medium=email&utm_content=ja-jobpos7-age1d-1010108458927&utm_campaign=jobAlertAlert&tgt=GD_JOB_VIEW&src=GD_JOB_AD&uido=7A57A36BECDA9E413E76BB41CD0D8A0B&ao=1136043&jrtk=5-yul1-0-1jmtc8fc9kuoi800-b018ba7188945331&cs=1_63d0d26a&s=224&t=JA&pos=107&ja=378462087&guid=0000019dbab812058f2ab0d8077c3a00&jobListingId=1010108458927&ea=1&vt=e&cb=1776954916537&ctt=1776959586120&srs=EMAIL_JOB_ALERT&gdir=1;;;
ACT Building Systems; Software Developer (Contractor); ; 4/23/26;Open; 4/23/26;; https://jobright.ai/jobs/info/69e949fa4b0fa35a7076d5a2?utm_source=1121&imp_id=3673496432511879909__instant_push__1776952820226_2797&utm_medium=email;;;
OSTechnical; Desktop Technician - PC Build / Computer Migration; 24-26/hr; 4/23/26;Open; 4/23/26;; https://www.ziprecruiter.com/jobs/v2/eyJsaXN0aW5nX2tleSI6IlBpSW0wa3NJaENRd0JuMGhNMUZnZFEiLCJtYXRjaF9pZCI6IjAxOWRiMjI2LTI0MjktNzYyOC04NjU4LWM5NzFlOGI2YmYwOCIsImJpZF90cmFja2luZ19kYXRhIjoiQUFFTXZWMDAwT0tiamFIQ3FRdzNMSlZnQmdMVk83dVJmeHVVZlFNVGVwVkFHZ2tmbUNYYTZiTkR5cjU2QjdWbVlPU1cyeGRTQ1V0eE1xNzNublUiLCJzb3VyY2VfcGxhY2VtZW50X2lkIjo4NzY5MH0=?tsid=111000278;;;
TalentzPro; Software Engineer II (.Net, C#, Java); ; 4/23/26;Open; 4/23/26;; https://www.dice.com/job-detail/b002d8a2-3c57-4e6a-8d7e-f9a95c2d7406;;;
Imagine Staffing Technology; Senior .Net Software Engineer; 60-70/hr; 4/23/26;Open; 4/23/26;; https://www.dice.com/job-detail/99ba21bb-6066-40c8-9a87-b1a51fbfe132;;;
Refugent Technologies Inc.; .Net Application Developer; ; 4/23/26;Open; 4/23/26;; https://www.dice.com/job-detail/19c7bb8e-a844-497d-b608-4552df382e54;;;
Technovision, Inc.; Sr. ASP.Net, C#, .Net Core, Visual Studio, SQL Server Developer - 100% Remote - Long term Contract; ; 4/23/26;Open; 4/23/26;; https://www.dice.com/job-detail/ef8c4c20-82d9-4171-95da-70ce9be34590;;;
Keypixel; Data Integration Lead (Healthcare); ; 4/23/26;Open; 4/23/26;; https://www.dice.com/job-detail/66b2f9a9-209e-45eb-a978-eb52235fa9d2;;;
Simpluris; .NET & React Engineer (Mid Level) - Contractor; ; 4/23/26;Open; 4/23/26;; https://www.indeed.com/viewjob?jk=65470c89d256cf66&tk=1jmrntjj120m3001&from=serp&vjs=3;;;
7Seventy Recruiting; Software Engineer; 86-120/hr; 4/24/26;Open; 4/24/26;; https://www.linkedin.com/jobs/view/4399969345/?trackingId=NnS5bkzqy7SsrmDEZb1aSw%3D%3D&refId=IpxrqM7qYeyDLTEOgVnWKg%3D%3D&midToken=AQE_3XQkBAKpjA&midSig=1oPGZ50GusXcc1&trk=eml-email_job_alert_digest_01-primary_job_list-0-jobcard_body_4_jobid_4399969345_ssid_15257593100_fmid_mw6pip~mocytx8p~eh&trkEmail=eml-email_job_alert_digest_01-primary_job_list-0-jobcard_body_4_jobid_4399969345_ssid_15257593100_fmid_mw6pip~mocytx8p~eh-null-mw6pip~mocytx8p~eh-null-null&eid=mw6pip-mocytx8p-eh&otpToken=MTMwNjE2ZTQxMTJmY2ZjMWJkMmQwZmViNDExOWUwYjQ4Y2M2ZDU0MTllYWI4YjZjN2JkYTAyNmU0ODVlNTlmMGZlZDRkY2ViMThkNWNmZmY3YThmZGY5MjNjODVmZmU3ZThmNWU5Mzc2Nzk0YzI2OWM1ZjkxMWE3YWQsMSwx;;;
Brooksource; Software Engineer; 55-60/hr; 4/24/26;Open; 4/24/26;; https://www.linkedin.com/jobs/view/4404451275/?trackingId=KaB%2F8mE6d8%2FUl7Ay6oEbzw%3D%3D&refId=IpxrqM7qYeyDLTEOgVnWKg%3D%3D&midToken=AQE_3XQkBAKpjA&midSig=1oPGZ50GusXcc1&trk=eml-email_job_alert_digest_01-primary_job_list-0-jobcard_body_5_jobid_4404451275_ssid_15257593100_fmid_mw6pip~mocytx8p~eh&trkEmail=eml-email_job_alert_digest_01-primary_job_list-0-jobcard_body_5_jobid_4404451275_ssid_15257593100_fmid_mw6pip~mocytx8p~eh-null-mw6pip~mocytx8p~eh-null-null&eid=mw6pip-mocytx8p-eh&otpToken=MTMwNjE2ZTQxMTJmY2ZjMWJkMmQwZmViNDExOWUwYjQ4Y2M2ZDU0MTllYWI4YjZjN2JkYTAyNmU0ODVlNTlmMGZlZDRkY2ViMThkNWNmZmY3YThmZGY5MjNjODVmZmU3ZThmNWU5Mzc2Nzk0YzI2OWM1ZjkxMWE3YWQsMSwx;;;
OnePlan; Full Stack Product Developer (JavaScript, C#, ASP.NET, MS Tech Stack); ; 4/24/26;Open; 4/24/26;; https://www.linkedin.com/jobs/view/4400646537/?trackingId=q3Qt6F5YHPSsiKkUA6mRNA%3D%3D&refId=pIdD7MlcfllXmGkd5KTgqA%3D%3D&midToken=AQE_3XQkBAKpjA&midSig=2NjgLOInN8Xcc1&trk=eml-email_jobs_facet_suggestions-JOBS_POSTING_SECTION_2-0-job_card_0_jobid_4400646537_sectionid_293002_fmid_mw6pip~mocvuame~15&trkEmail=eml-email_jobs_facet_suggestions-JOBS_POSTING_SECTION_2-0-job_card_0_jobid_4400646537_sectionid_293002_fmid_mw6pip~mocvuame~15-null-mw6pip~mocvuame~15-null-null&eid=mw6pip-mocvuame-15&otpToken=MTMwNjE2ZTQxMTJmY2ZjMWJkMmQwZmViNDExOWUwYjQ4Y2NkZDQ0NzljYTY4YzY5N2JkYTAyNmU0ODVlNTlmMGZlZDRkY2ViMThjN2U0Y2I3MWExYzBhNzZjODI5NzNiMTRjNjFjZjlmYTY5MDRhMjIzOTdmNDUxYmMsMSwx;;;
Envision Horizons; Full Stack Developer; 95-115k; 4/24/26; Rejected; 5/22/2026;; https://www.linkedin.com/jobs/view/4405850959/?trackingId=P1Qn9qIbrStIw34klA1Yrg%3D%3D&refId=pIdD7MlcfllXmGkd5KTgqA%3D%3D&midToken=AQE_3XQkBAKpjA&midSig=2NjgLOInN8Xcc1&trk=eml-email_jobs_facet_suggestions-JOBS_POSTING_SECTION_2-0-job_card_1_jobid_4405850959_sectionid_293002_fmid_mw6pip~mocvuame~15&trkEmail=eml-email_jobs_facet_suggestions-JOBS_POSTING_SECTION_2-0-job_card_1_jobid_4405850959_sectionid_293002_fmid_mw6pip~mocvuame~15-null-mw6pip~mocvuame~15-null-null&eid=mw6pip-mocvuame-15&otpToken=MTMwNjE2ZTQxMTJmY2ZjMWJkMmQwZmViNDExOWUwYjQ4Y2NkZDQ0NzljYTY4YzY5N2JkYTAyNmU0ODVlNTlmMGZlZDRkY2ViMThjN2U0Y2I3MWExYzBhNzZjODI5NzNiMTRjNjFjZjlmYTY5MDRhMjIzOTdmNDUxYmMsMSwx;;;
ICF International; Senior Software Enginer (.Net) - (US - Remote); 98-167k; 4/24/26;Open; 4/24/26;; https://www.efinancialcareers.com/jobs-USA-VA-Reston-Senior_Software_Engineer_Net_-_US_-_Remote.id24117019?stlt=VTJGc2RHVmtYMTlMT3hyT21PUTd2RXNuQ0JNc1loTGtZU0tmdkZicC8zcVZ3Vld0MGt1TzJLUUFQaytQbTVCLw%3D%3D&utm_campaign=JS_NOWHIRING_DAILY_JOBS&utm_medium=EM_NOWHIRE&utm_source=AMS_US_ENG;;;
Worldpay; Software Engineer II - .NET Developer (C#.NET, ASP.NET, SQL); ;4/24/26; Rejected; 5/22/2026;; https://www.efinancialcareers.com/jobs-USA-KY-Newport-Software_Engineer_II_-_NET_Developer_CNET_ASPNET_SQL.id24129897?stlt=VTJGc2RHVmtYMTlMT3hyT21PUTd2RXNuQ0JNc1loTGtZU0tmdkZicC8zcVZ3Vld0MGt1TzJLUUFQaytQbTVCLw%3D%3D&utm_campaign=JS_NOWHIRING_DAILY_JOBS&utm_medium=EM_NOWHIRE&utm_source=AMS_US_ENG;;; Hybrid - 3 days onsite Cincinnati 
Barings; .NET and Azure Developer (JR_006179); ; 4/24/26; Rejected; 5/22/2026;; https://www.efinancialcareers.com/jobs-USA-NC-Charlotte-NET_and_Azure_Developer.id24050811?stlt=VTJGc2RHVmtYMTlMT3hyT21PUTd2RXNuQ0JNc1loTGtZU0tmdkZicC8zcVZ3Vld0MGt1TzJLUUFQaytQbTVCLw%3D%3D&utm_campaign=JS_NOWHIRING_DAILY_JOBS&utm_medium=EM_NOWHIRE&utm_source=AMS_US_ENG;;;
Fiserv; Full Stack .NET Developer; ; 4/24/26; Rejected; 5/22/2026;; https://www.efinancialcareers.com/jobs-USA-NE-Omaha-Full_Stack_NET_Developer.id23688882?stlt=VTJGc2RHVmtYMTlMT3hyT21PUTd2RXNuQ0JNc1loTGtZU0tmdkZicC8zcVZ3Vld0MGt1TzJLUUFQaytQbTVCLw%3D%3D&utm_campaign=JS_NOWHIRING_DAILY_JOBS&utm_medium=EM_NOWHIRE&utm_source=AMS_US_ENG;;;
Commonwealth Bank of Australia; Staff Software Engineer - Full Stack (.NET / React, Next.js); ; 4/24/26; Rejected; 5/22/2026;; https://www.efinancialcareers.com/jobs-Australia-Sydney-Staff_Software_Engineer_-_Full_Stack_NET__React_Nextjs.id24161080?stlt=VTJGc2RHVmtYMTlMT3hyT21PUTd2RXNuQ0JNc1loTGtZU0tmdkZicC8zcVZ3Vld0MGt1TzJLUUFQaytQbTVCLw%3D%3D&utm_campaign=JS_NOWHIRING_DAILY_JOBS&utm_medium=EM_NOWHIRE&utm_source=AMS_US_ENG;;;
Beat LLC; Software Developer; 105-110k; 4/24/26;Open; 4/24/26;; https://www.indeed.com/viewjob?jk=ded15e3566ac4be4&tk=1jmv2up1029od001&from=jobi2a&advn=5255389087853547&adid=460779873&ad=-6NYlbfkN0BZEboMUnqsru4xENP43dcZ1tM5PtGD_wdmLn3NEeT9EAYKYQAiEBAdmfe8zm6QwP6Ch8GpIuyLVUfpIcfmuQ-qqRvWmBvDwSA2bgU22jtOtM84eSxCJ0iQ8kEhiKzOYGprqhupCd4zZ3hy2YQZRzoN4bGUCuXCv43gAi27K2bS3DQgasfnThSYc39coZjqnUWAUI2L9IS2ipU7lgNf8i8JDayTq1H8gS3j8GoUFNQw8CqqygLhDK9i8q23ZJ0rHdAJghGrSVyvjGxbWde6oin9vqI5ALBLKyKELuyU6NR62KWL61mc7lmj5eiyuclx1IqzotDkF-bJXeXZuq1OnZFWhZNastjOUFR3vEj5Ci27TDJlr1VsfThg-5_cdAl9faIX0qT-gIbYh8-enkl17ky5L0618oeHODIK-91EZUSLbPXmx-ZbJvP8lDveemSDFutyr1-9NZemfw7jkA2C1U-LB3SI0JJsRGfbRacQN0TNiK6hDaIpKRIZM0MzqIcEBZJg4d8f-px0mUNkD-JGEAuARlwTBywl8DKfnOw2M9AjCM4J6k1mLt-aM1D2HE_zKPvzf1lReltOFX94Mkmu7iODks4VwrMGl1i_X0-Tq-_w4FvBJyjTy8LH&pub=21d85ca573e478f5e659e48885c828920cace3277f6b99df&i2af=jobi2a_multijob-en-US_email&camk=C3EPSzFlQw_0oH--iK3KGA%3D%3D&jrtk=5-cmh1-1-1jmv2unq9mu63805-ded15e3566ac4be4&xkcb=SoBA6_M3kfN087WN4x0ebzkdCdPP&xpse=SoD06_I3kgGsgTSQQZ0NbzkdCdPP&xfps=4f38ebba-7617-4482-9235-7fe3a689e12d;;;
Leedo Cabinets LLC; Software Developer; 75-83k; 4/24/26;Open; 4/24/26;; https://www.indeed.com/viewjob?jk=dde3b260a6cc04a1&tk=1jmv2up1029od001&from=jobi2a&advn=7430669949591479&adid=460296575&ad=-6NYlbfkN0AfWD7TB9zj7CLENchVhjlcLNzun2WV2dwoiYiVsOvp0q4PNsfA6Ne0snM-0hStGf3gw9JUyEAPto2NIEeU5xT7F8q0F5zI7MCMv_6OYA1Hu6rL19cLpEaRLVI52xlTXtwejSdb76jQMTzEvObtIPCnJfcIDyZUlRthGL9azVz5mxqjro8Ov_-cleH5wMKjmhNnhCvOECxAq_wbzTSkv0a4rTWTvyDw0CipIU6jGzqjGuONsEcsHvqekDnfUrDW3CQUt-U9NdMiGsHHStyZamnMq3YtjoNRTjuR8C2bJjzvQbu0qYLDZKqCObVyaUDBp1Ld9VtXVnuluUPG6JeBs3091lBKEIcvOQ8zqhvk86Wqf_PbTdwtrtmAxhxvg8E33QErhCeQtkqjYEXZuwZLf1YRQocBGrHitA3BpAbzXjsd0V6PNf2UpKbVQfH3vU5MPnacpZZv7bqc4melgHNmH9nXlcwMsOMx399ugYQKDDndCX6IIS2Wic-CeTxk_kjnkXzdng0s6qErWxBvCFSyHbSnqRL0Sz6Xw2Bv7hRw6_fSWlapoB_UJNqJVqlsLD7qoPIWc2bmYBX8v7mktmolN94huLUewp6YajiFJm49PrGh27OdKs8uEQ5D&pub=21d85ca573e478f5e659e48885c828920cace3277f6b99df&i2af=jobi2a_multijob-en-US_email&camk=C3EPSzFlQw_TC5jPXDHrEQ%3D%3D&jrtk=5-cmh1-1-1jmv2unq9mu63805-dde3b260a6cc04a1&xkcb=SoA66_M3kfN087WN4x0PbzkdCdPP&xpse=SoDi6_I3kgGiyIy6b50PbzkdCdPP&xfps=3ef1d18c-8725-4674-8fb5-e452c2457b69;;;
Republic Services; Sr. Software Developer - .NET (R-173891); ; 4/24/26;Open; 4/24/26;; https://jobright.ai/jobs/info/69eaad223aa0c479643b1396?utm_source=1121&imp_id=3673496432511879909__instant_push__1776990770855_4196&utm_medium=email;;;
InterSources Inc; Dotnet Developer –  Columbia SC; ; 4/24/26;Open; 4/24/26;; https://jobright.ai/jobs/info/69eab1ad0a6e0955530427ff?utm_source=1121&imp_id=3673496432511879909__instant_push__1776990770855_4196&utm_medium=email;;;
Georgia IT; .Net Full-Stack developer - 100% Remote; ; 4/24/26;Open; 4/24/26;; https://www.dice.com/job-detail/dec3e56c-d6fb-4229-bce9-023c8bc58732;;;
Skimmer; Principal Software Engineer - Payments; ; 4/24/26; Rejected; 5/22/2026;; https://www.indeed.com/viewjob?jk=98922df02deffb39&tk=1jmu5b17cgln581i&from=serp&vjs=3;;;
Mindset Care, Inc.; Senior Software Engineer; 165-190k; 4/24/26;Open; 4/24/26;; https://www.indeed.com/viewjob?jk=3f17a4f5fb3d71fa&tk=1jmu5fdifgm9n81q&from=serp&vjs=3;;;
Saalex; Journeyman Software Developer; 115-125k; 4/24/26;Open; 4/24/26;; https://www.indeed.com/viewjob?jk=ed7623a052abc41b&tk=1jmu5mlh0giqo8j3&from=serp&vjs=3;;;
BlueBeam; Technical Support Specialist - Tier 2; ; 4/24/26;Open; 4/24/26;; https://careers.nemetschek.com/Bluebeam/job/Technical-Support-Specialist-Tier-2/1349378955/?from=email&refid=28025176855&utm_source=J2WEmail&source=2&eid=79455-202630240330-33638574455&locale=en_US;;;
OCS; Software Engineer II; 85-140k; 4/24/26;Open; 4/24/26;; https://www.glassdoor.com/job-listing/software-engineer-ii-osc-global-JV_KO0,20_KE21,31.htm?jl=1010111526471&utm_source=jobalert&utm_medium=email&utm_content=ja-jobpos9-agept-1010111526471&utm_campaign=jobAlertAlert&tgt=GD_JOB_VIEW&src=GD_JOB_AD&uido=7A57A36BECDA9E413E76BB41CD0D8A0B&ao=1136043&jrtk=5-yul1-0-1jmvukb5qgqop802-14bd4b5c1e2c16ed&cs=1_a829326f&s=224&t=JA&pos=109&ja=378462087&guid=0000019dbfdd6b09b722e2a9591a70fb&jobListingId=1010111526471&ea=1&vt=e&cb=1777041288702&ctt=1777049948969&srs=EMAIL_JOB_ALERT&gdir=1;;;
The Dignify Solutions, LLC; .Net Developer - Remote; 50/hr; 4/28/26;Open; 4/28/26;; https://www.dice.com/job-detail/2ce0c489-7e8b-49ab-928e-17125a67258b;;;
Alacrity Claims Solutions, LLC; Software Developer - Corporate; 100-130k; 4/28/26;Open; 4/28/26;; https://www.indeed.com/viewjob?jk=6dc664aaac6e934c&tk=1jn8csi53g8h58am&from=serp&vjs=3;;;
HealthMark Group; Senior Software Engineer; 120-140k; 4/28/26;Open; 4/28/26;; https://jobright.ai/jobs/info/69efbb3b16b2612c2a12b708?utm_source=1025&imp_id=3673496432511879909__digest_job_alert__1777395102407_5601&utm_medium=email;;;
Innova Solutions, Inc.; Software Developer 5; 80-90/hr; 4/29/26;Open; 4/29/26;; https://www.dice.com/job-detail/f1b2d383-6e4d-4735-8f3c-bd01574e688b?utm_source=job_alerts&utm_medium=email&utm_content=intellisearch&utm_campaign=10016128&%243p=e_iterable&_branch_match_id=1570481846204862811&_branch_referrer=H4sIAAAAAAAAAzWMSWrEMBBFT6PeeZLcbhMwIST0NYSGsl2JJkoy3uXsURsCtfj%2FPervpaT81nUWDbQqpdZh%2BOlEemd8FGkBiQVIaQe3CiLhhkE5eZBb9tcnEx%2BMP%2Bud59leGyb6Wr%2BjbiwUha6WddDcilk0E4y2GR%2Fi3syrMI22%2FXB%2FjDDNs2bieRQvczzIABNfdUAqB1Qy49PLeLB4%2BGrAX6sXNDEUCKVSrME5zKDI7P9W%2BaRwC1UPfT9MA59vvwQrEGHYpKZ4ZqDlc6fo4Q9L5x4vCQEAAA%3D%3D;;;
HSi; Full Stack Software Developer - Backend-focused; ; 4/29/26; Rejected; 5/4/2026;; https://www.linkedin.com/jobs/view/4407533889/?trackingId=hbvDTdUupPZzeMpoYVbjcA%3D%3D&refId=eHga7vE5FfgVbsy0%2F3U7Sw%3D%3D&midToken=AQE_3XQkBAKpjA&midSig=1kGxnrSs5E2cg1&trk=eml-email_jobs_facet_suggestions-JOBS_POSTING_SECTION_2-0-job_card_0_jobid_4407533889_sectionid_293002_fmid_mw6pip~mok11jdx~gd&trkEmail=eml-email_jobs_facet_suggestions-JOBS_POSTING_SECTION_2-0-job_card_0_jobid_4407533889_sectionid_293002_fmid_mw6pip~mok11jdx~gd-null-mw6pip~mok11jdx~gd-null-null&eid=mw6pip-mok11jdx-gd&otpToken=MTMwNjE2ZTQxMTJmY2ZjMWJkMmQwZmViNDExOWUwYjA4OWNiZDQ0NzkxYTY4YzZmN2JkYTAyNmU0ODVlNTlmMGZlZDRkY2ViMThlY2JlZjcwZmFmZDdhYjJkMzRhZTJjZmI3ZTg0YzcyNWM0NDcwM2Y3MjE1MDI5MzcsMSwx;;; Rejection Email received
Paladin Enviro Tech, LLC; ERP Solutions Analyst; 120-150k; 4/29/26; Rejected; 5/22/2026;; https://www.indeed.com/viewjob?jk=24ef2531b14da7ed&tk=1jnbudfa7jkgu801&from=jobi2a&advn=7908471939211620&adid=461132517&ad=-6NYlbfkN0DWfc0wqapSxZCTu6OiIgZM7AKCjTNNH6hb1dPorjpVXZE_p0c467B_z_E2_lszEllYMpBwlmtoG4oL26-2BOif8OeXzZG7GsQct9ab1sJSezQ-vKuryVN3DLP8_4KR43ZMbBo49VawUAh66DipCruJ9M8cltKg5uAkggeU8Cm0kSNlxoZQDq_m6PUpXfCuHaofvjTmtU5zveVU9c5DqdpaLjNPkrKeFoBMS48ifaPTnlnc8TtzWgu5eXhHfA3VqV0xt_Q-gzmlDpUMuTLJnuAQR1qJ6RlZOI6djiWzVi-zNyrcIzFqGbp6mbGVoM0hNiiZ1UhxJGmGoq_s9MXoZzk8CBlvaHHHbnyVgjnB_Mrlj-A25Zf26h5IHvb-u30oV1S57kpcto-_8cw5_0vnXtROevK3T3z4KJq2ArK_kDbHgObnewud6x-FaQJYWmbEEFeGXEvfTfbcByQkcIBFBPA7r6CY8Lcqy4FxOYC5BS12vDEZ2RjyVtJvj944mc7E2Wzh9kmMucZ7DBNHvlFVCHiJ4KhH6Ri9hS8qCgn7Ib7Rug3r5UPX0AJgZx2zbODWjZNx_1cLh5UcZz4O1nx71GDLfyADEnq_RRIxnspSRGRMY3BeBHl8ZRxH&pub=21d85ca573e478f5e659e48885c828920cace3277f6b99df&i2af=jobi2a_multijob-en-US_email&camk=C3EPSzFlQw-OhUna1RDGgg%3D%3D&jrtk=5-cmh1-1-1jnbudea4ksm5801-24ef2531b14da7ed&xkcb=SoAK6_M3kr06K3a47Z0DbzkdCdPP&xpse=SoB96_I3ksyu6zy4jJ0ObzkdCdPP&xfps=075100f7-e8da-418d-9f52-b39e85e5d5f9;;;
RLDatix; Software Engineer III; 115k; 4/29/26;Open; 4/29/26;; https://jobright.ai/jobs/info/69f1738decbc8c2f73205b70?utm_source=1121&imp_id=3673496432511879909__instant_push__1777432471500_4286&utm_medium=email;;;
AgreeYa Solutions; .Net Fullstack Developer; ; 4/29/26;Open; 4/29/26;; https://www.dice.com/job-detail/88933708-1841-4e74-89c0-0977e07bb509;;;
RisingSun Technologies; .NET Tech Lead; 55/hr; 4/29/26;Open; 4/29/26;; https://www.dice.com/job-detail/8c6c1852-1504-4951-b735-ee3976fd97f6;;;
Edi Matrix LLC; Application Architect (C#/.NET); ; 4/29/26;Open; 4/29/26;; https://www.dice.com/job-detail/a7d69432-b0fc-4940-a49b-99ed0c606191;;;
Apetan Consulting; Full Stack Application Developer (.NET)/Remote; ; 4/29/26;Open; 4/29/26;; https://www.dice.com/job-detail/1062ebce-49d7-46f8-8743-5dcf56391822;;;
Edify Technologies, Inc,; Software Developer (.NET); 40-45/hr; 4/19/26;Open; 4/19/26;; https://www.dice.com/job-detail/cc999d73-e71c-471c-ae9d-2f55a96208b1;;;
Growe; Senior .Net Developer; ; 4/29/26;Open; 4/29/26;; https://jobright.ai/jobs/info/69f1f9968d8d624381a9ea29?utm_source=1025&imp_id=3673496432511879909__digest_job_alert__1777479777802_4233&utm_medium=email;;;
IT Associates; Senior .NET FullStack Developer; ; 4/29/26;Open; 4/29/26;; https://jobright.ai/jobs/info/69f13b048d8d624381a9b201?utm_source=1025&imp_id=3673496432511879909__digest_job_alert__1777479777802_4233&utm_medium=email;;;
Sovos; Senior Software Engineer (.NET); ; 4/29/26;Open; 4/29/26;; https://jobright.ai/jobs/info/69f1296bb27fee43e8cd778e?utm_source=1025&imp_id=3673496432511879909__digest_job_alert__1777479777802_4233&utm_medium=email;;;
Lyric; Senior Software Engineer; ; 4/29/26;Open; 4/29/26;; https://www.glassdoor.com/job-listing/senior-software-engineer-lyric-JV_KO0,24_KE25,30.htm?jl=1010116574011&utm_source=jobalert&utm_medium=email&utm_content=ja-jobpos8-agept-1010116574011&utm_campaign=jobAlertAlert&tgt=GD_JOB_VIEW&src=GD_JOB_AD&uido=7A57A36BECDA9E413E76BB41CD0D8A0B&ao=1136043&jrtk=5-yul1-0-1jncsimrqgqqd800-138d5738bd78af3a&cs=1_c4234c63&s=224&t=JA&pos=108&ja=378462087&guid=0000019dd99d39fcb5e39bb390efc1c8&jobListingId=1010116574011&vt=e&cb=1777475345579&ctt=1777482891946&srs=EMAIL_JOB_ALERT&gdir=1;;;
Prime Team Partners; Senior Software Engineer; 120-140k; 4/29/26;Open; 4/29/26;; https://www.linkedin.com/jobs/view/4407493259/?trackingId=Qxkg2svvJHNlZbyqfj4%2Fqw%3D%3D&refId=vwNFffxHn%2B2%2FgLgT3mf%2BTw%3D%3D&midToken=AQE_3XQkBAKpjA&midSig=1MD1ezMNiI2sg1&trk=eml-email_job_alert_digest_01-primary_job_list-0-jobcard_body_5_jobid_4407493259_ssid_15257593108_fmid_mw6pip~mokcltjt~vy&trkEmail=eml-email_job_alert_digest_01-primary_job_list-0-jobcard_body_5_jobid_4407493259_ssid_15257593108_fmid_mw6pip~mokcltjt~vy-null-mw6pip~mokcltjt~vy-null-null&eid=mw6pip-mokcltjt-vy&otpToken=MTMwNjE2ZTQxMTJmY2ZjMWJkMmQwZmViNDExOWUwYjA4N2NhZDg0OTlmYWE4ZjZmN2JkYTAyNmU0ODVlNTlmMGZlZDRkY2ViMThjNWY5ZTY1Mjg4ZjI4MjNiMjNhYzA4ZWI0YTNkMGFkNTg3ZGQ2ZTA0OTNkOGVjMzAsMSwx;;;
SHI International; Sr. Software Engineer; 130-180k; 4/29/26;Open; 4/29/26;; https://www.glassdoor.com/job-listing/sr-software-engineer-shi-international-JV_KO0,20_KE21,38.htm?jl=1010114646852&utm_source=jobalert&utm_medium=email&utm_content=ja-jobpos3-age1d-1010114646852&utm_campaign=jobAlertAlert&tgt=GD_JOB_VIEW&src=GD_JOB_AD&uido=7A57A36BECDA9E413E76BB41CD0D8A0B&ao=1136043&jrtk=5-yul1-0-1jnav0fq42p45000-ae146d3ea8e6d143&cs=1_1e06ad77&s=224&t=JA&pos=103&ja=380629936&guid=0000019dd589eb3680704969b28e5af2&jobListingId=1010114646852&vt=e&cb=1777410785437&ctt=1777485282427&srs=EMAIL_JOB_ALERT&gdir=1;;;
Blu Omega; .Net Full Stack Developer; 120k; 4/29/26; Rejected; 5/22/2026;; https://jobright.ai/jobs/info/69f261daab4ec4779fff8c1c?utm_source=1121&imp_id=3673496432511879909__instant_push__1777492561785_7866&utm_medium=email;;;
Infinite Computer Solutions; Developer Lead; ; 4/29/26;Open; 4/29/26;; https://jobright.ai/jobs/info/69f23c758d8d624381a9fece?utm_source=1121&imp_id=3673496432511879909__instant_push__1777492561786_9346&utm_medium=email;;;
Pentasia; Senior Software Engineer; 150-250k; 5/4/26; Rejected; 5/22/2026;; https://www.linkedin.com/jobs/view/4402648805/?skipRedirect=true&trackingId=v2RtiS0ZVfV%2B61iKGlVEpw%3D%3D&refId=NZWkii0DHMmqP75gByAwLQ%3D%3D&midToken=AQE_3XQkBAKpjA&midSig=10wAcqwgbc9sg1&trk=eml-email_job_alert_digest_01-primary_job_list-0-jobcard_body_2_jobid_4402648805_ssid_15257593108_fmid_mw6pip~morht3cv~1o&trkEmail=eml-email_job_alert_digest_01-primary_job_list-0-jobcard_body_2_jobid_4402648805_ssid_15257593108_fmid_mw6pip~morht3cv~1o-null-mw6pip~morht3cv~1o-null-null&eid=mw6pip-morht3cv-1o&otpToken=MTMwNjE2ZTQxMTJmY2ZjMWJkMmQwZmViNDExOWUwYmQ4ZWM4ZDg0OTlmYWQ4YzY4N2JkYTAyNmU0ODVlNTlmMGZlZDRkY2ViMThlYWJjZmQ0MmI4YzBhMjNmZjE5NDA3NTQ4MmQ4OWMzMTg3ZDFlN2IwZWY4MDY5OWUsMSwx;;;
Syms Strategic Group, LLC (SSG); Senior software Systems Engineer (.Net/C# Developer); ; 5/4/26; Closed; 5/4/2026;; https://jobright.ai/jobs/info/69f8af7fa3d34b4f76f5d6b3?utm_source=1121&imp_id=3673496432511879909__instant_push__1777915831250_1228&utm_medium=email;;; Rejection email received
Concorde Inc.; Mid Level .Net Developer; 100-130k; 5/4/26;Open; 5/4/26;; https://jobright.ai/jobs/info/69d55be6cfdc6132f946185b?utm_source=1025&imp_id=3673496432511879909__digest_job_alert__1777915513459_9143&utm_medium=email;;;
SourceDirect Talent; Senior Software Developer; 170-190k; 5/4/26;Open; 5/4/26;; https://jobright.ai/jobs/info/69f82630a3d34b4f76f5c961?utm_source=1025&imp_id=3673496432511879909__digest_job_alert__1777915513459_9143&utm_medium=email;;;
OneStream Software; Senior Software Engineer I; 138-172k; 5/4/26;Open; 5/4/26;; https://www.linkedin.com/jobs/view/4407286154/?skipRedirect=true&trackingId=pVGflGpD%2FaYkQxToFaK9sg%3D%3D&refId=Ax56gApYDVPfjuV9KZgv3A%3D%3D&midToken=AQE_3XQkBAKpjA&midSig=2_zbMR6Xjs9cg1&trk=eml-email_job_alert_digest_01-primary_job_list-0-jobcard_body_3_jobid_4407286154_ssid_14583149772_fmid_mw6pip~mor98gsd~n0&trkEmail=eml-email_job_alert_digest_01-primary_job_list-0-jobcard_body_3_jobid_4407286154_ssid_14583149772_fmid_mw6pip~mor98gsd~n0-null-mw6pip~mor98gsd~n0-null-null&eid=mw6pip-mor98gsd-n0&otpToken=MTMwNjE2ZTQxMTJmY2ZjMWJkMmQwZmViNDExOWUwYmQ4ZmNjZDU0MDllYWM4YTY5N2JkYTAyNmU0ODVlNTlmMGZlZDRkY2ViMThiOWNhODc1ZWY5ZWJhYTM1OGExNWFmNzQwNTRhNjM4NWFiMTk2MGUzNjI5ZTJkNGUsMSwx;;;
3BEEES Technologies Inc; Software Developer - C#/Visual Basic (W2 Requirement); ;5/4/26;Open;5/4/26;; https://www.dice.com/job-detail/8837b64a-bbd5-4f4e-93af-9602ccec4aa4?utm_source=job_alerts&utm_medium=email&utm_content=intellisearch&utm_campaign=10016128&%243p=e_iterable&_branch_match_id=1579909737170103754&_branch_referrer=H4sIAAAAAAAAAzWMS2rEMBBET6PZ%2BSvF8QRMCAlzDdGS23Yn%2BtGW8S5nj8YQ6EXVe3RtOaf9rWlmslhDSrWj8NPI9C56JdOEmjIyGIe3AiLTSgGcPthN2%2FNTyA%2FRP8qd51lfGzb6Ur%2BjqWbMQK6UcZSvZlBQGTO%2FVGpRWN0lLNV9aHtr0SoAJeTjyF7v8WCLQn6VAQ0OOe%2BiH57G40yHLwb9tXpBG0PGkAulEpyjHYHt9m%2FBJ6A1FN21bTd0%2FXj7ZVyQmcKqDcdzR54%2BN44e%2FwDCwnD0CQEAAA%3D%3D;;;
Tripster; Senior Software Developer; 75-115k; 5/4/26;Open; 5/4/26;; https://www.dice.com/job-detail/777757e5-750d-458b-a531-8c5baf4e58d1?utm_source=job_alerts&utm_medium=email&utm_content=intellisearch&utm_campaign=10016128&%243p=e_iterable&_branch_match_id=1579909737170103754&_branch_referrer=H4sIAAAAAAAAAzWM2WrEMAxFv8bzltXxJBRCKS3zG8aLJlHrDdkhb%2F32egIVetC9B529lJTfus6igVal1DoMPx1P72yceFpBYgFS2sGtFpFww6CcPMit%2B%2BuT8Q82Puqe59leDhN9jd9RNxaKQlfDXEfMIJpZ9LaZxKIbJfjQLEZo9ZxALHZg%2FHEUL3M8yADjX1UglQMqmY33F%2FFg8fCVgL%2BsV2liKBBKbbEezmEGRWb%2Fp8onhVuoeOj74T6My%2B2X4AlEGDapKZ4ZaP3cKXr4AwM6cqwJAQAA;;;
SAIC; Sr. Software Systems Engineer (C#/.NET Developer) (2612080); 80-120k; 5/4/26; Rejected; 6/8/26;; https://www.dice.com/job-detail/53170c20-f943-45a0-8987-1a809df62324;;; Rejection Received
Brain Bolt Consulting; .Net Developer; 40-50/hr; 5/4/26;Open; 5/4/26;; https://www.dice.com/job-detail/0779f964-94b2-44a5-9611-8c8e76058ac0;;;
Aretum; ASP.NET Services Engineer; ; 5/4/26;Open; 5/4/26;; https://www.indeed.com/viewjob?jk=c26d3af6b4ba2d07&tk=1jnilvprg22up000&from=serp&vjs=3;;;
Consolidated Solutions; Senior .NET Developer; 110-132k; 5/4/26;Open; 5/4/26;; https://www.indeed.com/viewjob?cmp=Consolidated-Solutions&t=Senior+.NET+Developer&jk=c5dec8047658ff67&q=c%23&xpse=SoBG67I3k0alqFSSmZ0LbzkdCdPP&xfps=eb36af66-be80-4e09-b0fd-1610492f686b&xkcb=SoCf67M3k0aqHtyww50HbzkdCdPP&vjs=3;;;
Turtle Rock Studios; Tools Engineer; 95-125k; 5/4/26; Rejected; 5/29/26;; https://www.indeed.com/viewjob?jk=f63b63e34b2d911d&tk=1jnk9alhgg7e5800&from=serp&vjs=3;;; Rejection Received
InnovaIT Global LLC; Full Stack C# Web Developer with Sitecore; 50-55/hr; 5/4/26;Open; 5/4/26;; https://www.indeed.com/viewjob?cmp=InnovaIT-Global-LLC&t=Full+Stack+Developer&jk=9e82011dc75cabea&q=c%23&xpse=SoBH67I3k0a8GJSCnJ0LbzkdCdPP&xfps=c7f5b85b-39f1-410d-9ada-4b4ec58313c2&xkcb=SoDL67M3k0albNySpR0DbzkdCdPP&vjs=3;;;
Crowe; Senior Software Engineer - Enterprise Integrations; ; 5/4/26; Rejected; 5/22/2026;; https://www.linkedin.com/jobs/view/4363771764/?skipRedirect=true&trackingId=ECKnwf477MZvXdLgRhvdxA%3D%3D&refId=gGjqpwpM%2F27HB%2Bx21qh1PA%3D%3D&midToken=AQE_3XQkBAKpjA&midSig=3PBqVm1WN49Ig1&trk=eml-email_job_alert_digest_01-primary_job_list-0-jobcard_body_0_jobid_4363771764_ssid_14999231100_fmid_mw6pip~morm3fec~84&trkEmail=eml-email_job_alert_digest_01-primary_job_list-0-jobcard_body_0_jobid_4363771764_ssid_14999231100_fmid_mw6pip~morm3fec~84-null-mw6pip~morm3fec~84-null-null&eid=mw6pip-morm3fec-84&otpToken=MTMwNjE2ZTQxMTJmY2ZjMWJkMmQwZmViNDExOWUwYmQ4ZGNhZDE0MTkwYWM4ODZlN2JkYTAyNmU0ODVlNTlmMGZlZDRkY2ViMThjZmQzZjc3NDllYzk5NDMyYjcyZmFmOGY5YmExZDZjNTUxY2RlMzZmOWQ2NTc0OGYsMSwx;;;
Mindbank Consulting Group; Mid-Level Full Stack Developer (.NET/React); 100-110k;5/4/26;Open;5/4/26;; https://www.dice.com/job-detail/3c6244ed-ef63-4c5a-bcf9-a896745a645c;;;
ICF Consulting Group, Inc.; Software Engineer (.Net) - (Remote - US) (R2601533); 81-138k; 5/4/26;Open; 5/4/26;; https://www.dice.com/job-detail/7825c8f6-100b-457d-922a-eb3e2f1349a3;;;
McKesson Corporation; Sr. Software Developer, Warehouse Management Systems; 122-204k; 5/4/26;Open; 5/4/26;; https://www.dice.com/job-detail/a9ba4fec-0f60-4747-894f-31508ae9cbff;;;
Therapy Brands Thrive, LLC; Associate SDET; ; 5/4/26; Rejected; 5/22/2026;; https://www.indeed.com/viewjob?jk=0e70a511828acefc&tk=1jnqcedpvglim800&from=serp&vjs=3;;;
Taskr; Software Engineer; ; 5/4/26;Open; 5/4/26;; https://www.linkedin.com/jobs/view/4407862232/?skipRedirect=true&trackingId=QgtZYGelSteJc1qYstVxrg%3D%3D&refId=nnWUNhrFTiu7dedpv%2Bu8YA%3D%3D&eBP=CwEAAAGd8J21JMo3cxWdGtZOTvAmUhpkuNybC-HxpI94MIdax50WXrud2MrXCswa5INHDoXp5f3sZOG2Fy3LzWpbgi4G5tzxC22anVW3mvw6Yoj8h8GfvzkC9rkldXFOAZTKDqz_ZmGgtgEl5JuFPeVWEcg19klYsyLWocJaZ-2lhpYLgEXpqMsx_0_thI9nixEQ21vnTTaXGiZYx3hcld8MgPcZ-MS1Xp5AkovHEyRqrc6qKNQ14CpDUcFe3OphcgGy0NS1ImNdJmKCjEHhTL6RuO3MFTc5oIgwQx52i4YniAre4weN8jETiebvMwY-Eol5uQOvcdOF4o_h-OM9N-_4MBywI5Cc9L_x-THrz1fRgATZ2GDYYNc3mHxmpCMCpmHxb0R3e1L35jsGaVwlJqBFVQyIMeO3x-OZdQzWkR6I&midToken=AQE_3XQkBAKpjA&midSig=2L4cVRfecQ9Yg1&trk=eml-jobs_jymbii_digest-job_card-0-jobcard_body_4407862232&trkEmail=eml-jobs_jymbii_digest-job_card-0-jobcard_body_4407862232-null-mw6pip~moruo2b1~v7-null-null&eid=mw6pip-moruo2b1-v7&otpToken=MTMwNjE2ZTQxMTJmY2ZjMWJkMmQwZmViNDExOWUwYmQ4Y2M2ZDQ0OTljYWU4YTYzN2JkYTAyNmU0ODVlNTlmMGZlZDRkY2ViMThlZmU1ZjQ2MmE1ZDQ5ZjMwZmE1YzJkNTJlYWY1NjNhNjNjZDMxNWE1Yzg5NzRlOGIsMSwx;;;
Easy Reader Inc; Junior Software Engineer; 60-70/hr; 5/4/26;Open; 5/4/26;; https://www.glassdoor.com/job-listing/junior-software-engineer-easy-reader-JV_KO0,24_KE25,36.htm?jl=1010121788389&utm_source=jobalert&utm_medium=email&utm_content=ja-jobpos11-age2d-1010121788389&utm_campaign=jobAlertAlert&tgt=GD_JOB_VIEW&src=GD_JOB_AD&uido=7A57A36BECDA9E413E76BB41CD0D8A0B&ao=1136043&jrtk=5-yul1-0-1jnqo0sktkup4800-43ede25a709ef013&cs=1_00ea818b&s=224&t=JA&pos=111&ja=388890994&guid=0000019df51501ab9d04efb5f7f601fa&jobListingId=1010121788389&ea=1&vt=e&cb=1777940329421&ctt=1777941929959&srs=EMAIL_JOB_ALERT&gdir=1;;;
Alteryx; Software Engineer; 103-134k; 5/4/26; Rejected; 5/22/2026;; https://www.glassdoor.com/job-listing/software-engineer-alteryx-JV_KO0,17_KE18,25.htm?jl=1010117174963&utm_source=jobalert&utm_medium=email&utm_content=ja-jobpos5-age5d-1010117174963&utm_campaign=jobAlertAlert&tgt=GD_JOB_VIEW&src=GD_JOB_AD&uido=7A57A36BECDA9E413E76BB41CD0D8A0B&ao=1136043&jrtk=5-yul1-0-1jnqer4dgjn2o800-369dcb8958d4a392&cs=1_b1008547&s=224&t=JA&pos=105&ja=380629936&guid=0000019df47063f2a099397b9f9f182b&jobListingId=1010117174963&vt=e&cb=1777930703675&ctt=1777942001932&srs=EMAIL_JOB_ALERT&gdir=1;;;
Southwest Airlines; Software Engineer (R-2026-67599); 95-127k; 5/4/26; Closed; 5/4/2026;; https://www.glassdoor.com/job-listing/software-engineer-southwest-airlines-JV_IC1139977_KO0,17_KE18,36.htm?jl=1010121267631&utm_source=jobalert&utm_medium=email&utm_content=ja-jobpos7-age3d-1010121267631&utm_campaign=jobAlertAlert&tgt=GD_JOB_VIEW&src=GD_JOB_AD&uido=7A57A36BECDA9E413E76BB41CD0D8A0B&ao=1136043&jrtk=5-yul1-0-1jnqer4dgjn2o800-042c9624648e5202&cs=1_ae669fa7&s=224&t=JA&pos=107&ja=380629936&guid=0000019df47063f2a099397b9f9f182b&jobListingId=1010121267631&vt=e&cb=1777930703675&ctt=1777942014343&srs=EMAIL_JOB_ALERT&gdir=1;;; Rejection email received - Received in less than 10 minutes.  No way it was reviewed.
Nomad eCommerce; Full Stack Developer; 100-150k; 5/5/26;Open; 5/5/26;; https://jobright.ai/jobs/info/69f9ef23a3d34b4f76f62d75?utm_source=1121&imp_id=3673496432511879909__instant_push__1777989599845_5881&utm_medium=email;;;
Edgewater Federal Solutions, Inc.; AI Solutions Analyst; 92k; 5/5/26;Open; 5/5/26;; https://www.ziprecruiter.com/jobs/v2/eyJsaXN0aW5nX2tleSI6InJ4WWpnTE81TVNhZVE2S2cyQWhjRFEiLCJtYXRjaF9pZCI6IjAxOWRmNWNlLWVlODktNzE3MS05NzYyLTIyMjIzOWIwNDlkMCIsImJpZF90cmFja2luZ19kYXRhIjoiQUFGZ2d6Wk1Ia2IzdjVHZE5uUWxjNEF1RVhFV3BCQk12dEk0TVlDREpXZ0RRQ25EOC1JUGRDci1JYWpzX29yQ0pfbG56S1ROYUNCMnNGeFVjMjgiLCJzb3VyY2VfcGxhY2VtZW50X2lkIjozNzg1OH0=?tsid=111000275;;;
Public Building Authority (Knoxville); Information Systems Support Tech; 23.41/hr; 5/5/26;Open; 5/5/26;; https://www.ziprecruiter.com/jobseeker/home?lk=_UjOSleTrkg-UXNmFxheFg&mi=019df8e3-2e86-79b3-8401-762dbf112b37&btd=AAHjS0dfOOLT6UiEZnsLncS7NzqTAwi8GukatwbiNhdozOTiL6ereZVpAHhjCR_edf4bVo7ruhRvuHWKH3Y;;;
Kinaxis; Senior Software Developer, Scheduling; 102-150; 5/5/26; Rejected; 6/1/26;; https://jobright.ai/jobs/info/69f9650f0b36ff035475e5c9?utm_source=1121&imp_id=3673496432511879909__instant_push__1777954677408_2553&utm_medium=email;;; Rejection Received
Brandt Information Services; Senior Software Engineer Go Outdoors Payments; 95-110k; 5/5/26;Open; 5/5/26;; https://jobright.ai/jobs/info/69e639cef8fa2f3ec32a05da?utm_source=1121&imp_id=3673496432511879909__instant_push__1777949348725_2437&utm_medium=email;;;
Bold Penguin; Senior .NET Software Engineer; 100-147k; 5/5/26;Open; 5/5/26;; https://www.glassdoor.com/job-listing/senior-net-software-engineer-bold-penguin-JV_KO0,28_KE29,41.htm?jl=1010123152826&utm_source=jobalert&utm_medium=email&utm_content=ja-jobpos7-agept-1010123152826&utm_campaign=jobAlertAlert&tgt=GD_JOB_VIEW&src=GD_JOB_AD&uido=7A57A36BECDA9E413E76BB41CD0D8A0B&ao=1136043&jrtk=5-yul1-0-1jnsd9uijgb35800-f1e7a4e9273a8a16&cs=1_b59983f5&s=224&t=JA&pos=107&ja=378462087&guid=0000019df883e20da5e18c9e73d52d60&jobListingId=1010123152826&vt=e&cb=1777996200820&ctt=1777996399648&srs=EMAIL_JOB_ALERT&gdir=1;;;
BAE Systems USA; Software Engineer (MES Systems) - Remote; 79-135k; 5/5/26; Rejected; 5/22/2026;; https://www.glassdoor.com/job-listing/software-engineer-mes-systems-remote-bae-systems-JV_IC1147911_KO0,36_KE37,48.htm?jl=1010117438424&utm_source=jobalert&utm_medium=email&utm_content=ja-jobpos8-age5d-1010117438424&utm_campaign=jobAlertAlert&tgt=GD_JOB_VIEW&src=GD_JOB_AD&uido=7A57A36BECDA9E413E76BB41CD0D8A0B&ao=1136043&jrtk=5-yul1-0-1jnsd9uijgb35800-e677dbb3e0344758&cs=1_fa8200a0&s=224&t=JA&pos=108&ja=378462087&guid=0000019df883e20da5e18c9e73d52d60&jobListingId=1010117438424&vt=e&cb=1777996200820&ctt=1777996406531&srs=EMAIL_JOB_ALERT&gdir=1;;;
Zocalo Health; Senior Software Engineer; 170-180k; 5/5/26;Open; 5/5/26;; https://www.glassdoor.com/job-listing/senior-software-engineer-z%C3%B3calo-health-JV_KO0,24_KE25,38.htm?jl=1010122825330&utm_source=jobalert&utm_medium=email&utm_content=ja-jobpos11-agejp-1010122825330&utm_campaign=jobAlertAlert&tgt=GD_JOB_VIEW&src=GD_JOB_AD&uido=7A57A36BECDA9E413E76BB41CD0D8A0B&ao=1136043&jrtk=5-yul1-0-1jnqer4dgjn2o800-8270c41f936f7bd2&cs=1_e9e516d3&s=224&t=JA&pos=111&ja=380629936&guid=0000019df47063f2a099397b9f9f182b&jobListingId=1010122825330&vt=e&cb=1777930703675&ctt=1777942039726&srs=EMAIL_JOB_ALERT&gdir=1
Precision Technologies; .NET Developer (Full-Time) She Returns e invite applications; ; 5/5/26;Open; 5/5/26;; https://www.linkedin.com/jobs/view/4409346759/?skipRedirect=true
Foley; Senior Software Engineer, Backend; ; 5/5/26;Open; 5/5/26;; https://jobright.ai/jobs/info/69d01f6fcdb525785fba7763?utm_source=1025&imp_id=3673496432511879909__digest_job_alert__1777998430221_6541&utm_medium=email
Integra Connect; Sr. Software Engineer - Cobol; 90-100k; 5/5/26;Open; 5/5/26;; https://jobright.ai/jobs/info/69fa1f57db88714bcdfc1410?utm_source=1121&imp_id=3673496432511879909__instant_push__1778009106395_3621&utm_medium=email
Eimagine; Senior Software Engineer - .NET; ; 5/5/26;Open; 5/5/26;; https://jobright.ai/jobs/info/69fa282fb1fc847fc1aee899?utm_source=1121&imp_id=3673496432511879909__instant_push__1778009106395_3621&utm_medium=email
Baylor Genetics; Sr. Software Engineer; ; 5/5/26;Open; 5/5/26;; https://www.linkedin.com/jobs/view/4401016171/?skipRedirect=true&trackingId=yuDbnToUxj4ll12I7kawsA%3D%3D&refId=Qm2MC%2BhkS%2FE6zfuHvhVgEw%3D%3D&midToken=AQE_3XQkBAKpjA&midSig=3JZ-i8tw7AaYg1&trk=eml-email_job_alert_digest_01-primary_job_list-0-jobcard_body_0_jobid_4401016171_ssid_14583149772_fmid_mw6pip~mot1j9g8~y8&trkEmail=eml-email_job_alert_digest_01-primary_job_list-0-jobcard_body_0_jobid_4401016171_ssid_14583149772_fmid_mw6pip~mot1j9g8~y8-null-mw6pip~mot1j9g8~y8-null-null&eid=mw6pip-mot1j9g8-y8&otpToken=MTMwNjE2ZTQxMTJmY2ZjMWJkMmQwZmViNDExOWVmYjQ4ZWNlZDQ0OTlhYTY4ODZmN2JkYTAyNmU0ODVlNTlmMGZlZDRkY2ViMThlNmZkYzAwZTllZDdjNTBiOGU3ZTI4YmQ4YzgzMjBjZTI3OGZhOWU2ODVmYzMxYzcsMSwx
Geonetric; Software Developer; 65-115k; 5/7/26; Rejected; 5/22/2026;; https://www.dice.com/job-detail/88d72f5e-2d54-4a31-8e12-2f9b702e3b9b
Y&L Consulting Inc,; Senior Software Developer (backend); ; 5/7/26;Open; 5/7/26;; https://www.dice.com/job-detail/a4d68d2e-1029-45ba-a78a-10e19bd58fca
Kendall Group; Software Engineer; 66112k; 5/7/26;Open; 5/7/26;; https://www.glassdoor.com/job-listing/software-engineer-iris-ia-JV_IC1144394_KO0,17_KE18,25.htm?jl=1010125124098&cs=1_a172f806&s=362&t=REC_JOBS&pos=102&src=GD_JOB_AD&guid=0000019dfaef4cc0951a1298a91f996d&uido=7A57A36BECDA9E413E76BB41CD0D8A0B&jobListingId=1010125124098&ao=1136043&vt=e&jrtk=5-yul1-1-1jo0us9neiudr800-fb81e89e6505c51c&cb=1778172285726&ctt=1778172302304
Gotham Technology Group; Senior Application Developer; ; 5/7/26;Open; 5/7/26;; https://www.linkedin.com/jobs/view/4410590628/?trk=eml-email_job_alert_digest_01-primary_job_list-0-jobcard_body_1_jobid_4410590628_ssid_14583149772_fmid_mw6pip~movweywf~wj&refId=wmJFAxnMjxOvbx7q%2Fw6MsA%3D%3D&trackingId=NRsjlkuE3ok6nvgu69Fekw%3D%3D
Intelex Technologies ULC; Software Developer; ; 5/7/26;Open; 5/7/26;; https://www.linkedin.com/jobs/view/4402229024/?trk=eml-email_job_alert_digest_01-primary_job_list-0-jobcard_body_3_jobid_4402229024_ssid_15257593100_fmid_mw6pip~movs4n4j~2k&refId=DkJoIdEhKfgqB%2BJDBeKxTg%3D%3D&trackingId=%2BqXpeGIShiniE%2FhzBogcsw%3D%3D
Xoriant; C# Software Engineer; ; 5/7/26;Open; 5/7/26;; https://jobright.ai/jobs/info/69fbf8b33160b250eb1bae50?utm_source=1025&imp_id=3673496432511879909__digest_job_alert__1778174100315_8533&utm_medium=email
Nasscomm; Senior .NET Backend Developer; ;5/7/26; Rejected; 5/22/2026;; https://jobright.ai/jobs/info/69fbda9238179b6f1ae7b1f9?utm_source=1025&imp_id=3673496432511879909__digest_job_alert__1778174100315_8533&utm_medium=email
Orion Innovation; Full Stack Engineer; ; 5/7/26;Open; 5/7/26;; https://jobright.ai/jobs/info/69fc9f7a938a651755f956f6?utm_source=1025&imp_id=3673496432511879909__digest_job_alert__1778174100315_8533&utm_medium=email
Navigate360; Senior .NET Engineer; ; 5/7/26;Open; 5/7/26;; https://jobright.ai/jobs/info/69fbf6763160b250eb1bab72?utm_source=1025&imp_id=3673496432511879909__digest_job_alert__1778174100315_8533&utm_medium=email
Stefanini Group; .Net Software Engineer; 50-60/hr; 5/7/26;Open; 5/7/26;; https://jobright.ai/jobs/info/69fbef5a3802c7621fd8e57c?utm_source=1025&imp_id=3673496432511879909__digest_job_alert__1778174100315_8533&utm_medium=email
System One; .NET Mainframe Developer; ; 5/7/26;Open; 5/7/26;; https://www.dice.com/job-detail/4d6dd98a-d683-4ded-8bf4-8c1d6d6819a1
Aspira; Senior software Engineer .NET; ; 5/7/26;Open; 5/7/26;; https://www.indeed.com/viewjob?jk=f3201135d0d7e294&tk=1jnvlvbqjgd2c800&from=serp&vjs=3
Datamaxx; Software Engineer - .NET /Full Stack; 76-100k; 5/7/26;Open; 5/7/26;; https://www.indeed.com/viewjob?cmp=Datamaxx&t=Full+Stack+Developer&jk=d3e2fa4ac92efc0e&q=c%23&xpse=SoBb67I3k_kqlNSLCB0LbzkdCdPP&xfps=6ebf45a5-f8c7-4909-8d6f-717c4f9b0850&xkcb=SoBM67M3k_jyWTSesZ0GbzkdCdPP&vjs=3
Marathon TS; Software Engineer (C# .NET Developer); 100-110k; 5/7/26;Open; 5/7/26;; https://www.indeed.com/viewjob?cmp=Marathon-TS&t=Software+Engineer&jk=17cc9402e708aa49&q=c%23&xpse=SoAZ67I3k_kh3hSLCB0LbzkdCdPP&xfps=e0bdd735-b1d8-49d6-ac56-c93bea0edca9&xkcb=SoDB67M3k_kkDySQ5R0KbzkdCdPP&vjs=3
Spectra Tech Inc; Software Engineer (job code 4275); ; 5/8/26;Open; 5/8/26;; https://www.ziprecruiter.com/jobs/v2/eyJsaXN0aW5nX2tleSI6ImxBSFg0SWstRE5jeVJrWUJRZmVNTFEiLCJtYXRjaF9pZCI6IjAxOWUwODc5LTI4NzYtN2VjNi1iMTM4LWU2NDhjYjVjYTgwOSIsImJpZF90cmFja2luZ19kYXRhIjoiQUFGYm5lRExObW8xOVhEeVYxQzJvc21SUXVmYVY4RzlreF9OSEV5bEtWamk2N0xWQ0dtUDNJcmc1ODZhYmNFY1dYNkY1RW5rIiwic291cmNlX3BsYWNlbWVudF9pZCI6NDMwMjR9?tsid=111000153
Hallmark; Sr. Software Engineer (Remote); 135k; 5/8/26; Rejected; 6/1/26; Rejection Received; https://www.glassdoor.com/job-listing/sr-software-engineer-remote-hallmark-marketing-company-JV_IC1131040_KO0,27_KE28,54.htm?jl=1010118447216&utm_source=jobactivity&utm_medium=email&utm_term=jobactcommodvar&utm_content=jas-recentjobs-jobpos2-noage-1010118447216&utm_campaign=jas&src=GD_JOB_AD&uido=7A57A36BECDA9E413E76BB41CD0D8A0B&ao=1136043&jrtk=5-yul1-3-1jo32v9ip2cs9g00&cs=1_085af7a9&s=239&t=JA&pos=108&guid=0000019e062fa644bff9a222e931bbe4&jobListingId=1010118447216&vt=e&cb=1778220246730&ctt=1778260379770&gdir=1
GovPilot (SDL); Senior software Engineer; ; 5/11/26;Open; 5/11/26;; https://www.linkedin.com/jobs/view/4398214021/?trk=eml-email_job_alert_digest_01-primary_job_list-0-jobcard_body_2_jobid_4398214021_ssid_15257593100_fmid_mw6pip~mp0b0uhb~9k&refId=eWoGhJfrGI6i%2FrdlWVVIVw%3D%3D&trackingId=hko%2BjZ2Rm4P1axy0l1gr6Q%3D%3D
Magna Legal Services; Senior Software Engineer; 160-180k; 5/11/26;Open; 5/11/26;; https://www.linkedin.com/jobs/view/4380953491/?trk=eml-email_jobs_facet_suggestions-JOBS_POSTING_SECTION_1-0-job_card_0_jobid_4380953491_sectionid_275008_fmid_mw6pip~mp16br5t~1t&refId=Ez0ghTpZmGqjGlfOI5TzCQ%3D%3D&trackingId=1iM34Do%2BYPdpxpBh1izuLw%3D%3D
OneWay; Software Engineer; 60-150k; 5/11/26;Open; 5/11/26;; https://www.glassdoor.com/job-listing/software-engineer-oneway-JV_KO0,17_KE18,24.htm?jl=1010127956251&utm_source=jobalert&utm_medium=email&utm_content=ja-jobpos3-age2d-1010127956251&utm_campaign=jobAlertAlert&tgt=GD_JOB_VIEW&src=GD_JOB_AD&uido=7A57A36BECDA9E413E76BB41CD0D8A0B&ao=1136043&jrtk=5-yul1-0-1joa6g544h70i801-fd020c83c4e8f580&cs=1_812b9af2&s=224&t=JA&pos=103&ja=388890994&guid=0000019e13fa9045ac4e5e2f8282b90d&jobListingId=1010127956251&ea=1&vt=e&cb=1778458826083&ctt=1778505662439&srs=EMAIL_JOB_ALERT&gdir=1
Point Software Solutions; Software Engineer; 25-50/hr; 5/11/26;Open; 5/11/26;; https://www.glassdoor.com/job-listing/software-engineer-point-software-solutions-JV_KO0,17_KE18,42.htm?jl=1010127204483&utm_source=jobalert&utm_medium=email&utm_content=ja-jobpos6-age2d-1010127204483&utm_campaign=jobAlertAlert&tgt=GD_JOB_VIEW&src=GD_JOB_AD&uido=7A57A36BECDA9E413E76BB41CD0D8A0B&ao=1136043&jrtk=5-yul1-0-1jo9ob8l8g36p800-c2998bb8d545f60c&cs=1_40f0a0ac&s=224&t=JA&pos=106&ja=380629936&guid=0000019e135619b4bb8421461817db0a&jobListingId=1010127204483&ea=1&vt=e&cb=1778443985830&ctt=1778507137971&srs=EMAIL_JOB_ALERT&gdir=1
Progressive Insurance; Software Developer Mid or Senior; 98-137k; 5/11/26;Open; 5/11/26;; https://jobright.ai/jobs/info/6a02022b238f143e8352fc68?utm_source=1121&imp_id=3673496432511879909__instant_push__1778517068235_1850&utm_medium=email
StorSuite; Senior .NET Engineer (Microservices & API Integrations); ; 5/11/26;Open; 5/11/26;; https://jobright.ai/jobs/info/6a0197fafa1aa73213d93b07?utm_source=1121&imp_id=3673496432511879909__instant_push__1778517068235_4423&utm_medium=email
Olivine, Inc; .NET Software Developer; ; 5/11/26;Open; 5/11/26;; https://jobright.ai/jobs/info/6a01e49b3053db70a1172fab?utm_source=1025&imp_id=3673496432511879909__digest_job_alert__1778517146242_8492&utm_medium=email
Konexial Inc.; Backend Web Developer; 20-30/hr (WTF??); 5/11/26;Open; 5/11/26; Very low rate, but willing to hear more about them as they are in Knoxville.  Konexial.com; https://www.ziprecruiter.com/jobs/v2/eyJsaXN0aW5nX2tleSI6IkUxeFNhTkVlcWhvZUxyZGY1ZFJITHciLCJtYXRjaF9pZCI6IjAxOWUxN2U1LTAxODctN2YwMC1iN2VhLWIyYTljMWY0NzdhMSIsImJpZF90cmFja2luZ19kYXRhIjoiQUFITEZJdzZhMDdTbUpYamtoZ2Ztd3ozM1puV3FwcjJ3WmJfb2VCanA1MTktRmlDOGdHLXQ1OHpmbjlmdE1CRlh3cEl1LWk3Iiwic291cmNlX3BsYWNlbWVudF9pZCI6NDMwMjR9?tsid=111000153
OptimHire; Senior Backend Software Engineer .NET/AWS (514 @ Ubiminds; ; 5/11/26;Open; 5/11/26;; https://opty.in/bnlJCB8
Lifelancer; Back End (C# .NET) Software Engineer; ; 5/11/26;Open; 5/11/26;; optimhire.com
Rockwell Automation; Senior Software Engineer (C#/SQL) - Plex; ; 5/11/26;Open; 5/11/26;; https://www.dice.com/job-detail/d8a5558a-bc6c-46c9-974e-51bf7b0d21c6
Accenture; COBOL Developer 6292208; 50-60/hr; 5/14/26; Rejected; 5/22/2026;; https://www.indeed.com/viewjob?jk=17a84e8c2390da13&tk=1jof0do1egq69800&from=serp&vjs=3
Tech Holding; Senior .NET Engineer (Contract); ; 5/14/26;Open; 5/14/26;; https://www.indeed.com/viewjob?jk=ae4f80c1d1fb4cbc&tk=1joi0lg7ggdmm801&from=serp&vjs=3
ImagineX Consulting; Backend Technical Lead; ; 5/14/26;Open; 5/14/26;; https://www.indeed.com/viewjob?jk=de8a141ddf3f8bdd&tk=1joi0lg7ggdmm801&from=serp&vjs=3
Opendorse; Full-Stack Software Engineer (.NET/React); ; 5/1/26;Open; 5/1/26;; https://www.indeed.com/viewjob?jk=5c6169632aba3a53&tk=1joi0na68gksg800&from=serp&vjs=3
Talent Software Services - Prabhdeep Singh; Mainframe Programmer Remote Role - State of SC; ; 5/14/26;Open; 5/14/26;; prabhdeep@talentemail.com
Skillable; Senior Software Engineer; 130-150k; 5/14/26; Rejected; 5/22/2026;; https://www.glassdoor.com/job-listing/senior-software-engineer-skillable-JV_KO0,24_KE25,34.htm?jl=1009617313694&utm_source=jobalert&utm_medium=email&utm_content=ja-jobpos9-age1d-1009617313694&utm_campaign=jobAlertAlert&tgt=GD_JOB_VIEW&src=GD_JOB_AD&uido=7A57A36BECDA9E413E76BB41CD0D8A0B&ao=1136043&jrtk=5-yul1-0-1jojeimqvj71i800-1f27764513ecd7e7&cs=1_cf62c992&s=224&t=JA&pos=109&ja=378462087&guid=0000019e26dcfe40a7caab3a401bec6a&jobListingId=1009617313694&vt=e&cb=1778769288327&ctt=1778781996502&srs=EMAIL_JOB_ALERT&gdir=1
Dayforce; Software Developer III; 77-137k; 5/14/26;Open; 5/14/26;; https://www.linkedin.com/jobs/view/4413075094/?trk=eml-email_job_alert_digest_01-primary_job_list-0-jobcard_body_2_jobid_4413075094_ssid_14583149764_fmid_mw6pip~mp4crs4a~xt&refId=zdCzNqaIb4LuTlLsPfuA9A%3D%3D&trackingId=%2F1LIe%2FfA%2Bn8x9WT41kAP%2Bg%3D%3D
Rec Gen; Software Engineer; ; 5/14/26;Open; 5/14/26;; https://www.linkedin.com/jobs/view/4413761412/?trk=eml-email_job_alert_digest_01-primary_job_list-0-jobcard_body_1_jobid_4413761412_ssid_14583149764_fmid_mw6pip~mp5jmzi8~6a&refId=3fAo4%2F19g7pDKUUKWa%2Bt0Q%3D%3D&trackingId=7c42JnUwpeAMBRrBNNDWuw%3D%3D
Andersen Inc.; Backend Developer (.NET) in the USA; 42-55k (WTF??); 5/14/26;Open; 5/14/26;; https://www.dice.com/job-detail/30ee8d9c-89ed-45b7-90e3-7feb33e77a11
InfoPeople Corp; FullStack Developer; 60-65/hr; 5/14/26;Open; 5/14/26;; https://www.dice.com/job-detail/0a51441d-6433-4b59-b21c-5d9ef0dace31
Inflow Federal; Software Engineer; ; 5/14/26;Open; 5/14/26;; https://www.indeed.com/viewjob?jk=d9e6e5e46c0676fc&tk=1jof0ch6rgiml803&from=serp&vjs=3
One Identity; Senior Software Engineer (Backend) Job ID 2026-13142; ; 5/15/26; Rejected; 5/22/2026;; https://jobright.ai/jobs/info/6a068d69bc4184089f2505e6?utm_source=1121&imp_id=3673496432511879909__instant_push__1778817906834_7843&utm_medium=email
CharityEngine; Senior .NET Software Developer; 120-150k; 5/15/26;Open; 5/15/26;; https://jobright.ai/jobs/info/6a059027a88ea73abf7f2044?utm_source=1121&imp_id=3673496432511879909__instant_push__1778817906834_5359&utm_medium=email
HungerRush; Software Engineer II; ; 5/15/26; Rejected; 5/22/2026;; https://jobright.ai/jobs/info/6a0618dfbc4184089f24b126?utm_source=1121&imp_id=3673496432511879909__instant_push__1778817906834_5359&utm_medium=email
Qualitest; .NET / WinForms Developer; ; 5/15/26;Open; 5/15/26;; https://jobright.ai/jobs/info/6a06416e7c753c287f7012ff?utm_source=1121&imp_id=3673496432511879909__instant_push__1778817906834_5359&utm_medium=email
General Motors; Senior Integration Lead - GM Motorsports (JR-202603971) (Remote in Concord NC?);   ; 5/15/26; Rejected; 5/29/26; Rejection Received; https://www.dice.com/job-detail/830e4055-1fd7-449b-8061-2ccbe5a93ed8
Clearwaters.IT; Senior .NET Developer; 125-135k; 5/14/26;Open; 5/14/26;; https://www.indeed.com/viewjob?jk=81606874579a6000&tk=1jof0ch6rgiml803&from=serp&vjs=3
Verisma; Software Engineer; 110-125k; 5/15/26;Open; 5/15/26;; https://www.indeed.com/viewjob?jk=1ce65b39e6b70a77&tk=1jof0do1egq69800&from=serp&vjs=3
Sanametrix; Senior .Net Developer; 160-180k; 5/15/26; Rejected; 5/22/2026;; https://www.glassdoor.com/job-listing/senior-net-developer-sanametrix-JV_KO0,20_KE21,31.htm?jl=1010134316516&utm_source=jobalert&utm_medium=email&utm_content=ja-jobpos1-age1d-1010134316516&utm_campaign=jobAlertAlert&tgt=GD_JOB_VIEW&src=GD_JOB_AD&uido=7A57A36BECDA9E413E76BB41CD0D8A0B&ao=1110586&jrtk=5-yul1-0-1jom1gl3mia5p800-6e0cd3be5db4c558---6NYlbfkN0CyQKdz8_lqdlgY-c-amsQST66Z8QjChsyYA8vzcGklWAhCJIzjv5ewRpMaX5jwO7acmX6Qoqfz4bm_yUymadbgUSeIVQrHgICF04NcIPVDjbGaa36zbvFRXlP9uPMEP6LUMgFWojHXm8FwF7pG5MJaawkLK36WKNEHHcWcaSPSjZYO0BmkXmSvmG1elDS1F0gw3OYo1weeRT74Eic3Tz58-sYMW9haxNVMu-GCdBZTJD5cMyqX7lmndCVUTnsOKJHD5u_wNjvOFyVroxM8N8IvhowDBZIMjmgRD3XuXCoaea7XRLDhOG9YMA4dCJWhWYDaxnM4LSX14kiEiP3kOTTwTKpok6SBcUhTjFNV18rYnrREGDr6P8JMRBOFTAQ8ehN12WfnSEgAaY3mX3VZXEjCF1yeqTE4jyR1ik317d0OCbiLmW2X-qQnjbE_rwuUCFHr4KEtv41c7l3ptKDb_R807XkM5d76fn_-5ZA_CkNPdDJPM4Mj2aBN8anwxttEvCDBxBx33ufdeDBRfnXrhIvAX_6FaAiS8AYOoV-eI2dw2PedOCjIL7VewMuV4vZmklaWHjQEijKwbbf3zi82zGhcH_b9e_Zw_EglJmOq8-ADAXRxvF1c8PuUj0TighD2xhdRIqVeJR_Kh5gQ7O9mx1_3bIfrjGnkVlMe8p3WNhZK-9wSLFIFSIqf6Kwx9nxBhPZwgr3hipYBP9laL0WMmRl7EQlrxSwJoP0p_G4GKWllTD4_nZ7Kz0iwgn2k1n1lcagErkqj1oOWBpr29EBrpKsiuGZUFBzRjKMFU4Nlv5rVD6yJJEV0QKbHSC2mGhKyUne3vX1wXooHUN_-mGYW77jFm-sIKlncNew%3D&cs=1_8a34738e&s=224&t=JA&pos=101&cpc=9908D8D4413DBB8A&ja=399775333&guid=0000019e2c03c025ae84e2eae6553e71&jobListingId=1010134316516&ea=1&vt=e&cb=1778856252762&ctt=1778858756000&srs=EMAIL_JOB_ALERT&gdir=1
HealthEdge; Senior Software Engineer; ;5/18/26;Open;5/18/26;; https://www.linkedin.com/jobs/view/4397396926/?trk=eml-email_job_alert_digest_01-primary_job_list-0-jobcard_body_1_jobid_4397396926_ssid_15257593108_fmid_mw6pip~mpb9edle~e4&refId=G17TzIoDT2YD3DApj4efYg%3D%3D&trackingId=m2yPMvhonzk4xxQu12jOpg%3D%3D
Cross River; Senior Software Engineer; 160-200k; 5/18/26; Rejected; 5/22/2026;; https://www.linkedin.com/jobs/view/4375616627/?trk=eml-email_job_alert_digest_01-primary_job_list-0-jobcard_body_2_jobid_4375616627_ssid_15257593108_fmid_mw6pip~mpb9edle~e4&refId=G17TzIoDT2YD3DApj4efYg%3D%3D&trackingId=NEmelxIx%2BaMI84BxIRAA4g%3D%3D
Finance of America; Software Developer Senior (SOFTW006609); ; 5/19/26;Open; 5/19/26;; https://jobright.ai/jobs/info/6a0b5ed2538d03366dc84bad?utm_source=1025&imp_id=3673496432511879909__digest_job_alert__1779207280226_8243&utm_medium=email
Nexaminds; AHC - Sr. Fullstack Enginer (C#, .NET, React, AI); ; 5/19/26;Open; 5/19/26;; https://jobright.ai/jobs/info/6a0baa734d932036368731d6?utm_source=1025&imp_id=3673496432511879909__digest_job_alert__1779207280226_8243&utm_medium=email
Aerostrat; Senior Software Engineer (Full-Stack); ; 5/19/26; Rejected; 6/5/26; Rejection Received; https://jobright.ai/jobs/info/6a0bc69c0411d7417a1b3fc6?utm_source=1025&imp_id=3673496432511879909__digest_job_alert__1779207280226_8243&utm_medium=email
BrothersTech; Dotnet Developer; ; 5/19/26;Open; 5/19/26;; https://jobright.ai/jobs/info/6a0b89b822d0d34036c8d88a?utm_source=1025&imp_id=3673496432511879909__digest_job_alert__1779207280226_8243&utm_medium=email
Infobahn Softworld Inc; Dotnet Developer; ; 5/19/26; Rejected; 5/22/2026;; https://jobright.ai/jobs/info/6a0b89b822d0d34036c8d88a?utm_source=1025&imp_id=3673496432511879909__digest_job_alert__1779207280226_8243&utm_medium=email
Seneca Resources; Software Developer III (179114498590); ; 5/19/26; Rejected; 5/22/2026;; https://jobright.ai/jobs/info/6a0b3bbb538d03366dc82e6e?utm_source=1025&imp_id=3673496432511879909__digest_job_alert__1779207280226_8243&utm_medium=email
McKeeson; Software Development Engineer (JR0147128); 116-193k; 5/19/26; Rejected; 5/22/2026;; https://jobright.ai/jobs/info/6a0b7326963f7a67d95cfda7?utm_source=1025&imp_id=3673496432511879909__digest_job_alert__1779207280226_8243&utm_medium=email
HealthEquity; Software Engineer II; 92-117k; 5/19/26; Rejected; 5/22/2026;; https://www.linkedin.com/jobs/view/4374328664/?trk=eml-email_job_alert_digest_01-primary_job_list-0-jobcard_body_1_jobid_4374328664_ssid_14583149764_fmid_mw6pip~mpct4jkw~12&refId=8BHzwaje8o%2BXifDMn4YlDQ%3D%3D&trackingId=ZScpGVFWQOoPnGT5RGPt9A%3D%3D
Zone 5 Technologies; Software Applications Engineer III/IV; 135-192k; 5/19/26; Rejected; 5/29/26; Rejection Received; https://www.linkedin.com/jobs/view/4411758361/?trk=eml-email_job_alert_digest_01-primary_job_list-0-jobcard_body_3_jobid_4411758361_ssid_14583149764_fmid_mw6pip~mpct4jkw~12&refId=8BHzwaje8o%2BXifDMn4YlDQ%3D%3D&trackingId=0jr%2F4VcGnX15Z5CqmQc1Lg%3D%3D
BJC HealthCare; Software Developer; 110-145k; 5/19/26;Open; 5/19/26;; https://www.glassdoor.com/job-listing/software-developer-bjc-healthcare-JV_KO0,18_KE19,33.htm?jl=1010138364325&utm_source=jobalert&utm_medium=email&utm_content=ja-jobpos1-agept-1010138364325&utm_campaign=jobAlertAlert&tgt=GD_JOB_VIEW&src=GD_JOB_AD&uido=7A57A36BECDA9E413E76BB41CD0D8A0B&ao=1136043&jrtk=5-yul1-0-1jp0bjrtsm93i800-2658bbd439b05621&cs=1_9a0bb776&s=224&t=JA&pos=101&ja=399775333&guid=0000019e409ca1dbb8ee6e632e5620e3&jobListingId=1010138364325&ea=1&vt=e&cb=1779202388122&ctt=1779208870336&srs=EMAIL_JOB_ALERT&gdir=1
Regent University; Software Engineer; 67-107k; 5/19/26;Open; 5/19/26;; https://www.glassdoor.com/job-listing/software-engineer-regent-university-JV_IC1130324_KO0,17_KE18,35.htm?jl=1010134816266&utm_source=jobalert&utm_medium=email&utm_content=ja-jobpos4-age4d-1010134816266&utm_campaign=jobAlertAlert&tgt=GD_JOB_VIEW&src=GD_JOB_AD&uido=7A57A36BECDA9E413E76BB41CD0D8A0B&ao=1136043&jrtk=5-yul1-0-1jp0bjrtsm93i800-d93ea6672fc7de92&cs=1_0fd2bf95&s=224&t=JA&pos=104&ja=399775333&guid=0000019e409ca1dbb8ee6e632e5620e3&jobListingId=1010134816266&vt=e&cb=1779202388119&ctt=1779208883130&srs=EMAIL_JOB_ALERT&gdir=1
Upland Capital Group; Quality Assurance & Test Engineer - Contract Assignment - Remote; 50-65/hr; 5/19/26;Open; 5/19/26;; https://www.glassdoor.com/job-listing/quality-assurance-test-engineer-contract-assignment-remote-upland-capital-group-JV_KO0,58_KE59,79.htm?jl=1010138656971&utm_source=jobalert&utm_medium=email&utm_content=ja-jobpos9-agept-1010138656971&utm_campaign=jobAlertAlert&tgt=GD_JOB_VIEW&src=GD_JOB_AD&uido=7A57A36BECDA9E413E76BB41CD0D8A0B&ao=1136043&jrtk=5-yul1-0-1jp0bjrtsm93i800-4deccc0c7d8dc171&cs=1_167ac40c&s=224&t=JA&pos=109&ja=399775333&guid=0000019e409ca1dbb8ee6e632e5620e3&jobListingId=1010138656971&ea=1&vt=e&cb=1779202388123&ctt=1779208916565&srs=EMAIL_JOB_ALERT&gdir=1
Hii; DSCA .Net Core Developer (Software Engineer) (28637); 80-150k; 5/19/26;Open; 5/19/26;; https://www.glassdoor.com/job-listing/dsca-net-core-developer-software-engineer-hii-JV_IC1130337_KO0,41_KE42,45.htm?jl=1010138544993&utm_source=jobalert&utm_medium=email&utm_content=ja-jobpos12-agept-1010138544993&utm_campaign=jobAlertAlert&tgt=GD_JOB_VIEW&src=GD_JOB_AD&uido=7A57A36BECDA9E413E76BB41CD0D8A0B&ao=1136043&jrtk=5-yul1-0-1jp0bjrtsm93i800-4f13e331809e2b91&cs=1_259227c6&s=224&t=JA&pos=112&ja=399775333&guid=0000019e409ca1dbb8ee6e632e5620e3&jobListingId=1010138544993&vt=e&cb=1779202388119&ctt=1779208930026&srs=EMAIL_JOB_ALERT&gdir=1
Digital Cloak; Senior Software Developer; 127-137k; 5/19/26;Open; 5/19/26;; https://www.glassdoor.com/job-listing/senior-software-developer-digital-cloak-JV_KO0,25_KE26,39.htm?jl=1010138643550&utm_source=jobalert&utm_medium=email&utm_content=ja-jobpos8-agept-1010138643550&utm_campaign=jobAlertAlert&tgt=GD_JOB_VIEW&src=GD_JOB_AD&uido=7A57A36BECDA9E413E76BB41CD0D8A0B&ao=1136043&jrtk=5-yul1-0-1jp0b7fhah74s800-df90614b980f8ae1&cs=1_09abd0f0&s=224&t=JA&pos=108&ja=378462087&guid=0000019e409c91cd994fe1e44144563d&jobListingId=1010138643550&vt=e&cb=1779201982270&ctt=1779209023347&srs=EMAIL_JOB_ALERT&gdir=1
CGI; Automation, Reporting, & Content Development Engineer (J0526-1362); ; 5/19/26;Open; 5/19/26;; https://clients.njoyn.com/corp/xweb/xweb.asp?NTKN=c&page=login&BRID=1300972&jobid=J0526-1362
LuminDigital; Software Engineer; ; 5/19/26;Open; 5/19/26;; https://jobs.lever.co/LuminDigital/b033b735-ba2c-4d2f-a94d-e9ee9a1144a5/apply
Chainguard; Senior Software Engineer (.NET); 157-184k ; 5/19/26; Rejected; 5/29/26; Rejection Received; https://job-boards.greenhouse.io/chainguard/jobs/4672909006
Populate; Senior .NET Software Engineer; ; 5/19/26;Open; 5/19/26;; https://job-boards.greenhouse.io/applytopopulate/jobs/4962891004
Baxter; Field Service Technician II - Knoxville (JR- 201331); 47-57k ; 5/21/26;Open; 5/21/26;; https://jobs.baxter.com/en/job/-/-/152/94975773792
Effervescent Consulting; Application Developer; 70-80/hr; 5/21/26;Open; 5/21/26;; https://www.glassdoor.com/Job/index.htm?utm_source=jobsForYou&utm_medium=email&utm_content=jobs-for-you-jobsForYou-jobpos2-age13d-1010126534543&utm_campaign=jobsForYou&src=GD_JOB_AD&uido=7A57A36BECDA9E413E76BB41CD0D8A0B&ao=1136043&jrtk=5-yul1-1-1jp5bgguogc1f800-8ee9d5f7500f5c8f&cs=1_85b07f77&s=362&t=REC_JOBS&pos=102&guid=0000019e42ec8b789e580b2ff46d3554&jobListingId=1010126534543&ea=1&rdforyou=true&vt=e&cb=1779370051340&gdir=1
Cyncly; .Net Developer; 75-110k; 5/21/26; Rejected; 5/22/2026;; https://fa-ewdg-saasfaprod1.fa.ocs.oraclecloud.com/hcmUI/CandidateExperience/en/sites/CynclyJobs/job/2512/?utm_medium=career+site&utm_source=job+alert
Infinity Software Development; Senior Software Engineer across a wide array of tech stacks; 80-125k; 5/21/26;Open; 5/21/26;; https://www.glassdoor.com/job-listing/senior-software-engineer-across-a-wide-array-of-tech-stacks-infinity-software-development-JV_KO0,59_KE60,89.htm?jl=1010140614690&utm_source=jobalert&utm_medium=email&utm_content=ja-jobpos10-agept-1010140614690&utm_campaign=jobAlertAlert&tgt=GD_JOB_VIEW&src=GD_JOB_AD&uido=7A57A36BECDA9E413E76BB41CD0D8A0B&ao=1136043&jrtk=5-yul1-0-1jp4bev52h74p800-07c4e4c98f3e484e&cs=1_eb0ce3de&s=224&t=JA&pos=110&ja=388890994&guid=0000019e477a256b9e9a788fed4c4225&jobListingId=1010140614690&ea=1&vt=e&cb=1779336445328&ctt=1779371023787&srs=EMAIL_JOB_ALERT&gdir=1
Edmunds.com (CarMax); Software Engineer; 125-159k; 5/21/26; Rejected; 6/1/26; Rejection Received; https://www.glassdoor.com/job-listing/software-engineer-edmunds-com-JV_IC1146873_KO0,17_KE18,29.htm?jl=1010141024587&utm_source=jobalert&utm_medium=email&utm_content=ja-jobpos4-agejp-1010141024587&utm_campaign=jobAlertAlert&tgt=GD_JOB_VIEW&src=GD_JOB_AD&uido=7A57A36BECDA9E413E76BB41CD0D8A0B&ao=1136043&jrtk=5-yul1-0-1jp48vb7t22rq001-7eb0068bed2158fe&cs=1_2a209f1e&s=224&t=JA&pos=104&ja=402221199&guid=0000019e47435cff8b919bd88f28e83b&jobListingId=1010141024587&ea=1&vt=e&cb=1779333836438&ctt=1779371089217&srs=EMAIL_JOB_ALERT&gdir=1
Subaru of America Inc.; Sr. Software Engineer; 116-127k; 5/21/26;Open; 5/21/26;; https://www.glassdoor.com/job-listing/sr-software-engineer-subaru-of-america-JV_IC1127087_KO0,20_KE21,38.htm?jl=1010139586159&utm_source=jobalert&utm_medium=email&utm_content=ja-jobpos5-age1d-1010139586159&utm_campaign=jobAlertAlert&tgt=GD_JOB_VIEW&src=GD_JOB_AD&uido=7A57A36BECDA9E413E76BB41CD0D8A0B&ao=1136043&jrtk=5-yul1-0-1jp48vb7t22rq001-d6bedb23ecbbc9a4&cs=1_bccdeaef&s=224&t=JA&pos=105&ja=402221199&guid=0000019e47435cff8b919bd88f28e83b&jobListingId=1010139586159&vt=e&cb=1779333836434&ctt=1779371096089&srs=EMAIL_JOB_ALERT&gdir=1
Mouri Tech; Senior Software Engineer I (Sr .NET Developer) : 100% REMOTE; ; 5/21/26;Open; 5/21/26;;
Tria Federal; Sr. .NET Developer; ; 5/21/26;Open; 5/21/26;; https://jobright.ai/jobs/info/6a0e62f547fea1610bca9df5?utm_source=1121&imp_id=3673496432511879909__instant_push__1779329452232_2558&utm_medium=email
Benelynk; Sr.Software Engineer; 150-175k; 5/21/26;Open; 5/21/26;; https://www.indeed.com/viewjob?jk=16851f654e92fc20&tk=1jp3mofsjgie1803&from=serp&vjs=3
SIAA; Software Engineer; ; 5/21/26;Open; 5/21/26;; https://www.indeed.com/viewjob?jk=9b21a2bc266055c4&tk=1jp3mofsjgie1803&from=serp&vjs=3
Mind Computing; C#/.NET Developer (Remote Opportunity); 105-115k; 5/21/26; Rejected; 5/22/2026;; https://www.indeed.com/viewjob?jk=a94809c786949c48&tk=1jp3mqrrcgnkr801&from=serp&vjs=3
Clubessential; Software Engineer; ; 5/21/26;Open; 5/21/26;; https://www.indeed.com/viewjob?jk=2ab8e23664827927&tk=1jp3mru4dgnjf800&from=serp&vjs=3
Bloomerang; Software Engineer; 107-130; 5/21/26; Rejected; 5/26/26; Rejection received; https://jobright.ai/jobs/info/6a0e334080bf0430c762a940?utm_source=1121&imp_id=3673496432511879909__instant_push__1779318065917_6734&utm_medium=email
Codeworks IT Careers; Senior Software Engineer; ; 5/21/26; Rejected; 5/22/2026;; https://www.linkedin.com/jobs/view/4415665761/?trk=eml-email_job_alert_digest_01-primary_job_list-0-jobcard_body_2_jobid_4415665761_ssid_15257593108_fmid_mw6pip~mpd1p6y3~bx&refId=%2FVDfbZmbM%2FKOCu2%2BHkMUdw%3D%3D&trackingId=W6DLA9nu%2BYxma5RuMeRtRQ%3D%3D
Blu Omega; Senior .Net Developer; 145-160k; 5/21/26;Open; 5/21/26;; https://www.glassdoor.com/job-listing/senior-net-developer-blu-omega-JV_KO0,20_KE21,30.htm?jl=1010138772991&utm_source=jobalert&utm_medium=email&utm_content=ja-jobpos7-agept-1010138772991&utm_campaign=jobAlertAlert&tgt=GD_JOB_VIEW&src=GD_JOB_AD&uido=7A57A36BECDA9E413E76BB41CD0D8A0B&ao=1136043&jrtk=5-yul1-0-1jp16d6tf2mdq000-0e5e874bdc6d9ec9&cs=1_d2ff6e23&s=224&t=JA&pos=107&ja=380629936&guid=0000019e41afd296ac8b9034b5ce5aa5&jobListingId=1010138772991&vt=e&cb=1779230481701&ctt=1779232614785&srs=EMAIL_JOB_ALERT&gdir=1
Milestone Technologies, Inc.; Senior Engineer - (NPW) (12743); ; 5/21/26;Open; 5/21/26;; https://www.dice.com/job-detail/54e1347a-9803-4d84-9daa-5e999cd44375
Motion Recruitment Partners, LLC; Sr. Backend Engineer; 200-250k; 5/21/26;Open; 5/21/26;; https://www.dice.com/job-detail/71e21910-e616-4319-aead-ed0e94da17f8
Cypress Consulting; Senior Application Developer -- 100% remote - Must be US Citizen due to clearance; 140-170k; 5/21/26; Rejected; 5/30/26; Rejection Received; https://www.indeed.com/viewjob?cmp=Cypress-Consulting&t=Senior+Application+Developer&jk=2b4c76583a86ba36&q=c%23&xpse=SoC-67I3jhJgnTS4xp0LbzkdCdPP&xfps=a5d3f2e9-dd71-4d82-8c56-024c9240bf3b&xkcb=SoAT67M3jhJYVZSenh0JbzkdCdPP&vjs=3
Amentum; Junior Software Engineer for Naval Research Technology R0161491; 85-105k; 5/21/26; Rejected; 6/1/26; Rejection Received; https://www.indeed.com/viewjob?jk=048bfa30296a4318&tk=1jp10sqlsg6j2803&from=serp&vjs=3
Workiva; Software Support Engineer; 68-108k; 5/21/26;Open; 5/21/26;; https://www.glassdoor.com/job-listing/software-support-engineer-workiva-JV_KO0,25_KE26,33.htm?jl=1010138514700&utm_source=jobalert&utm_medium=email&utm_content=ja-jobpos11-agept-1010138514700&utm_campaign=jobAlertAlert&tgt=GD_JOB_VIEW&src=GD_JOB_AD&uido=7A57A36BECDA9E413E76BB41CD0D8A0B&ao=1136043&jrtk=5-yul1-0-1jp0b7fhah74s800-c0e6ba5b0b1d83cc&cs=1_4426e373&s=224&t=JA&pos=111&ja=378462087&guid=0000019e409c91cd994fe1e44144563d&jobListingId=1010138514700&vt=e&cb=1779201982271&ctt=1779209039371&srs=EMAIL_JOB_ALERT&gdir=1
Jobot Consulting ; .NET API Developer (Plynouth Meeting PA) (Dan Urbaniak); 45-60/hr; 5/21/26;Open; 5/21/26;; https://jobot.com/details/-net-api-developer/dc2d345a06?utm_source=DigestAlert&utm_campaign=A&utm_medium=SimilarCandidate_JobTitle
Crate and Barrel; Software Engineer; 85-115k; 5/21/26;Open; 5/21/26;; https://www.glassdoor.com/job-listing/software-engineer-crate-and-barrel-JV_KO0,17_KE18,34.htm?jl=1010130990639&utm_source=jobactivity&utm_medium=email&utm_term=jobactcommodvar&utm_content=jas-recentjobs-jobpos1-noage-1010130990639&utm_campaign=jas&src=GD_JOB_AD&uido=7A57A36BECDA9E413E76BB41CD0D8A0B&ao=1136043&jrtk=5-yul1-3-1jov927nh24s8h00&cs=1_2af67a0e&s=239&t=JA&pos=106&guid=0000019e3e911eda92415bf3f0c59a03&jobListingId=1010130990639&vt=e&cb=1779166158696&ctt=1779209281372&gdir=1
Great Value Hiring; Backend Engineer; 60-120/hr; 5/22/26;Open; 5/22/26;; https://www.linkedin.com/jobs/view/4407957237/?trk=eml-email_jobs_viewed_job_reminder_01-job_card-0-jobcard_body_4407957237&refId=tz5FdduVSDSYZshuYIluAA%3D%3D&trackingId=QPX3f230QZ6dqujd4MdMZg%3D%3D
Aledade, Inc. ;Software Engineer II - Backend;; 5/22/26;Open; 5/22/26;; https://www.linkedin.com/jobs/view/4411865134/?trk=eml-email_jobs_viewed_job_reminder_01-job_card-0-jobcard_body_4411865134&refId=UKvKAdahTB%2BmepLdFwjh8A%3D%3D&trackingId=pA75qUkoQB6z2rYXOVbEGg%3D%3D
Embrace ;software Engineer (.NET)\- Edtech Group;; 5/22/26;Open; 5/22/26;; https://jobright.ai/jobs/info/6a0f56759f654b3359ce48e7?utm_source=1121&imp_id=3673496432511879909__instant_push__1779421360599_9898&utm_medium=email
Rezdy; Senior Software Engineer; ; 5/22/26;Open; 5/22/26;; https://www.linkedin.com/jobs/view/4417797671/?trk=eml-email_job_alert_digest_01-primary_job_list-0-jobcard_body_0_jobid_4417797671_ssid_15257593108_fmid_mw6pip~mpgz5sel~7p&refId=tiSLquOEXKSS3n8YNXa0PQ%3D%3D&trackingId=WEc6YIOQa%2Fetfo8OSAWTfg%3D%3D
Enterprise Mobility; Senior Software Engineer - .NET/C#; 115-159k; 5/25/26;Open; 5/25/26;; https://www.glassdoor.com/Job/index.htm?utm_source=jobsForYou&utm_medium=email&utm_content=jobs-for-you-jobsForYou-jobpos4-age30d-1010097004825&utm_campaign=jobsForYou&src=GD_JOB_AD&uido=7A57A36BECDA9E413E76BB41CD0D8A0B&ao=1136043&jrtk=5-yul1-1-1jpfe75e6gc2r800-a0d1c476137ca861&cs=1_2c4d949f&s=362&t=REC_JOBS&pos=104&guid=0000019e578f07e08b0399eca478d8ef&jobListingId=1010097004825&rdforyou=true&vt=e&cb=1779708434578&gdir=1
SiriTech Solutions Corp; Application Developer Analyst - W2; ; 5/25/26;Open; 5/25/26;; https://jobright.ai/jobs/info/6a13a7db69bd827926af8a74?utm_source=1121&imp_id=3673496432511879909__instant_push__1779680432246_1457&utm_medium=email
OneStream Software; Software Engineer I; 104-130k; 5/25/26;Open; 5/25/26;; https://jobright.ai/jobs/info/6a13a7db69bd827926af8a74?utm_source=1121&imp_id=3673496432511879909__instant_push__1779680432246_1457&utm_medium=email
V-Centrix-US LLC; Sr. Software Engineer; 40-50/hr; 5/26/26;Open; 5/26/26;; https://www.dice.com/job-detail/4feadd99-d4ba-4594-8cfa-50de82add443
Cencora; Sr. Full-Stack Engineer; ; 5/25/26;Open; 5/25/26;; https://www.dice.com/job-detail/4de88434-583b-4ae5-ab5c-5997b99a5387
B2B Technology; .NET Full Stack Developer; ; 5/25/26;Open; 5/25/26;; https://www.dice.com/job-detail/19418ecb-3cfb-46ac-bf6f-64650b397898
FutureTech; Lead Software Engineer; ; 5/25/26;Open; 5/25/26;; https://www.dice.com/job-detail/f6c32921-a315-4de0-baf4-b4481ebd9acd
E-AIM; application Architect .NET; ; 5/25/26;Open; 5/25/26;; https://www.indeed.com/viewjob?jk=e80dd47635e2159d&q=c%23&l=Remote&tk=1jpe2kkpdgan2801&from=web&advn=3570162041912728&adid=462439645&ad=-6NYlbfkN0Ax5WKGL7DdG-hBM_5yqlLi_M1DgdXvlX2bKCktkh-hWxOr9ymtyAFEeOZ7wJvdqVC33libXUP5XwTziix_N4sxENCU4SmfztUU5VxA-GmOxOPDmGq0L9n4BRQmNEyetv3EoH7OiDuEWDorxcieiFfQHFZFQ1sj94utIu6v1eTuWQVW7YPg37ufU8GZO3c9LbvAyLYVPz-_E2heF0qAFO9GfQ7bC8d4AYI5fuoeKm_PKMFsGLiAgpFnGX19srHbilKyu3rqyROo0aKHgOhb6p7il86TDBV_p4C0DhbcaFEkYfMjfXICuWkyWePiwzk0rp1aJ5yG9ynCW-WR2x0ZcBSsEqUF1z2YH2hEK8xp3WzpF3-09F-uIRed-DQmsyC3Ca2Zi5j7EoUhjdWcLOJ1ZFAgikFAGc4xAEsp0M6sKa6TfPOSaaOAh4LZznhTLFz7_-e51COAyckFFHvTGe__AWzEsIWBtH8aVreb_8Kz9ZeDGAEgRzYXmgAeCs2USA8EHVacubLpPa3Gmi6GvzLHJ7UChh-5CbP00BxdOsrpmrJdy7TDtdMWgItWvshFH8LP4NFm_2yjOdgVrFzzIxvRl-STyjT4lWDm1gCl7JInMM6d1OxTa4hGXngM1JFITtvAuiw%3D&pub=4a1b367933fd867b19b072952f68dceb&camk=C3EPSzFlQw-GUIovjPGsnQ%3D%3D&xkcb=SoCQ6_M3juNdRRSEZJ0LbzkdCdPP&xpse=SoC16_I3juNbwCy4lR0ObzkdCdPP&xfps=16960a58-4073-4a1e-90ac-b91042240006&vjs=3
E-AIM; .NET Web Application Developer - Senior / Mid-Level / Junior; ; 5/25/26;Open; 5/25/26;; https://www.indeed.com/viewjob?jk=e1f040440bb03aa6&q=c%23&l=Remote&tk=1jpe2kkpdgan2801&from=web&advn=3570162041912728&adid=462439587&ad=-6NYlbfkN0Ax5WKGL7DdG-hBM_5yqlLi_M1DgdXvlX2bKCktkh-hWxOr9ymtyAFEx-YhoEso3YxaO3gAI8QKvFGomjCxGC0g1jtGdfYfLnOtq3Hb9GhGIlSyiCicW1j3tKtIKp5XtML9ry_SEgA3QJZzNlgfz__2BC7lDm_45Ll8y7bFRzehuFNYbn0guK4H6HuLcewICAAtrfPY-6s6DAH-DgqUTh34VehY3Z01Y07QCZKjltH-6hKHRjbtipwHorHgVQlXaXFc-UUlQgGRrBTZimZi82c0eE5rbLU2tmVLpO8kyHH-gVJcorb9kqPM3RcXud_ut_hiEVn5YwXdyBrMZRGdtzvJqOks1GuP63I0YqKJiMBBc2m45SFVzmtWkui3-XWrCaUKIB5QmsyjzBw8sT5e7rUcmytLddcqlnq7wRZfiWjsrm25sHJd4zXnz9CVwZCMNlvSrN3wgNA9h1L7YicS83uq5H_avOsM70xm5tlGUKhJUqGuaQKrVa4UpLrKxXyf24ePZZrmchJ5IL_Dy6RTtnzWtHZ94IVzKHF-wx6NzheEHU_hRKllSjVGx0m794tKg6XtBFqk78Hv4_XTKaKq7tN0_iT9dpNBFDjv1JN3me1egAPba7DKI65k8CLY3Y9-i9w%3D&pub=4a1b367933fd867b19b072952f68dceb&camk=C3EPSzFlQw9dR0q89qOKmg%3D%3D&xkcb=SoAk6_M3juNdRRSEZJ0KbzkdCdPP&xpse=SoCr6_I3juNaycySp50IbzkdCdPP&xfps=820b98de-70ea-4da2-87ed-41bc3df3b515&vjs=3
Wellsky; Staff Software Engineer; ; 5/25/26; Rejected; 5/29/26; Rejection Received; https://www.indeed.com/viewjob?jk=ca427129f048a51e&tk=1jpe2lo1ag5iv800&from=serp&vjs=3
Transflow; Lead .NET Developer; ;5/25/26;Open;5/25/26;; https://www.indeed.com/viewjob?jk=39f514e6f24bb263&tk=1jpe2ns16g4jc800&from=serp&vjs=3
Thomas and Company; Sr. Full Stack Developer (.NET/Angular); 70-90/hr; 5/25/26;Open; 5/25/26;; https://www.indeed.com/viewjob?jk=6999aec645ca647d&tk=1jpe2ns16g4jc800&from=serp&vjs=3
A&B Business Solutions; Senior .NET Developer; ; 5/25/26;Open; 5/25/26;; https://www.indeed.com/viewjob?cmp=A-%2526-B-Business-Solutions&t=Senior+.NET+Developer&jk=dd98856963b5bffc&q=c%23&xpse=SoC767I3juNmSPyQ0x0LbzkdCdPP&xfps=6f67c8ea-3ba2-4df9-8927-2f7ce023ef70&xkcb=SoDd67M3juNpgkySj50DbzkdCdPP&vjs=3
CGI; Sr. IT Audit Support (Knoxville J0526-0698); 89-117k; 5/25/26;Open; 5/25/26;; https://www.ziprecruiter.com/jobs/cgi/sr-it-audit-support?lvk=29EO9OZkEKdYao_33KIkXw
CGI (Lensa?); Solution Architect (Knoxville J0526-1988); 102-223k; 5/25/26;Open; 5/25/26;; https://www.ziprecruiter.com/jobs/cgi/solution-architect?lvk=u5QI9HZONycYdhTBaxXI9w
Auto Approve; software Engineer; ; 5/25/26;Open; 5/25/26;; https://www.linkedin.com/jobs/view/4418417240/?trk=eml-email_job_alert_digest_01-primary_job_list-0-jobcard_body_1_jobid_4418417240_ssid_14583149764_fmid_mw6pip~mpkb6sew~ab&refId=ktnPoa9nQRpb8XhWA3KTmQ%3D%3D&trackingId=CrrKN7yDPhMq4ZoZLA5v5Q%3D%3D
Arrowhead Programs; Full Stack Developer; 130-140k; 5/25/26;Open; 5/25/26;; https://www.linkedin.com/jobs/view/4414349491/?trk=eml-email_job_alert_digest_01-primary_job_list-0-jobcard_body_4_jobid_4414349491_ssid_14583149764_fmid_mw6pip~mpkb6sew~ab&refId=ktnPoa9nQRpb8XhWA3KTmQ%3D%3D&trackingId=0uIfBo7NS2%2FTeRMNM64OPg%3D%3D
Radformation; Senior Software Engineer; ; 5/25/26; Rejected; 5/26/26; Rejection Received; https://www.glassdoor.com/job-listing/senior-software-engineer-radformation-JV_KO0,24_KE25,37.htm?jl=1010139948210&utm_source=jobalert&utm_medium=email&utm_content=ja-jobpos5-age4d-1010139948210&utm_campaign=jobAlertAlert&tgt=GD_JOB_VIEW&src=GD_JOB_AD&uido=7A57A36BECDA9E413E76BB41CD0D8A0B&ao=1136043&jrtk=5-yul1-0-1jpdpnnaggb25800-3c19402be84e264b&cs=1_033e4835&s=224&t=JA&pos=105&ja=380629936&guid=0000019e5b6f076e9071e7d229eaf05e&jobListingId=1010139948210&ea=1&vt=e&cb=1779653402245&ctt=1779715474399&srs=EMAIL_JOB_ALERT&gdir=1
Symmetry Lending; Senior Software Engineer; 145-165k; 5/25/26;Open; 5/25/26;; https://www.glassdoor.com/job-listing/senior-software-engineer-symmetry-lending-JV_KO0,24_KE25,41.htm?jl=1010142066076&utm_source=jobalert&utm_medium=email&utm_content=ja-jobpos8-age3d-1010142066076&utm_campaign=jobAlertAlert&tgt=GD_JOB_VIEW&src=GD_JOB_AD&uido=7A57A36BECDA9E413E76BB41CD0D8A0B&ao=1136043&jrtk=5-yul1-0-1jpdpnnaggb25800-1422b190c43693a0&cs=1_d91122e1&s=224&t=JA&pos=108&ja=380629936&guid=0000019e5b6f076e9071e7d229eaf05e&jobListingId=1010142066076&ea=1&vt=e&cb=1779653402245&ctt=1779715484954&srs=EMAIL_JOB_ALERT&gdir=1
Lumovy Technology solutions; .Net Tech Lead - Retail (GCP/Azure, OMS); ; 5/25/26; Rejected; 5/26/26; Rejection Received; https://jobright.ai/jobs/info/6a149602dc845f4be5bd281d?utm_source=1121&imp_id=3673496432511879909__instant_push__1779734737514_4968&utm_medium=email
FullStack; Principal Software Engineer (.NET + Data) - Remote - USA; ; 5/25/26; Rejected; 5/22/2026;; https://jobright.ai/jobs/info/69abb1212747003c3d514ce8?utm_source=1025&imp_id=3673496432511879909__digest_job_alert__1779730031866_732&utm_medium=email
Halvotec Group; Fullstack-Developer .NET, C#, .NET, React, TypeScript (m/w/d); ; 5/25/26; Rejected; 5/22/2026;; https://jobright.ai/jobs/info/6a13d2c783d714428983248e?utm_source=1025&imp_id=3673496432511879909__digest_job_alert__1779730031866_732&utm_medium=email
Amentum; Program Engineer (J id- R0161575); ; 5/25/26; Rejected; 5/27/26; Rejection Received; https://www.amentumcareers.com/jobs/program-engineer-west-palm-beach-florida-united-states?cid=346501a3a39b9c11575e321385857b20&utm_campaign=Job+Alert&utm_content=job_alert&utm_medium=email&utm_source=job_alert
Talenzen; Software Developer; 119-144k; 5/25/26;Open; 5/25/26;; https://www.glassdoor.com/job-listing/software-developer-talenzen-JV_KO0,18_KE19,27.htm?jl=1010144545579&utm_source=jobalert&utm_medium=email&utm_content=ja-jobpos6-agept-1010144545579&utm_campaign=jobAlertAlert&tgt=GD_JOB_VIEW&src=GD_JOB_AD&uido=7A57A36BECDA9E413E76BB41CD0D8A0B&ao=1136043&jrtk=5-yul1-0-1jpfpq4dukgqn800-e0d2ad27ff22629f&cs=1_875f7bbb&s=224&t=JA&pos=106&ja=399775333&guid=0000019e5f82ce8584401bddde99ee07&jobListingId=1010144545579&ea=1&vt=e&cb=1779720590024&ctt=1779735561237&srs=EMAIL_JOB_ALERT&gdir=1
Edia; Senior Backend Engineer; 180-250k; 5/25/26;Open; 5/25/26;; https://www.linkedin.com/jobs/view/4368250633/?trk=eml-email_job_alert_digest_01-primary_job_list-0-jobcard_body_3_jobid_4368250633_ssid_15257593108_fmid_mw6pip~mpldrnuv~yv&refId=gjERqpfCoQrAkjxIXDZtHw%3D%3D&trackingId=WhqM2gfAKK2pKmPLv62RPQ%3D%3D
Brook & Whittle; Automation Engineer; ; 5/25/26; Rejected; 6/8/26; Rejection Received; https://www.glassdoor.com/job-listing/automation-engineer-brook-whittle-JV_KO0,19_KE20,33.htm?jl=1010140990587&utm_source=jobalert&utm_medium=email&utm_content=ja-jobpos3-age4d-1010140990587&utm_campaign=jobAlertAlert&tgt=GD_JOB_VIEW&src=GD_JOB_AD&uido=7A57A36BECDA9E413E76BB41CD0D8A0B&ao=1110586&jrtk=5-yul1-0-1jpg8cn9jgbmn800-7ecf24f71ea50bb3---6NYlbfkN0ChE6GhBkDkKcmHnOQ2eUIo6PtbKCPEXK0ckpFbqQcFbmq-B0RUAXra2eU-nXg-HFEwz617_WvvkhnM00m7ulK3TPqFQTv3VM1OdV_qVxoyl3MWFtkEgwDFITI2L8o8dTrKfI9J9pwK3ru7Pu5aTbURzC6yBiKjEukj19YgUJBV9aJCeVlnp1sM3CA3WiFuhUMdGknzUVwAeXC_BcF2PMPB1YjJHw9JAxWgqiJY5Wmw86KQlbYXDQVNgh_ipHDo83i5gSYUD1vJUnC3NAam6PMPZ9uKLVNBVbAQ1LcjhWM7zIK35kFoBXDEUtotsL3VOoYI4oRRPNrQ-WNUe3VQ68oizZfFyul_YUNjwqct609gmt98it5SYl5qYmU4t-BNYUeYwFiffXtHcn68Pd1xR2JDnngcYahbHSdDV7P_OjZP2soQ2zOp-tzxTsxtYLPqoaKHhIQdOnK2o8rP7rkNbUYmAFkFMIRV95rpwLnC8ktSmRLLUFBMK8KBpJ8LAe07E7EaDk-skk7QuMLpkkwWx4nMI7CpKG-6GCPwhrTpnTxU0sHgVyHoehkZXHeEGv9aHfmGWKQNtYfaF9Z71HT5K3b6dXydWnVN8YNldPQ7c92oZS7IzpS1P-vFFkbpx2n5KmE4cF2q4De40L9xL6CfphSKXMEJil8cQGmnzFOb4Vcb8n19QxeFgksLXDpYRf7J5c46jEOme3yJKgl5Okkab0sC-Vb5UB-ERyUDhGZI_SKxT6p7DzUbM1Fl64Jc8re6FaRCZxxv3FH7A81M-qhdLzs2COyN9DlIzUvbYyzz_kF7vTgw0MFQy_x2xXTPPR0vH4HoNF_hBCCE0md7SfJuSdcQCYByP96H8R89DQdIy01SNtHFiy2SzJftLQBrkWJdbFR-er_lzxSBaPq9sBCAQ3FR54-qdnCl1BZi2RFKvHlyovvS43uHii_vl4LwynJu_xk%3D&cs=1_9b323459&s=224&t=JA&pos=103&cpc=0C139D4CAD5A6DB2&ja=408967590&guid=0000019e605e6837b048db34733f453a&jobListingId=1010140990587&vt=e&cb=1779735880028&ctt=1779735904342&srs=EMAIL_JOB_ALERT&gdir=1
Hy-Tek Intralogistics; Software Developer II; ; 5/25/26;Open; 5/25/26;; https://www.linkedin.com/jobs/view/4414373041/?trk=eml-email_job_alert_digest_01-primary_job_list-0-jobcard_body_0_jobid_4414373041_ssid_14583149772_fmid_mw6pip~mpk2m59b~j9&refId=iRhyG9dYkAtz0bpzxsM1NA%3D%3D&trackingId=faO97%2FIOmIcYrwSb9sD0%2Bg%3D%3D
Aptive Resources; Senior Programmer; ; 5/25/26;Open; 5/25/26;; https://www.linkedin.com/jobs/view/4418198777/?trk=eml-email_job_alert_digest_01-primary_job_list-0-jobcard_body_4_jobid_4418198777_ssid_14583149772_fmid_mw6pip~mpk2m59b~j9&refId=iRhyG9dYkAtz0bpzxsM1NA%3D%3D&trackingId=PfkuIX%2FMXGzvWzflFA4bQA%3D%3D
Navitus Health Solutions; Sr. Developer, application Systems; 85-104k; 5/25/26;Open; 5/25/26;; https://www.linkedin.com/jobs/view/4418180764/?trk=eml-email_job_alert_digest_01-primary_job_list-0-jobcard_body_5_jobid_4418180764_ssid_14583149772_fmid_mw6pip~mpk2m59b~j9&refId=iRhyG9dYkAtz0bpzxsM1NA%3D%3D&trackingId=mIkYjy1NXVTIUaiLoud5Xw%3D%3D
Function Health; Senior Full Stack Developer; ; 5/25/26; Rejected; 5/26/26; Rejection Received; https://jobright.ai/jobs/info/69a0504c0836fe79d86132cc?utm_source=1025&imp_id=3673496432511879909__digest_job_alert__1779642171747_9190&utm_medium=email
Kodisoft LLC; Dotnet Developer; ; 5/26/26; Rejected; 5/29/26; Rejection Received; https://www.linkedin.com/jobs/view/4419132106/?alternateChannel=search&eBP=NOT_ELIGIBLE_FOR_CHARGING&trk=d_flagship3_search_srp_jobs&refId=RSlIyQ%2FWW3KP86Zpnq9vlA%3D%3D&trackingId=Wskn4oK9WGAGR2p%2FnxI8rQ%3D%3D
Peaple Talent (Spaghetti Bridge?); Application Developer; ; 5/26/26;Open; 5/26/26;; https://www.linkedin.com/jobs/view/4418229459/?alternateChannel=search&eBP=NOT_ELIGIBLE_FOR_CHARGING&trk=d_flagship3_search_srp_jobs&refId=RSlIyQ%2FWW3KP86Zpnq9vlA%3D%3D&trackingId=GGFms9xhVyM9F6reuWnFuQ%3D%3D
Global IT & Consulting Services; .NET Full Stack Developer (WinForms); 50-70/hr; 5/26/26;Open; 5/26/26;; https://www.linkedin.com/jobs/search/?alertAction=viewjobs&currentJobId=4416729423&distance=25&f_TPR=a1779711981-&f_WT=1%2C3%2C2&geoId=104571664&keywords=application%20developer&origin=JOB_ALERT_IN_APP_NOTIFICATION&originToLandingJobPostings=4419132106%2C4418229459%2C4389426100%2C4419170201%2C4417892812%2C4398773344&savedSearchId=14583149772&sortBy=R
InfiCare Technologies; .NET Lead; ; 5/28/26;Open; 5/28/26;; https://www.dice.com/job-detail/ca8956f4-6364-493c-8af4-e0134b2a4e51
Syms Strategic Group, LLC; C#/.Net Developer; 85-115k; 5/28/26; Rejected; 5/29/26; Rejection Received; https://www.indeed.com/viewjob?jk=0b23d3613774bb01&tk=1jplk595rglj1801&from=serp&vjs=3
Buxton Company; Back End Software Engineer (C#/.NET); ; 5/28/26;Open; 5/28/26;; https://www.indeed.com/viewjob?jk=2a92e42a1c13dfa3&tk=1jplk595rglj1801&from=serp&vjs=3
Ampcus Inc; Senior .Net Application Developer [NFCUJP0016992]; ; 6/3/26;Open;; Received e-mail about remote long-term contract position.  Looks very interesting, responded that I am interested.; pawan.jaiswal@ampcus.com
Motion Recruitment; Senior PCD Support Technician; 35-40/hr; 6/3/26;Open; 6/3/26;; https://motionrecruitment.com/tech-jobs/knoxville-/contract/senior-pc-support-technician/873768?utm_source=appcast&utm_medium=feed&utm_campaign=ziprecruiter
Pathfinders Executive Search; Senior Dotnet Developer; 120-145k; 6/3/26;Open; 6/3/26;; https://jobright.ai/jobs/info/6a2080fd902d19201c7b2b2a?utm_source=1025&imp_id=3673496432511879909__digest_job_alert__1780521397922_9292&utm_medium=email
CloudIQ Technologies; Senior Software Engineer; ; 6/3/26;Open; 6/3/26;; https://jobright.ai/jobs/info/6a2062ae902d19201c7b1e05?utm_source=1025&imp_id=3673496432511879909__digest_job_alert__1780521397922_9292&utm_medium=email
Zealogics Inc; C# Developer - Fully Remote (WFH); ; 6/3/26;Open;; Seems to be located out of Taiwan; https://jobright.ai/jobs/info/6a1fe3b2338c012305116595?utm_source=1025&imp_id=3673496432511879909__digest_job_alert__1780521397922_9292&utm_medium=email
CBTS; Senior Solution Developer; 65-75/hr; 6/3/26;Open; 6/3/26;; https://jobright.ai/jobs/info/6a208108338c012305119936?utm_source=1025&imp_id=3673496432511879909__digest_job_alert__1780521397922_9292&utm_medium=email
1Password; .Net/C# Developer, SaaS Manager; 123-172k; 6/3/26;Open; 6/3/26;; https://jobright.ai/jobs/info/6a1f5402b61b2c65b37b15b6?utm_source=1025&imp_id=3673496432511879909__digest_job_alert__1780521397922_9292&utm_medium=email
Robert Half; Software Developer III; 35-45/hr; 6/3/26;Open; 6/3/26;; https://jobright.ai/jobs/info/6a20295dca8f0b365d79f42f?utm_source=1025&imp_id=3673496432511879909__digest_job_alert__1780521397922_9292&utm_medium=email
Seneca Resources; Senior .Net Application Developer -- 16992; 65/hr; 6/3/26;Open; 6/3/26;; https://jobright.ai/jobs/info/6a20386fc00e701fe8367e0b?utm_source=1025&imp_id=3673496432511879909__digest_job_alert__1780521397922_9292&utm_medium=email
PerfectServe; Software Engineer - US Remote (Knoxville, TN???); 120-140k; 6/3/26;Open; 6/3/26;; https://www.glassdoor.com/job-listing/software-engineer-us-remote-perfectserve-JV_IC1144394_KO0,27_KE28,40.htm?jl=1010155363849&utm_source=jobalert&utm_medium=email&utm_content=ja-jobpos6-age1d-1010155363849&utm_campaign=jobAlertAlert&tgt=GD_JOB_VIEW&src=GD_JOB_AD&uido=7A57A36BECDA9E413E76BB41CD0D8A0B&ao=1136043&jrtk=5-yul1-0-1jq7nau7ria7k800-1ae3aed71b3647b5&cs=1_4c7c68c9&s=224&t=JA&pos=106&ja=396299206&guid=0000019e8eef26ee98dd781241f9c6ee&jobListingId=1010155363849&ea=1&vt=e&cb=1780523301530&ctt=1780523351756&srs=EMAIL_JOB_ALERT&gdir=1
PublicInput; Software Engineer I; ; 6/3/26;Open; 6/3/26;; https://www.glassdoor.com/job-listing/software-engineer-i-publicinput-JV_KO0,19_KE20,31.htm?jl=1010155078258&utm_source=jobalert&utm_medium=email&utm_content=ja-jobpos7-age1d-1010155078258&utm_campaign=jobAlertAlert&tgt=GD_JOB_VIEW&src=GD_JOB_AD&uido=7A57A36BECDA9E413E76BB41CD0D8A0B&ao=1136043&jrtk=5-yul1-0-1jq7nau7ria7k800-9896caa79a68bbab&cs=1_37397b36&s=224&t=JA&pos=107&ja=396299206&guid=0000019e8eef26ee98dd781241f9c6ee&jobListingId=1010155078258&vt=e&cb=1780523301528&ctt=1780523359230&srs=EMAIL_JOB_ALERT&gdir=1
Prime Team Partners; Senior Software Engineer; 120-140k; 6/3/26;Open; 6/3/26;; https://www.linkedin.com/jobs/view/4423271444/?trk=eml-email_job_alert_digest_01-primary_job_list-0-jobcard_body_1_jobid_4423271444_ssid_15257593108_fmid_mw6pip~mpylla7k~45&refId=UztvHMggpKEgx0Qh%2BOR%2B5w%3D%3D&trackingId=R2csKY9PZK5yCPSw5bduwg%3D%3D
U.S. Office of Personnel Management; Application Software Engineer (GS13); 122-158k; 6/3/26;Open; 6/3/26;; https://www.glassdoor.com/job-listing/application-software-engineer-us-office-of-personnel-management-JV_KO0,29_KE30,63.htm?jl=1010156534036&utm_source=jobalert&utm_medium=email&utm_content=ja-jobpos4-agejp-1010156534036&utm_campaign=jobAlertAlert&tgt=GD_JOB_VIEW&src=GD_JOB_AD&uido=7A57A36BECDA9E413E76BB41CD0D8A0B&ao=1136043&jrtk=5-yul1-0-1jq7jsui5k3cr800-249060ad74496e63&cs=1_4b9709fb&s=224&t=JA&pos=104&ja=408968922&guid=0000019e8eb8291a927bf423a212d251&jobListingId=1010156534036&vt=e&cb=1780519697232&ctt=1780523450683&srs=EMAIL_JOB_ALERT&gdir=1
GPRS; Senior Back-End Developer; ; 5/6/26;Open; 5/6/26;; https://jobright.ai/jobs/info/69ea13e83aa0c479643aded3?utm_source=1121&imp_id=3673496432511879909__instant_push__1780667886759_217&utm_medium=email
Robert Half (Manhattan Beach CA); Software Engineer; 110-135k; 6/8/26;Open; 6/8/26;; https://www.dice.com/job-detail/b97cbed3-456d-4431-baed-88f0a8fe7811?utm_source=job_alerts&utm_medium=email&utm_content=intellisearch&utm_campaign=10016128&%243p=e_iterable&_branch_match_id=1579909737170103754&_branch_referrer=H4sIAAAAAAAAAzWM22qFMBBFvybnLWqM9aQFKaXl%2FIbkMuq0uTFGfOu3N0cozMPeazF7KyXvb23r0EKjc248xp9W5nfWDzJPMGMB0sbDrYJEuGLUfj7IT9vzk8kP1j%2FqnefZXBs2hVq%2Fk%2BEOikZfi3m9WwNO8uFldHwYpOBGg%2BNKLZ1WC9yVEEw%2BjhLmPR1kgcmvOjBrD1R21o9PE8DhEaqBcK1e0KZYIJZKsQbvcQdNdvu3OmSNa6xadJ0YRa9uvwQLEGFcZ0Pp3IGmz41SgD9D6%2F2CCQEAAA%3D%3D
CogniCapitalChain; Senior Backend Developer; 9-12k/mo; 6/8/26;Open; 6/8/26;; https://www.glassdoor.com/job-listing/looking-for-senior-backend-developer-cognicapitalchain-JV_KO0,36_KE37,54.htm?jl=1010156923232&utm_source=jobalert&utm_medium=email&utm_content=ja-jobpos2-age4d-1010156923232&utm_campaign=jobAlertAlert&tgt=GD_JOB_VIEW&src=GD_JOB_AD&uido=7A57A36BECDA9E413E76BB41CD0D8A0B&ao=1136043&jrtk=5-yul1-0-1jqjqc22n298r000-64b98fc78183eb98&cs=1_a87e39f6&s=224&t=JA&pos=102&ja=399775333&guid=0000019ea79cbb7184523af7131e260b&jobListingId=1010156923232&ea=1&vt=e&cb=1780929136991&ctt=1780932926864&srs=EMAIL_JOB_ALERT&gdir=1
Cinqminds LLC; .NET Developer; 40-50/hr; 6/8/26;Open; 6/8/26;; https://www.glassdoor.com/job-listing/net-developer-cinqminds-JV_KO0,13_KE14,23.htm?jl=1010153770156&utm_source=jobalert&utm_medium=email&utm_content=ja-jobpos6-age6d-1010153770156&utm_campaign=jobAlertAlert&tgt=GD_JOB_VIEW&src=GD_JOB_AD&uido=7A57A36BECDA9E413E76BB41CD0D8A0B&ao=1136043&jrtk=5-yul1-0-1jqjqc22n298r000-fde32c0099d09aeb&cs=1_85b70201&s=224&t=JA&pos=106&ja=399775333&guid=0000019ea79cbb7184523af7131e260b&jobListingId=1010153770156&ea=1&vt=e&cb=1780929136992&ctt=1780932943469&srs=EMAIL_JOB_ALERT&gdir=1
Peraton; .Net Software Developer (2026-167104); 86-138k; 6/8/26;Open; 6/8/26;; https://www.glassdoor.com/job-listing/net-software-developer-peraton-JV_IC1158535_KO0,22_KE23,30.htm?jl=1010146096984&utm_source=jobalert&utm_medium=email&utm_content=ja-jobpos8-age12d-1010146096984&utm_campaign=jobAlertAlert&tgt=GD_JOB_VIEW&src=GD_JOB_AD&uido=7A57A36BECDA9E413E76BB41CD0D8A0B&ao=1136043&jrtk=5-yul1-0-1jqjqc22n298r000-abf4c5566438e0c6&cs=1_6271d1a9&s=224&t=JA&pos=108&ja=399775333&guid=0000019ea79cbb7184523af7131e260b&jobListingId=1010146096984&vt=e&cb=1780929136990&ctt=1780932951394&srs=EMAIL_JOB_ALERT&gdir=1
Progressive Technology Solutions; .NET Application Developer; 75-79/hr; 6/8/26;Open; 6/8/26;; https://www.glassdoor.com/job-listing/net-application-developer-progressive-technology-solutions-JV_KO0,25_KE26,58.htm?jl=1010155530641&utm_source=jobalert&utm_medium=email&utm_content=ja-jobpos10-age5d-1010155530641&utm_campaign=jobAlertAlert&tgt=GD_JOB_VIEW&src=GD_JOB_AD&uido=7A57A36BECDA9E413E76BB41CD0D8A0B&ao=1136043&jrtk=5-yul1-0-1jqjqc22n298r000-370178a99c10aa9b&cs=1_04caf16e&s=224&t=JA&pos=110&ja=399775333&guid=0000019ea79cbb7184523af7131e260b&jobListingId=1010155530641&ea=1&vt=e&cb=1780929136992&ctt=1780932959147&srs=EMAIL_JOB_ALERT&gdir=1
Talezen; Software Engineer; 131-158k; 6/8/26;Open; 6/8/26;; https://www.glassdoor.com/job-listing/software-engineer-talenzen-JV_KO0,17_KE18,26.htm?jl=1010147152271&utm_source=jobalert&utm_medium=email&utm_content=ja-jobpos12-age11d-1010147152271&utm_campaign=jobAlertAlert&tgt=GD_JOB_VIEW&src=GD_JOB_AD&uido=7A57A36BECDA9E413E76BB41CD0D8A0B&ao=1136043&jrtk=5-yul1-0-1jqjqc22n298r000-dbdc6abb5e594190&cs=1_4def51ab&s=224&t=JA&pos=112&ja=399775333&guid=0000019ea79cbb7184523af7131e260b&jobListingId=1010147152271&ea=1&vt=e&cb=1780929136992&ctt=1780932970235&srs=EMAIL_JOB_ALERT&gdir=1
Visibol; Software Developer; 110-136k; 6/8/26;Open; 6/8/26;; https://www.glassdoor.com/job-listing/software-developer-visibol-JV_KO0,18_KE19,26.htm?jl=1010150275978&utm_source=jobalert&utm_medium=email&utm_content=ja-jobpos2-age9d-1010150275978&utm_campaign=jobAlertAlert&tgt=GD_JOB_VIEW&src=GD_JOB_AD&uido=7A57A36BECDA9E413E76BB41CD0D8A0B&ao=1136043&jrtk=5-yul1-0-1jqjq0d13m914801-553131ee058e0231&cs=1_d7522e6b&s=224&t=JA&pos=102&ja=378462087&guid=0000019ea79cb4a987effae7f0c6b4e3&jobListingId=1010150275978&ea=1&vt=e&cb=1780928755051&ctt=1780933001734&srs=EMAIL_JOB_ALERT&gdir=1
Better Planet LLC; Software Engineer (Mid-Senior) - Remote (Multiple Openings); 80-180k; 6/8/26;Open; 6/8/26;; https://www.glassdoor.com/job-listing/software-engineer-mid-senior-remote-multiple-openings-better-planet-JV_KO0,53_KE54,67.htm?jl=1010147147819&utm_source=jobalert&utm_medium=email&utm_content=ja-jobpos5-age11d-1010147147819&utm_campaign=jobAlertAlert&tgt=GD_JOB_VIEW&src=GD_JOB_AD&uido=7A57A36BECDA9E413E76BB41CD0D8A0B&ao=1136043&jrtk=5-yul1-0-1jqjq0d13m914801-cfb6c8dddbb05b34&cs=1_df383673&s=224&t=JA&pos=105&ja=378462087&guid=0000019ea79cb4a987effae7f0c6b4e3&jobListingId=1010147147819&ea=1&vt=e&cb=1780928755052&ctt=1780933019734&srs=EMAIL_JOB_ALERT&gdir=1
Progspectra; .NET Full Stack Developer; 55-60/hr; 6/8/26;Open; 6/8/26;; https://www.glassdoor.com/job-listing/net-full-stack-developer-progspectra-JV_KO0,24_KE25,36.htm?jl=1010150603334&utm_source=jobalert&utm_medium=email&utm_content=ja-jobpos8-age9d-1010150603334&utm_campaign=jobAlertAlert&tgt=GD_JOB_VIEW&src=GD_JOB_AD&uido=7A57A36BECDA9E413E76BB41CD0D8A0B&ao=1136043&jrtk=5-yul1-0-1jqjq0d13m914801-0225575f1f200a0b&cs=1_b8eabca9&s=224&t=JA&pos=108&ja=378462087&guid=0000019ea79cb4a987effae7f0c6b4e3&jobListingId=1010150603334&ea=1&vt=e&cb=1780928755052&ctt=1780933035178&srs=EMAIL_JOB_ALERT&gdir=1
Valon; Software Engineer; 170-200k; 6/8/26;Open; 6/8/26;; https://www.linkedin.com/jobs/view/4366533102/?trk=eml-email_job_alert_digest_01-primary_job_list-0-jobcard_body_2_jobid_4366533102_ssid_15257593100_fmid_mw6pip~mq59n9np~cz&refId=BPg4lCioPREKfk%2FAamOOyA%3D%3D&trackingId=67P5pjrxPEZHmL4hm6%2FswA%3D%3D
Infosys; Dot Net Developer; ; 6/8/26;Open; 6/8/26;; https://jobright.ai/jobs/info/6a26ed6f4ec8d737d6dfcac9?utm_source=1025&imp_id=3673496432511879909__digest_job_alert__1780937680651_3327&utm_medium=email
Cross River; Senior Software Engineer; 160-200k; 6/8/26;Open; 6/8/26;; https://jobright.ai/jobs/info/6997b996e0bddb6acac676a8?utm_source=1025&imp_id=3673496432511879909__digest_job_alert__1780937680651_3327&utm_medium=email
Career Soft Solutions inc.; Dotnet Developer; ;6/8/26;Open;6/8/26;; https://jobright.ai/jobs/info/6a26d9b67d827633afff6eb7?utm_source=1025&imp_id=3673496432511879909__digest_job_alert__1780937680651_3327&utm_medium=email
Varite Inc; SQL Server/ VB-ASP/ Crystal Reports Developer & Support; ; 6/8/26;Open; 6/8/26;; https://jobright.ai/jobs/info/6a26b12a12f020234225ffd7?utm_source=1025&imp_id=3673496432511879909__digest_job_alert__1780937680651_3327&utm_medium=email
Varite inc; Senior Full Sack & GenAI Developer; 65/hr; 6/8/26;Open; 6/8/26;; https://jobright.ai/jobs/info/6a26ea6a4ec8d737d6dfc8eb?utm_source=1121&imp_id=3673496432511879909__instant_push__1780935825773_4459&utm_medium=email
Clayton; Senior Software Engineer (JR131204); 96-151k; 6/8/26;Open; 6/8/26;; https://www.glassdoor.com/job-listing/senior-software-engineer-clayton-careers-JV_IC1144400_KO0,24_KE25,40.htm?jl=1010155322133&utm_source=jobactivity&utm_medium=email&utm_term=jobactcommodvar&utm_content=jas-click-follow-up-recentjobs-jobpos1-noage-1010155322133&utm_campaign=jas-click-follow-up&src=GD_JOB_AD&uido=7A57A36BECDA9E413E76BB41CD0D8A0B&ao=1136043&jrtk=5-yul1-3-1jqjv035c2nvvi00&cs=1_29d2b040&s=239&t=JA&pos=102&guid=0000019ea7f00c73bfa3147cd4aae4d7&jobListingId=1010155322133&vt=e&cb=1780933987575&ctt=1780940307451&gdir=1
Knox County, Tennessee; Team Lead Software Developer; 45.75-53.12/hr; 6/8/26;Open; 6/8/26;; https://www.glassdoor.com/job-listing/team-lead-software-developer-knox-county-government-JV_KO0,28_KE29,51.htm?jl=1010159494060&utm_source=jobactivity&utm_medium=email&utm_term=jobactcommodvar&utm_content=jas-click-follow-up-recentjobs-jobpos4-noage-1010159494060&utm_campaign=jas-click-follow-up&src=GD_JOB_AD&uido=7A57A36BECDA9E413E76BB41CD0D8A0B&ao=1136043&jrtk=5-yul1-3-1jqjv039g2o88i00&cs=1_365808e1&s=239&t=JA&pos=108&guid=0000019ea7f00d0986051ec16e617690&jobListingId=1010159494060&vt=e&cb=1780933987750&ctt=1780940329821&gdir=1
Forterra; Application Services Software Engineer; ; 6/8/26; Rejected; 6/10/26; Rejection Received; https://www.linkedin.com/jobs/view/4415131869/?trk=eml-email_job_alert_digest_01-primary_job_list-0-jobcard_body_2_jobid_4415131869_ssid_14583149764_fmid_mw6pip~mq5mi8y7~hv&refId=ErwIEXwfV1K%2BpZYv0yoJNA%3D%3D&trackingId=aAqXnOw%2F7aOLId%2FRd8zwaw%3D%3D
Applied Systems; Software Engineer / Sr. Software Engineer; ; 6/8/26;Open; 6/8/26;; https://www.linkedin.com/jobs/view/4325664626/?trk=eml-email_job_alert_digest_01-primary_job_list-0-jobcard_body_4_jobid_4325664626_ssid_14583149764_fmid_mw6pip~mq5mi8y7~hv&refId=ErwIEXwfV1K%2BpZYv0yoJNA%3D%3D&trackingId=sKW1wTSQVjG7cVGFFlDZxQ%3D%3D
One Call; Sr. Software Engineer; 120-192k; 6/8/26;Open; 6/8/26;; https://www.linkedin.com/jobs/view/4384600267/?trk=eml-email_job_alert_digest_01-primary_job_list-0-jobcard_body_2_jobid_4384600267_ssid_15257593108_fmid_mw6pip~mq5i7xak~pl&refId=FyF3aREGZtPAXZ9wTTzL0g%3D%3D&trackingId=MgobvHR%2F%2Bz3u%2B5%2Bx3Fe6UA%3D%3D
Tivity Health; Sr. Software Developer - remote opportunity; ; 6/8/26;Open; 6/8/26;; https://www.linkedin.com/jobs/view/4381181458/?trk=eml-email_jobs_facet_suggestions-JOBS_POSTING_SECTION_2-0-job_card_1_jobid_4381181458_sectionid_277008_fmid_mw6pip~mq5hze52~j&refId=ONqDlRUB1DG%2BTYmVVVv5qw%3D%3D&trackingId=iZH4LvhQQeo9aO9U%2Fy3EMQ%3D%3D
Insight Recruitment LLC; .NET Developer (C#, SQL & Azure) (Knoxville); 95-125/hr; 6/9/26;Open; 6/9/26;; https://www.ziprecruiter.com/jobs/v2/eyJsaXN0aW5nX2tleSI6Im9lQlllYTFtMFZJM0F5NUJIeFE1c3ciLCJtYXRjaF9pZCI6IjAxOWVhYzk4LWY1NWEtN2YzNi1hODViLTM5ZmFiZTdjYzY0YSIsImJpZF90cmFja2luZ19kYXRhIjoiQUFFUFVuVUg5NzcyMG1NRVhwd292UDNOcmxWaGZmdVhUSFUwRDgxVklwNUJ4THN3X2RNTEU5dTVKMmswMDJXWnhKSTNzcG9yTDlQVnpZYjFkYmsiLCJzb3VyY2VfcGxhY2VtZW50X2lkIjo0MzAyNH0=?tsid=111000153
Jobot Consulting; Senior Software Engineer (Sacramento CA Remote); 50-70/hr; 6/9/26;Open; 6/9/26;; https://jobot.com/details/senior-software-engineer/57fc605606?utm_source=DigestAlert&utm_campaign=A&utm_medium=SimilarCandidate_JobTitle
Infosys; Dot Net Developer; 64-95k; 6/9/26;Open; 6/9/26;; https://www.indeed.com/viewjob?jk=33bf9c8cda0f03c7&tk=1jqlkjn4jl82p804&from=jobi2a&advn=357631224894577&adid=429027909&ad=-6NYlbfkN0DFi1nmQQWK2fa3N4W3y7EUOEocZkWPqKP_f_xZ7ne8RTwYBKKxAoUUhw2fH2W3_htWNehYaBgKxHfCJ8U-3p5DCbKGryBk9uzgWUYBGvyM2-k8V8b_Y6YgOdmO3dIECBDwtx-_Rm2p-dLj1vXdSZHXCtWUWy9Bq8udLptNLAyXfkKzpnyirNumsqVwZ7CsTxjAaq7v_UBWgMbJXAVQebksBCC3tmZuYm_ORPsTbZtAcs-omOzqmc6qbhxy7m7P4EW_lxfSwgP0UmtTshRpV1T4iEQAnxHFg5ebHa1u2nboPq4gahpjXJauPw-bFW6QOjZ4zT5em-udf3_ao5Utex1wEtoYvVwixI-L_Vu9P3kHdGXr9syWtAzoWiGaYzjvq-CAUXL4csnov8EehsYVAvv6cnp1o84B_uSCRExW_5I8i9GmPl-MKB9eogafLpk8WgfmBBSQigNoNNaqGGLk3PqjfX0lhKEuOKPu7woPAZ72ZQDXBP6oWPdGhDNAhKltPHyVOKdy_GzrlxcyxdNolOiPRehgKcIn1XYmn2Qn5FtikCLWZNPxjbJGUEK9tYWOosYXvLm2xthvgIRZQ8QZMyC8nd1MbcPT8eI9srYfPbDR5g%3D%3D&sjdu=nNuwyMhGtOwyzghXRh1q-to8-aw1OCI2RVwBISL1XSMIhT1ucz72nEuH1Fltq2oVFgFWJ2zwLPqk2qqNwfUJJ5ONc1wxwrSrUAGSzpKuwPw903agsjpwhuIIwuV3XhFc-z2QozkGUuEFYVRJ3aADvA&acatk=1jqmc75m5gamb801&pub=21d85ca573e478f5e659e48885c828920cace3277f6b99df&i2af=jobi2a_multijob-en-US_email&camk=4HOcmqOLYrAk-5FMq91ioQ%3D%3D&jrtk=5-cmh1-1-1jqlkjmfamlfc800-33bf9c8cda0f03c7&xkcb=SoBJ6_M3iVhBMkaxap0JbzkdCdPP&xpse=SoD26_I3iWQTbXyA3x0IbzkdCdPP&xfps=1f275e1d-4f91-47ee-b88e-000c8e25ea52
Infosys; Dot Net Developer; 71-103k; 6/9/26;Open; 6/9/26;; https://www.indeed.com/viewjob?jk=d66fd09819020193&tk=1jqlkjn4jl82p804&from=jobi2a&advn=357631224894577&adid=429027909&ad=-6NYlbfkN0DFi1nmQQWK2fa3N4W3y7EUOEocZkWPqKP_f_xZ7ne8RTwYBKKxAoUUhw2fH2W3_htWNehYaBgKxAFrlz5hW3_LehRRFl1YIS0Y0mJ5sFW6JOj9xUHcrq0cLrqhvuR9sXskeP7FXUkVvavXcu3JY-vEEStJFPP_mJYEJiDyLP1S2JZWd_Tkc35yS275380pO6kjxr6nFdpyiP9jcveiblRx_9l_AhrobXtVMQA3T_c_0dZpG6UVSLppnFpR3HBLFTeFH1BXBdlyWumjvRBwc-BORvNy1tTx55F139tZ3hGsVuqkWVzT2EAygL9BGkeFtwCImx7ayAbfufm0hknVexVWDlqM8NM7FSZ51fpQ0x8sWGejXb9WEilm73QUj1yP2xIjVJfceMXBveTUl8hPJWEpdERVJnI9z-tD5OzAn9u8kvZ6w7Uupd4v7cSUNxhTdVftE00lFmWeHkmLynPNnDDUvlyRniWO4gsgBey1lk_WlkRj4fVYQIkWhTOMHrmvq84otaKZenx0BrZbnqbPOLsxRS402N0sYZgtf_uAWnZznFNyKNcCWUQkpKax1RAxiHYiq-pJm4aRM46UV5r3RKXd6naS1Ncb-QqPOuKPO-aHGg%3D%3D&sjdu=nNuwyMhGtOwyzghXRh1q-to8-aw1OCI2RVwBISL1XSMIhT1ucz72nEuH1Fltq2oVFgFWJ2zwLPqk2qqNwfUJJ5ONc1wxwrSrUAGSzpKuwPy0NYdvBOGqhPcg92rIfK7f-z2QozkGUuEFYVRJ3aADvA&acatk=1jqmc7g2cgaki801&pub=21d85ca573e478f5e659e48885c828920cace3277f6b99df&i2af=jobi2a_multijob-en-US_email&camk=4HOcmqOLYrAk-5FMq91ioQ%3D%3D&jrtk=5-cmh1-1-1jqlkjmfamlfc800-d66fd09819020193&xkcb=SoAl6_M3iVhBMk6xap0LbzkdCdPP&xpse=SoDh6_I3iWQR2TSA850IbzkdCdPP&xfps=b4744282-9c87-4585-9c9b-a4080406e39f
Triune Infomatics Inc; Senior .Net Developer; ; 6/9/26;Open; 6/9/26;; https://jobright.ai/jobs/info/6a275a057d827633afffa300?utm_source=1121&imp_id=3673496432511879909__instant_push__1780964089224_9178&utm_medium=email
Cortex; Senior Software Engineer, Backend; 165-195k; 6/9/26;Open; 6/9/26;; https://www.linkedin.com/jobs/view/4390701416/?trk=eml-email_jobs_viewed_job_reminder_01-job_card-0-jobcard_body_4390701416&refId=FwlQ%2FblJTZu%2ByveeoTuM2g%3D%3D&trackingId=tcjfDuCoR6iVRt%2FtExQ6lQ%3D%3D
Wisdom; Senior Software Engineer; 150-180k; 6/9/26;Open; 6/9/26;; https://www.linkedin.com/jobs/view/4398885324/?trk=eml-email_jobs_viewed_job_reminder_01-job_card-0-jobcard_body_4398885324&refId=%2FkGu%2FejRR46HWipT4F%2BKGQ%3D%3D&trackingId=13QpKEwwQemnYJBF%2FzW%2FKA%3D%3D
FIS, Inc; .Net with Microservices Developer - Pune (Pune, India); ; 6/10/26;Open; 6/10/26;; https://www.efinancialcareers.com/jobs-India-Pune-Net_with_Microservices_Developer_-_Pune.id24262008?stlt=VTJGc2RHVmtYMS9DcElrbittSmZJTzRjQ21BaHJERmo0anZ6WEdIeUdxY2pUdTA5OUhVbTk5SEUzcVpoajFWLw%3D%3D&utm_campaign=JS_NOWHIRING_DAILY_JOBS&utm_medium=EM_NOWHIRE&utm_source=AMS_US_ENG
Man Group plc, London England; C# Engineer; ; 6/10/26;Open; 6/10/26;; https://www.efinancialcareers.com/jobs-UK-London-Software_Engineer_-_C.id24074489?stlt=VTJGc2RHVmtYMS9DcElrbittSmZJTzRjQ21BaHJERmo0anZ6WEdIeUdxY2pUdTA5OUhVbTk5SEUzcVpoajFWLw%3D%3D&utm_campaign=JS_NOWHIRING_DAILY_JOBS&utm_medium=EM_NOWHIRE&utm_source=AMS_US_ENG
Fortil, Antwerp Belgium; Senior .NET Developer (H/F); ; 6/10/26;Open; 6/10/26;; https://www.efinancialcareers.com/jobs-Belgium-Antwerp-Senior_NET_Developer_HF.id23936718?stlt=VTJGc2RHVmtYMS9DcElrbittSmZJTzRjQ21BaHJERmo0anZ6WEdIeUdxY2pUdTA5OUhVbTk5SEUzcVpoajFWLw%3D%3D&utm_campaign=JS_NOWHIRING_DAILY_JOBS&utm_medium=EM_NOWHIRE&utm_source=AMS_US_ENG
DeMase Technical Services; Software Application Engineer; 100-140k; 6/10/26; Rejected; 6/10/26; Rejected because I do not have an active clearance; https://www.glassdoor.com/job-listing/software-application-engineer-demase-technical-services-JV_IC1144404_KO0,29_KE30,55.htm?jl=1010161798011&utm_source=jobalert&utm_medium=email&utm_content=ja-jobpos1-age1d-1010161798011&utm_campaign=jobAlertAlert&tgt=GD_JOB_VIEW&src=GD_JOB_AD&uido=7A57A36BECDA9E413E76BB41CD0D8A0B&ao=1136043&jrtk=5-yul1-0-1jqno2i52gb0v800-2c126488bc726ed8&cs=1_66c9cf58&s=224&t=JA&pos=101&ja=377506142&guid=0000019eaf1e210fb404a61d4ccaed5d&jobListingId=1010161798011&ea=1&vt=e&cb=1781060947203&ctt=1781109140723&srs=EMAIL_JOB_ALERT&gdir=1
Republic Services; Software Developer - .NET (R-173236); 83-114k; 6/10/26;Open; 6/10/26;; https://jobright.ai/jobs/info/6a284887883c0d3be6540fc0?utm_source=1121&imp_id=3673496432511879909__instant_push__1781054925271_4357&utm_medium=email
LingaTech; Senior .NET Developer; ; 6/10/26;Open; 6/10/26;; https://jobright.ai/jobs/info/6a28250d1dbd8437bebc90ea?utm_source=1121&imp_id=3673496432511879909__instant_push__1781054925271_4357&utm_medium=email
Y&L Consulting, Inc.; Lead .Net Developer; ; 6/10/26;Open; 6/10/26;; https://www.dice.com/job-detail/8031847d-5a00-4e10-9326-2d905988b1dc?utm_source=iterable&utm_medium=email&utm_campaign=6582207&utm_content=apply_nowhiring&%243p=e_iterable&_branch_match_id=1579909737170103754&_branch_referrer=H4sIAAAAAAAAAzWP3WrEIBCFn8a9MzGaZE0hlNKyryFGp4lb%2FzAG6U2fvSawMBfnfMOcw2w5x%2F2tbbVR0MgYG2v8T8viO6I9izMIkyHJxcKtgpDMary04kh23s5LxD4QfdQppTRXhgqu2mdYsIYsja2GE9bx%2Fq7xIAnBPXQET4yOmOqJDBPnS6cVYo8jO7GHIylA7OtVi%2Bh4cgfaHK5ycFfmBZV0UZrVVzwOnFJyfy2Cz%2BBz5fUj%2Byt8KJtJxq%2B3vwTfkE4plhTKDmn%2B3FJw8A9fMp2%2FCAEAAA%3D%3D
Y&L Consulting, Inc.; Sr .Net Developer; ; 6/10/26;Open; 6/10/26;; https://www.dice.com/job-detail/19ef48c3-dda4-4865-bdde-e459d420da64?utm_source=iterable&utm_medium=email&utm_campaign=6582207&utm_content=apply_nowhiring&%243p=e_iterable&_branch_match_id=1579909737170103754&_branch_referrer=H4sIAAAAAAAAAzWPzWrEMAyEn8Z7c7K1nTRbCKW07GsYx9Ymav2H4hB66bPXCSzoMPMJzaCllLy%2Bta1DC43JufEYf1qZ35lQMo%2BgsQCZycOlgkQ4YzReb%2BTH5bhk8oOJe51935szw6ZQ7XeauINi0FfzcoOHGqzkzhnF1dB3fHIOOKju5pS4OtMrJu9bCXpNG1lg8utZy0R%2F8AAOt1A5hDPzhNaEbHCOFffdIMT19blIsUAsldeP%2FK%2BOaV%2BQMM6XP4IH0CH1RGlfgcbPhVKAf17gumQIAQAA
OneStream Software LLC; Software Engineer I; 50-75/hr; 6/10/26;Open; 6/10/26;; https://www.dice.com/job-detail/2b6de800-26fd-4f46-970b-a40db6ed34ba
Inmar, Inc.; Principal Engineer, Healthcare; 164-273; 6/10/26;Open; 6/10/26;; https://www.dice.com/job-detail/fac01169-eda3-4aab-91a9-7d320ebda627
Tekniforce; Senior Full Stack .NET Engineer; 120-130k; 6/10/26;Open; 6/10/26;; https://www.dice.com/job-detail/d31d3f70-1189-4184-961f-bac93eeaf6c0
Accion Labs; Fully Remote - Backfill Position - Senior .Net Developer - 12+ months contract; ; 6/10/26;Open; 6/10/26;; https://www.dice.com/job-detail/ee415760-95b8-403a-b87b-d1b5718685ef
Empower Professionals; Remote  .Net Sitefinity Developer; ; 6/10/26;Open; 6/10/26;; https://www.dice.com/job-detail/a44c705a-fb1f-43c8-bdbe-0049cd501b1c
Futuremindz LLC; Dot Net Developer; 60-80k; 6/10/26;Open; 6/10/26;; https://www.dice.com/job-detail/0e639cdf-d1c3-4ce2-a216-59f11220fd10
Verisma; Sr. Software Engineer; 130-140k; 6/10/26;Open; 6/10/26;; https://www.linkedin.com/jobs/view/4414162389/?trk=eml-email_job_alert_digest_01-primary_job_list-0-jobcard_body_1_jobid_4414162389_ssid_15257593108_fmid_mw6pip~mq8hdxsj~ss&refId=KfzQW86U%2BxfbILl9x2%2F15Q%3D%3D&trackingId=V4LID5g6VFuHx%2BN8yI8vKg%3D%3D
Microsoft; Senior Software Engineer; ; 6/10/26;Open; 6/10/26;; https://www.linkedin.com/jobs/view/4426334149/?trk=eml-email_job_alert_digest_01-primary_job_list-0-jobcard_body_4_jobid_4426334149_ssid_15257593108_fmid_mw6pip~mq8hdxsj~ss&refId=KfzQW86U%2BxfbILl9x2%2F15Q%3D%3D&trackingId=OJv%2Fuljltrj4rf6EFdhJMQ%3D%3D
Franki; Senior Backend Engineer; ; 6/10/26;Open; 6/10/26;; https://www.linkedin.com/jobs/view/4426334149/?trk=eml-email_job_alert_digest_01-primary_job_list-0-jobcard_body_4_jobid_4426334149_ssid_15257593108_fmid_mw6pip~mq8hdxsj~ss&refId=KfzQW86U%2BxfbILl9x2%2F15Q%3D%3D&trackingId=OJv%2Fuljltrj4rf6EFdhJMQ%3D%3D
Aspira; Senior Software Engineer .NET; ; 6/10/26;Open; 6/10/26;; https://jobright.ai/jobs/info/6a283a092d6c332ee52e4757?utm_source=1025&imp_id=3673496432511879909__digest_job_alert__1781114286790_6426&utm_medium=email
Gainwell Technologies; .Net/C# Developer; 69-99k; 6/10/26;Open; 6/10/26;; https://jobright.ai/jobs/info/6a1cd0789111f771d1a1666b?utm_source=1025&imp_id=3673496432511879909__digest_job_alert__1781114286790_6426&utm_medium=email
FirstPro 360; Sr. Software Developer; ; 3/10/26;Open; 3/10/26;; https://jobright.ai/jobs/info/6a285f4cfd37e62bb47a8a96?utm_source=1025&imp_id=3673496432511879909__digest_job_alert__1781114286790_6426&utm_medium=email
Kforce Inc (Topeka KS); Senior .NET Developer; 60-70/hr; 6/10/26;Open; 6/10/26;; https://jobright.ai/jobs/info/6a2988ee0c4972328e7e3f5c?utm_source=1025&imp_id=3673496432511879909__digest_job_alert__1781114286790_6426&utm_medium=email

